INFO-FLOW: Workspace /home/ven_903/sobel-update2/scripts/sobel_hls/solution1 opened at Fri Nov 21 00:03:20 UTC 2025
Execute       send_msg_by_id INFO @200-1505@%s%s default  vivado 
INFO: [HLS 200-1505] Using default flow_target 'vivado'
Execute     set_part xcu280-fsvh2892-2L-e 
INFO: [HLS 200-1510] Running: set_part xcu280-fsvh2892-2L-e 
Execute       create_platform xcu280-fsvh2892-2L-e -board  
DBG:HLSDevice: Trying to load device library: /tools/Xilinx/Vitis_HLS/2023.2/lib/lnx64.o/libxv_hlsvwrap.so
DBG:HLSDevice: first parts/arch.xml in RDI_DATADIR: /tools/Xilinx/Vivado/2023.2/data/parts/arch.xml
DBG:HLSDevice: init success
INFO: [HLS 200-1611] Setting target device to 'xcu280-fsvh2892-2L-e'
Command       create_platform done; 0.96 sec.
Execute       source /tools/Xilinx/Vitis_HLS/2023.2/common/technology/xilinx/common/xilinx.gen 
Execute         source /tools/Xilinx/Vitis_HLS/2023.2/common/technology/xilinx/interface/plb46.gen 
Execute         source /tools/Xilinx/Vitis_HLS/2023.2/common/technology/xilinx/interface/axi4.gen 
Execute         source /tools/Xilinx/Vitis_HLS/2023.2/common/technology/xilinx/interface/nativeAXI4.gen 
Execute           source /tools/Xilinx/Vitis_HLS/2023.2/common/technology/xilinx/interface/saxilite.gen 
Execute         source /tools/Xilinx/Vitis_HLS/2023.2/common/technology/xilinx/scripts/xilinxcoregen.gen 
Execute         source /tools/Xilinx/Vitis_HLS/2023.2/common/technology/xilinx/interface/XilEDKCoreGen.gen 
Execute         source /tools/Xilinx/Vitis_HLS/2023.2/common/technology/xilinx/ip/xfft.gen 
Execute         source /tools/Xilinx/Vitis_HLS/2023.2/common/technology/xilinx/ip/util.gen 
Execute         source /tools/Xilinx/Vitis_HLS/2023.2/common/technology/xilinx/ip/dds_compiler.gen 
Execute         source /tools/Xilinx/Vitis_HLS/2023.2/common/technology/xilinx/ip/xfir.gen 
Execute         source /tools/Xilinx/Vitis_HLS/2023.2/common/technology/xilinx/DSP48/dsp48.gen 
Execute       ap_part_info -name xcu280-fsvh2892-2L-e -data info 
Execute       config_compile -quiet -complex-mul-dsp=0 
Command     set_part done; 1.08 sec.
Execute     create_clock -period 3.33 -name default 
INFO: [HLS 200-1510] Running: create_clock -period 3.33 -name default 
Execute       ap_set_clock -name default -period 3.33 -default=false 
INFO: [SYN 201-201] Setting up clock 'default' with a period of 3.33ns.
Execute     csim_design 
INFO: [HLS 200-1510] Running: csim_design 
INFO-FLOW: Running SLX 'csim' proc: ::SLX::run_csim
INFO: [SIM 211-2] *************** CSIM start ***************
INFO: [SIM 211-4] CSIM will launch GCC as the compiler.
Execute       send_msg_by_id ERROR @200-627@ 
ERROR: [HLS 200-627] Cannot find C test bench. Please specify test bench files using 'add_files -tb'.
ERROR: [SIM 211-100] CSim failed with errors.
INFO: [SIM 211-3] *************** CSIM finish ***************
INFO-FLOW: AESL_CSIM::csim_cmd_wrap errorInfo:
4
    while executing
"::AESL_CSIM::csim_cmd_wrap $args"
INFO-FLOW: Caught error in csim_design: 4
    while executing
"ap_internal_csim_design "
Command     csim_design done; error code: 2; 0.11 sec.
INFO: [HLS 200-111] Finished Command csim_design CPU user time: 0.07 seconds. CPU system time: 0.03 seconds. Elapsed time: 0.11 seconds; current allocated memory: 0.000 MB.
Command   ap_source done; error code: 1; 1.29 sec.
Execute   cleanup_all 
INFO-FLOW: Workspace /home/ven_903/sobel-update2/scripts/sobel_hls/solution1 opened at Fri Nov 21 00:06:51 UTC 2025
Execute       ap_set_clock -name default -period 3.33 -default=false 
INFO: [SYN 201-201] Setting up clock 'default' with a period of 3.33ns.
Execute       set_part xcu280-fsvh2892-2L-e 
Execute         create_platform xcu280-fsvh2892-2L-e -board  
DBG:HLSDevice: Trying to load device library: /tools/Xilinx/Vitis_HLS/2023.2/lib/lnx64.o/libxv_hlsvwrap.so
DBG:HLSDevice: first parts/arch.xml in RDI_DATADIR: /tools/Xilinx/Vivado/2023.2/data/parts/arch.xml
DBG:HLSDevice: init success
INFO: [HLS 200-1611] Setting target device to 'xcu280-fsvh2892-2L-e'
Command         create_platform done; 0.86 sec.
Execute         source /tools/Xilinx/Vitis_HLS/2023.2/common/technology/xilinx/common/xilinx.gen 
Execute           source /tools/Xilinx/Vitis_HLS/2023.2/common/technology/xilinx/interface/plb46.gen 
Execute           source /tools/Xilinx/Vitis_HLS/2023.2/common/technology/xilinx/interface/axi4.gen 
Execute           source /tools/Xilinx/Vitis_HLS/2023.2/common/technology/xilinx/interface/nativeAXI4.gen 
Execute             source /tools/Xilinx/Vitis_HLS/2023.2/common/technology/xilinx/interface/saxilite.gen 
Execute           source /tools/Xilinx/Vitis_HLS/2023.2/common/technology/xilinx/scripts/xilinxcoregen.gen 
Execute           source /tools/Xilinx/Vitis_HLS/2023.2/common/technology/xilinx/interface/XilEDKCoreGen.gen 
Execute           source /tools/Xilinx/Vitis_HLS/2023.2/common/technology/xilinx/ip/xfft.gen 
Execute           source /tools/Xilinx/Vitis_HLS/2023.2/common/technology/xilinx/ip/util.gen 
Execute           source /tools/Xilinx/Vitis_HLS/2023.2/common/technology/xilinx/ip/dds_compiler.gen 
Execute           source /tools/Xilinx/Vitis_HLS/2023.2/common/technology/xilinx/ip/xfir.gen 
Execute           source /tools/Xilinx/Vitis_HLS/2023.2/common/technology/xilinx/DSP48/dsp48.gen 
Execute         ap_part_info -name xcu280-fsvh2892-2L-e -data info 
Execute         config_compile -quiet -complex-mul-dsp=0 
Command       set_part done; 0.97 sec.
Execute       send_msg_by_id INFO @200-1505@%s%s  vivado 
INFO: [HLS 200-1505] Using flow_target 'vivado'
Command     open_solution done; 1.06 sec.
Execute     set_part xcu280-fsvh2892-2L-e 
INFO: [HLS 200-1510] Running: set_part xcu280-fsvh2892-2L-e 
Execute       create_platform xcu280-fsvh2892-2L-e -board  
Execute       source /tools/Xilinx/Vitis_HLS/2023.2/common/technology/xilinx/common/xilinx.gen 
Execute         source /tools/Xilinx/Vitis_HLS/2023.2/common/technology/xilinx/interface/plb46.gen 
Execute         source /tools/Xilinx/Vitis_HLS/2023.2/common/technology/xilinx/interface/axi4.gen 
Execute         source /tools/Xilinx/Vitis_HLS/2023.2/common/technology/xilinx/interface/nativeAXI4.gen 
Execute           source /tools/Xilinx/Vitis_HLS/2023.2/common/technology/xilinx/interface/saxilite.gen 
Execute         source /tools/Xilinx/Vitis_HLS/2023.2/common/technology/xilinx/scripts/xilinxcoregen.gen 
Execute         source /tools/Xilinx/Vitis_HLS/2023.2/common/technology/xilinx/interface/XilEDKCoreGen.gen 
Execute         source /tools/Xilinx/Vitis_HLS/2023.2/common/technology/xilinx/ip/xfft.gen 
Execute         source /tools/Xilinx/Vitis_HLS/2023.2/common/technology/xilinx/ip/util.gen 
Execute         source /tools/Xilinx/Vitis_HLS/2023.2/common/technology/xilinx/ip/dds_compiler.gen 
Execute         source /tools/Xilinx/Vitis_HLS/2023.2/common/technology/xilinx/ip/xfir.gen 
Execute         source /tools/Xilinx/Vitis_HLS/2023.2/common/technology/xilinx/DSP48/dsp48.gen 
Execute       ap_part_info -name xcu280-fsvh2892-2L-e -data info 
Execute       config_compile -quiet -complex-mul-dsp=0 
Command     set_part done; 0.16 sec.
Execute     create_clock -period 3.33 -name default 
INFO: [HLS 200-1510] Running: create_clock -period 3.33 -name default 
Execute     csynth_design 
INFO: [HLS 200-1510] Running: csynth_design 
INFO-FLOW: Running SLX 'csynth' proc: ::SLX::run_csynth
Execute       elaborate -effort=medium -skip_syncheck=0 -keep_printf=0 -skip_cdt=0 -skip_transform=0 -ng=0 -g=0 -opt_fp=0 -from_csynth_design=1 
INFO: [HLS 200-111] Finished File checks and directory preparation: CPU user time: 0.06 seconds. CPU system time: 0.01 seconds. Elapsed time: 0.07 seconds; current allocated memory: 300.727 MB.
Execute         set_directive_top sobel_accel -name=sobel_accel 
Execute         source /tools/Xilinx/Vitis_HLS/2023.2/tps/tcl/tcllib1.11.1/yaml/huddle.tcl 
Execute         source /tools/Xilinx/Vitis_HLS/2023.2/tps/tcl/tcllib1.11.1/yaml/json2huddle.tcl 
Execute           source /tools/Xilinx/Vitis_HLS/2023.2/tps/tcl/tcllib1.11.1/try/try.tcl 
INFO: [HLS 200-10] Analyzing design file '../src/sobel.cpp' ... 
INFO-FLOW: Compiling one TU...
INFO-FLOW: Handling ../src/sobel.cpp as C++
Execute         ap_part_info -name xcu280-fsvh2892-2L-e -data info 
INFO-FLOW: Running: GCC PP 39
INFO-FLOW: Source preprocessing
INFO-FLOW: run_clang exec: /tools/Xilinx/Vitis_HLS/2023.2/lnx64/tools/clang-3.9-csynth/bin/clang ../src/sobel.cpp -foptimization-record-file=/home/ven_903/sobel-update2/scripts/sobel_hls/solution1/.autopilot/db/sobel.cpp.clang.diag.yml -mllvm -pass-remarks-missed=reflow|pasta|unroll -mllvm -pass-remarks=reflow|pasta|unroll|inline -fno-limit-debug-info -gcc-toolchain /tools/Xilinx/Vitis_HLS/2023.2/tps/lnx64/gcc-8.3.0 -fhls -fno-exceptions -insert-hls-directive=/home/ven_903/sobel-update2/scripts/sobel_hls/solution1/.autopilot/db/all.directive.json -E -fno-math-errno -c -emit-llvm -mllvm -disable-llvm-optzns -Werror=implicit-function-declaration -Werror=implicit-hls-streams -Werror=return-type -Wpragmas -Wunused-parameter -Wdump-hls-pragmas -Wno-error=dump-hls-pragmas -hls-clock-period=3.33 -fno-threadsafe-statics -fno-use-cxa-atexit -std=gnu++14 -target fpga64-xilinx-linux-gnu -fno-threadsafe-statics -fno-use-cxa-atexit -D__VITIS_HLS__ -DAESL_SYN -D__SYNTHESIS__ -D__HLS_SYN__ -I /tools/Xilinx/Vitis_HLS/2023.2/common/technology/autopilot -I /tools/Xilinx/Vitis_HLS/2023.2/common/technology/autopilot/ap_sysc -include etc/autopilot_ssdm_op.h -D__DSP48E2__ -I /usr/include/x86_64-linux-gnu -o /home/ven_903/sobel-update2/scripts/sobel_hls/solution1/.autopilot/db/sobel.pp.0.cpp -hls-platform-db-name=/tools/Xilinx/Vitis_HLS/2023.2/common/technology/xilinx/common/platform.db -hls-platform-name=virtexuplus_medium -device-resource-info=BRAM_4032.000000_DSP_9024.000000_FF_2607360.000000_LUT_1303680.000000_SLICE_162960.000000_SLR_3.000000_URAM_960.000000 -device-name-info=xcu280-fsvh2892-2L-e > /home/ven_903/sobel-update2/scripts/sobel_hls/solution1/.autopilot/db/sobel.cpp.clang.out.log 2> /home/ven_903/sobel-update2/scripts/sobel_hls/solution1/.autopilot/db/sobel.cpp.clang.err.log
INFO-FLOW: Done: GCC PP 39 time: 3.4 seconds per iteration
INFO-FLOW: Source syntax check for synthesis
INFO-FLOW: run_clang exec: /tools/Xilinx/Vitis_HLS/2023.2/lnx64/tools/clang-3.9-csynth/bin/clang -foptimization-record-file=/home/ven_903/sobel-update2/scripts/sobel_hls/solution1/.autopilot/db/clang.diag.yml -mllvm -pass-remarks-missed=reflow|pasta|unroll -mllvm -pass-remarks=reflow|pasta|unroll|inline -fsyntax-only -fhls -target fpga64-xilinx-linux-gnu /home/ven_903/sobel-update2/scripts/sobel_hls/solution1/.autopilot/db/sobel.pp.0.cpp -hls-platform-db-name=/tools/Xilinx/Vitis_HLS/2023.2/common/technology/xilinx/common/platform.db -hls-platform-name=virtexuplus_medium -device-resource-info=BRAM_4032.000000_DSP_9024.000000_FF_2607360.000000_LUT_1303680.000000_SLICE_162960.000000_SLR_3.000000_URAM_960.000000 -device-name-info=xcu280-fsvh2892-2L-e > /home/ven_903/sobel-update2/scripts/sobel_hls/solution1/.autopilot/db/clang.out.log 2> /home/ven_903/sobel-update2/scripts/sobel_hls/solution1/.autopilot/db/clang.err.log
ERROR: [HLS 207-2359] conditional expression is ambiguous; 'int' can be converted to 'pixel_t' (aka 'ap_uint<8>') and vice versa (../src/sobel.cpp:38:27)
ERROR: [HLS 207-2359] conditional expression is ambiguous; 'int' can be converted to 'pixel_t' (aka 'ap_uint<8>') and vice versa (../src/sobel.cpp:39:38)
ERROR: [HLS 207-3776] use of undeclared identifier 'abs' (../src/sobel.cpp:71:24)
ERROR: [HLS 207-3776] use of undeclared identifier 'abs' (../src/sobel.cpp:71:34)
INFO-FLOW: Error in clang_39_open_source : 
INFO-FLOW: Caught error in elaborate:  
    while executing
"ap_compile_CCPP $srcf $skip_transform CFLAGS $skip_cdt $objdir $is_xip"
    (procedure "AP::ap_compile_one_tu_39" line 53)
    invoked from within
"AP::ap_compile_one_tu_39 $srcfile $skip_transform $dbgInfo $skip_cdt "$cflags""
    ("foreach" body line 10)
    invoked from within
"foreach fentry $dut_files {
        #puts "file: $fentry"
        set fatt [lindex $fentry 1]
        array set opt $fatt
        set srcfile $opt(nam..."
    (procedure "AP::compile_dut_files_39" line 18)
    invoked from within
"AP::compile_dut_files_39 $dut_files $dbgInfo $skip_cdt $skip_transform"
    (procedure "AP::compile" line 105)
    invoked from within
"AP::compile 1 $skip_cdt $skip_transform"
    (procedure "ap_internal_elaborate" line 83)
    invoked from within
"ap_internal_elaborate "
Command       elaborate done; error code: 2; 5.53 sec.
INFO-FLOW: Caught error in csynth_design:  
    while executing
"ap_internal_csynth_design "
Command     csynth_design done; error code: 2; 5.6 sec.
INFO: [HLS 200-111] Finished Command csynth_design CPU user time: 0.8 seconds. CPU system time: 0.34 seconds. Elapsed time: 5.6 seconds; current allocated memory: 0.395 MB.
Command   ap_source done; error code: 1; 6.83 sec.
Execute   cleanup_all 
INFO-FLOW: Workspace /home/ven_903/sobel-update2/scripts/sobel_hls/solution1 opened at Fri Nov 21 00:20:06 UTC 2025
Execute       ap_set_clock -name default -period 3.33 -default=false 
INFO: [SYN 201-201] Setting up clock 'default' with a period of 3.33ns.
Execute       set_part xcu280-fsvh2892-2L-e 
Execute         create_platform xcu280-fsvh2892-2L-e -board  
DBG:HLSDevice: Trying to load device library: /tools/Xilinx/Vitis_HLS/2023.2/lib/lnx64.o/libxv_hlsvwrap.so
DBG:HLSDevice: first parts/arch.xml in RDI_DATADIR: /tools/Xilinx/Vivado/2023.2/data/parts/arch.xml
DBG:HLSDevice: init success
INFO: [HLS 200-1611] Setting target device to 'xcu280-fsvh2892-2L-e'
Command         create_platform done; 0.92 sec.
Execute         source /tools/Xilinx/Vitis_HLS/2023.2/common/technology/xilinx/common/xilinx.gen 
Execute           source /tools/Xilinx/Vitis_HLS/2023.2/common/technology/xilinx/interface/plb46.gen 
Execute           source /tools/Xilinx/Vitis_HLS/2023.2/common/technology/xilinx/interface/axi4.gen 
Execute           source /tools/Xilinx/Vitis_HLS/2023.2/common/technology/xilinx/interface/nativeAXI4.gen 
Execute             source /tools/Xilinx/Vitis_HLS/2023.2/common/technology/xilinx/interface/saxilite.gen 
Execute           source /tools/Xilinx/Vitis_HLS/2023.2/common/technology/xilinx/scripts/xilinxcoregen.gen 
Execute           source /tools/Xilinx/Vitis_HLS/2023.2/common/technology/xilinx/interface/XilEDKCoreGen.gen 
Execute           source /tools/Xilinx/Vitis_HLS/2023.2/common/technology/xilinx/ip/xfft.gen 
Execute           source /tools/Xilinx/Vitis_HLS/2023.2/common/technology/xilinx/ip/util.gen 
Execute           source /tools/Xilinx/Vitis_HLS/2023.2/common/technology/xilinx/ip/dds_compiler.gen 
Execute           source /tools/Xilinx/Vitis_HLS/2023.2/common/technology/xilinx/ip/xfir.gen 
Execute           source /tools/Xilinx/Vitis_HLS/2023.2/common/technology/xilinx/DSP48/dsp48.gen 
Execute         ap_part_info -name xcu280-fsvh2892-2L-e -data info 
Execute         config_compile -quiet -complex-mul-dsp=0 
Command       set_part done; 1.03 sec.
Execute       send_msg_by_id INFO @200-1505@%s%s  vivado 
INFO: [HLS 200-1505] Using flow_target 'vivado'
Command     open_solution done; 1.12 sec.
Execute     set_part xcu280-fsvh2892-2L-e 
INFO: [HLS 200-1510] Running: set_part xcu280-fsvh2892-2L-e 
Execute       create_platform xcu280-fsvh2892-2L-e -board  
Execute       source /tools/Xilinx/Vitis_HLS/2023.2/common/technology/xilinx/common/xilinx.gen 
Execute         source /tools/Xilinx/Vitis_HLS/2023.2/common/technology/xilinx/interface/plb46.gen 
Execute         source /tools/Xilinx/Vitis_HLS/2023.2/common/technology/xilinx/interface/axi4.gen 
Execute         source /tools/Xilinx/Vitis_HLS/2023.2/common/technology/xilinx/interface/nativeAXI4.gen 
Execute           source /tools/Xilinx/Vitis_HLS/2023.2/common/technology/xilinx/interface/saxilite.gen 
Execute         source /tools/Xilinx/Vitis_HLS/2023.2/common/technology/xilinx/scripts/xilinxcoregen.gen 
Execute         source /tools/Xilinx/Vitis_HLS/2023.2/common/technology/xilinx/interface/XilEDKCoreGen.gen 
Execute         source /tools/Xilinx/Vitis_HLS/2023.2/common/technology/xilinx/ip/xfft.gen 
Execute         source /tools/Xilinx/Vitis_HLS/2023.2/common/technology/xilinx/ip/util.gen 
Execute         source /tools/Xilinx/Vitis_HLS/2023.2/common/technology/xilinx/ip/dds_compiler.gen 
Execute         source /tools/Xilinx/Vitis_HLS/2023.2/common/technology/xilinx/ip/xfir.gen 
Execute         source /tools/Xilinx/Vitis_HLS/2023.2/common/technology/xilinx/DSP48/dsp48.gen 
Execute       ap_part_info -name xcu280-fsvh2892-2L-e -data info 
Execute       config_compile -quiet -complex-mul-dsp=0 
Command     set_part done; 0.17 sec.
Execute     create_clock -period 3.33 -name default 
INFO: [HLS 200-1510] Running: create_clock -period 3.33 -name default 
Execute     csynth_design 
INFO: [HLS 200-1510] Running: csynth_design 
INFO-FLOW: Running SLX 'csynth' proc: ::SLX::run_csynth
Execute       elaborate -effort=medium -skip_syncheck=0 -keep_printf=0 -skip_cdt=0 -skip_transform=0 -ng=0 -g=0 -opt_fp=0 -from_csynth_design=1 
INFO: [HLS 200-111] Finished File checks and directory preparation: CPU user time: 0.05 seconds. CPU system time: 0.02 seconds. Elapsed time: 0.08 seconds; current allocated memory: 300.727 MB.
Execute         set_directive_top sobel_accel -name=sobel_accel 
Execute         source /tools/Xilinx/Vitis_HLS/2023.2/tps/tcl/tcllib1.11.1/yaml/huddle.tcl 
Execute         source /tools/Xilinx/Vitis_HLS/2023.2/tps/tcl/tcllib1.11.1/yaml/json2huddle.tcl 
Execute           source /tools/Xilinx/Vitis_HLS/2023.2/tps/tcl/tcllib1.11.1/try/try.tcl 
INFO: [HLS 200-10] Analyzing design file '../src/sobel.cpp' ... 
INFO-FLOW: Compiling one TU...
INFO-FLOW: Handling ../src/sobel.cpp as C++
Execute         ap_part_info -name xcu280-fsvh2892-2L-e -data info 
INFO-FLOW: Running: GCC PP 39
INFO-FLOW: Source preprocessing
INFO-FLOW: run_clang exec: /tools/Xilinx/Vitis_HLS/2023.2/lnx64/tools/clang-3.9-csynth/bin/clang ../src/sobel.cpp -foptimization-record-file=/home/ven_903/sobel-update2/scripts/sobel_hls/solution1/.autopilot/db/sobel.cpp.clang.diag.yml -mllvm -pass-remarks-missed=reflow|pasta|unroll -mllvm -pass-remarks=reflow|pasta|unroll|inline -fno-limit-debug-info -gcc-toolchain /tools/Xilinx/Vitis_HLS/2023.2/tps/lnx64/gcc-8.3.0 -fhls -fno-exceptions -insert-hls-directive=/home/ven_903/sobel-update2/scripts/sobel_hls/solution1/.autopilot/db/all.directive.json -E -fno-math-errno -c -emit-llvm -mllvm -disable-llvm-optzns -Werror=implicit-function-declaration -Werror=implicit-hls-streams -Werror=return-type -Wpragmas -Wunused-parameter -Wdump-hls-pragmas -Wno-error=dump-hls-pragmas -hls-clock-period=3.33 -fno-threadsafe-statics -fno-use-cxa-atexit -std=gnu++14 -target fpga64-xilinx-linux-gnu -fno-threadsafe-statics -fno-use-cxa-atexit -D__VITIS_HLS__ -DAESL_SYN -D__SYNTHESIS__ -D__HLS_SYN__ -I /tools/Xilinx/Vitis_HLS/2023.2/common/technology/autopilot -I /tools/Xilinx/Vitis_HLS/2023.2/common/technology/autopilot/ap_sysc -include etc/autopilot_ssdm_op.h -D__DSP48E2__ -I /usr/include/x86_64-linux-gnu -o /home/ven_903/sobel-update2/scripts/sobel_hls/solution1/.autopilot/db/sobel.pp.0.cpp -hls-platform-db-name=/tools/Xilinx/Vitis_HLS/2023.2/common/technology/xilinx/common/platform.db -hls-platform-name=virtexuplus_medium -device-resource-info=BRAM_4032.000000_DSP_9024.000000_FF_2607360.000000_LUT_1303680.000000_SLICE_162960.000000_SLR_3.000000_URAM_960.000000 -device-name-info=xcu280-fsvh2892-2L-e > /home/ven_903/sobel-update2/scripts/sobel_hls/solution1/.autopilot/db/sobel.cpp.clang.out.log 2> /home/ven_903/sobel-update2/scripts/sobel_hls/solution1/.autopilot/db/sobel.cpp.clang.err.log
INFO-FLOW: Done: GCC PP 39 time: 0.2 seconds per iteration
INFO-FLOW: Source syntax check for synthesis
INFO-FLOW: run_clang exec: /tools/Xilinx/Vitis_HLS/2023.2/lnx64/tools/clang-3.9-csynth/bin/clang -foptimization-record-file=/home/ven_903/sobel-update2/scripts/sobel_hls/solution1/.autopilot/db/clang.diag.yml -mllvm -pass-remarks-missed=reflow|pasta|unroll -mllvm -pass-remarks=reflow|pasta|unroll|inline -fsyntax-only -fhls -target fpga64-xilinx-linux-gnu /home/ven_903/sobel-update2/scripts/sobel_hls/solution1/.autopilot/db/sobel.pp.0.cpp -hls-platform-db-name=/tools/Xilinx/Vitis_HLS/2023.2/common/technology/xilinx/common/platform.db -hls-platform-name=virtexuplus_medium -device-resource-info=BRAM_4032.000000_DSP_9024.000000_FF_2607360.000000_LUT_1303680.000000_SLICE_162960.000000_SLR_3.000000_URAM_960.000000 -device-name-info=xcu280-fsvh2892-2L-e > /home/ven_903/sobel-update2/scripts/sobel_hls/solution1/.autopilot/db/clang.out.log 2> /home/ven_903/sobel-update2/scripts/sobel_hls/solution1/.autopilot/db/clang.err.log
ERROR: [HLS 207-2359] conditional expression is ambiguous; 'int' can be converted to 'pixel_t' (aka 'ap_uint<8>') and vice versa (../src/sobel.cpp:38:27)
ERROR: [HLS 207-2359] conditional expression is ambiguous; 'int' can be converted to 'pixel_t' (aka 'ap_uint<8>') and vice versa (../src/sobel.cpp:39:38)
ERROR: [HLS 207-2972] no member named 'abs' in namespace 'hls' (../src/sobel.cpp:71:28)
ERROR: [HLS 207-2972] no member named 'abs' in namespace 'hls' (../src/sobel.cpp:71:43)
INFO-FLOW: Error in clang_39_open_source : 
INFO-FLOW: Caught error in elaborate:  
    while executing
"ap_compile_CCPP $srcf $skip_transform CFLAGS $skip_cdt $objdir $is_xip"
    (procedure "AP::ap_compile_one_tu_39" line 53)
    invoked from within
"AP::ap_compile_one_tu_39 $srcfile $skip_transform $dbgInfo $skip_cdt "$cflags""
    ("foreach" body line 10)
    invoked from within
"foreach fentry $dut_files {
        #puts "file: $fentry"
        set fatt [lindex $fentry 1]
        array set opt $fatt
        set srcfile $opt(nam..."
    (procedure "AP::compile_dut_files_39" line 18)
    invoked from within
"AP::compile_dut_files_39 $dut_files $dbgInfo $skip_cdt $skip_transform"
    (procedure "AP::compile" line 105)
    invoked from within
"AP::compile 1 $skip_cdt $skip_transform"
    (procedure "ap_internal_elaborate" line 83)
    invoked from within
"ap_internal_elaborate "
Command       elaborate done; error code: 2; 0.86 sec.
INFO-FLOW: Caught error in csynth_design:  
    while executing
"ap_internal_csynth_design "
Command     csynth_design done; error code: 2; 0.93 sec.
INFO: [HLS 200-111] Finished Command csynth_design CPU user time: 0.6 seconds. CPU system time: 0.27 seconds. Elapsed time: 0.93 seconds; current allocated memory: 0.430 MB.
Command   ap_source done; error code: 1; 2.23 sec.
Execute   cleanup_all 
INFO-FLOW: Workspace /home/ven_903/sobel-update2/scripts/sobel_hls/solution1 opened at Fri Nov 21 00:34:44 UTC 2025
Execute       ap_set_clock -name default -period 3.33 -default=false 
INFO: [SYN 201-201] Setting up clock 'default' with a period of 3.33ns.
Execute       set_part xcu280-fsvh2892-2L-e 
Execute         create_platform xcu280-fsvh2892-2L-e -board  
DBG:HLSDevice: Trying to load device library: /tools/Xilinx/Vitis_HLS/2023.2/lib/lnx64.o/libxv_hlsvwrap.so
DBG:HLSDevice: first parts/arch.xml in RDI_DATADIR: /tools/Xilinx/Vivado/2023.2/data/parts/arch.xml
DBG:HLSDevice: init success
INFO: [HLS 200-1611] Setting target device to 'xcu280-fsvh2892-2L-e'
Command         create_platform done; 0.96 sec.
Execute         source /tools/Xilinx/Vitis_HLS/2023.2/common/technology/xilinx/common/xilinx.gen 
Execute           source /tools/Xilinx/Vitis_HLS/2023.2/common/technology/xilinx/interface/plb46.gen 
Execute           source /tools/Xilinx/Vitis_HLS/2023.2/common/technology/xilinx/interface/axi4.gen 
Execute           source /tools/Xilinx/Vitis_HLS/2023.2/common/technology/xilinx/interface/nativeAXI4.gen 
Execute             source /tools/Xilinx/Vitis_HLS/2023.2/common/technology/xilinx/interface/saxilite.gen 
Execute           source /tools/Xilinx/Vitis_HLS/2023.2/common/technology/xilinx/scripts/xilinxcoregen.gen 
Execute           source /tools/Xilinx/Vitis_HLS/2023.2/common/technology/xilinx/interface/XilEDKCoreGen.gen 
Execute           source /tools/Xilinx/Vitis_HLS/2023.2/common/technology/xilinx/ip/xfft.gen 
Execute           source /tools/Xilinx/Vitis_HLS/2023.2/common/technology/xilinx/ip/util.gen 
Execute           source /tools/Xilinx/Vitis_HLS/2023.2/common/technology/xilinx/ip/dds_compiler.gen 
Execute           source /tools/Xilinx/Vitis_HLS/2023.2/common/technology/xilinx/ip/xfir.gen 
Execute           source /tools/Xilinx/Vitis_HLS/2023.2/common/technology/xilinx/DSP48/dsp48.gen 
Command         ap_source done; 0.11 sec.
Execute         ap_part_info -name xcu280-fsvh2892-2L-e -data info 
Execute         config_compile -quiet -complex-mul-dsp=0 
Command       set_part done; 1.08 sec.
Execute       send_msg_by_id INFO @200-1505@%s%s  vivado 
INFO: [HLS 200-1505] Using flow_target 'vivado'
Command     open_solution done; 1.17 sec.
Execute     set_part xcu280-fsvh2892-2L-e 
INFO: [HLS 200-1510] Running: set_part xcu280-fsvh2892-2L-e 
Execute       create_platform xcu280-fsvh2892-2L-e -board  
Execute       source /tools/Xilinx/Vitis_HLS/2023.2/common/technology/xilinx/common/xilinx.gen 
Execute         source /tools/Xilinx/Vitis_HLS/2023.2/common/technology/xilinx/interface/plb46.gen 
Execute         source /tools/Xilinx/Vitis_HLS/2023.2/common/technology/xilinx/interface/axi4.gen 
Execute         source /tools/Xilinx/Vitis_HLS/2023.2/common/technology/xilinx/interface/nativeAXI4.gen 
Execute           source /tools/Xilinx/Vitis_HLS/2023.2/common/technology/xilinx/interface/saxilite.gen 
Execute         source /tools/Xilinx/Vitis_HLS/2023.2/common/technology/xilinx/scripts/xilinxcoregen.gen 
Execute         source /tools/Xilinx/Vitis_HLS/2023.2/common/technology/xilinx/interface/XilEDKCoreGen.gen 
Execute         source /tools/Xilinx/Vitis_HLS/2023.2/common/technology/xilinx/ip/xfft.gen 
Execute         source /tools/Xilinx/Vitis_HLS/2023.2/common/technology/xilinx/ip/util.gen 
Execute         source /tools/Xilinx/Vitis_HLS/2023.2/common/technology/xilinx/ip/dds_compiler.gen 
Execute         source /tools/Xilinx/Vitis_HLS/2023.2/common/technology/xilinx/ip/xfir.gen 
Execute         source /tools/Xilinx/Vitis_HLS/2023.2/common/technology/xilinx/DSP48/dsp48.gen 
Execute       ap_part_info -name xcu280-fsvh2892-2L-e -data info 
Execute       config_compile -quiet -complex-mul-dsp=0 
Command     set_part done; 0.19 sec.
Execute     create_clock -period 3.33 -name default 
INFO: [HLS 200-1510] Running: create_clock -period 3.33 -name default 
Execute     csynth_design 
INFO: [HLS 200-1510] Running: csynth_design 
INFO-FLOW: Running SLX 'csynth' proc: ::SLX::run_csynth
Execute       elaborate -effort=medium -skip_syncheck=0 -keep_printf=0 -skip_cdt=0 -skip_transform=0 -ng=0 -g=0 -opt_fp=0 -from_csynth_design=1 
INFO: [HLS 200-111] Finished File checks and directory preparation: CPU user time: 0.07 seconds. CPU system time: 0.01 seconds. Elapsed time: 0.08 seconds; current allocated memory: 300.727 MB.
Execute         set_directive_top sobel_accel -name=sobel_accel 
Execute         source /tools/Xilinx/Vitis_HLS/2023.2/tps/tcl/tcllib1.11.1/yaml/huddle.tcl 
Execute         source /tools/Xilinx/Vitis_HLS/2023.2/tps/tcl/tcllib1.11.1/yaml/json2huddle.tcl 
Execute           source /tools/Xilinx/Vitis_HLS/2023.2/tps/tcl/tcllib1.11.1/try/try.tcl 
INFO: [HLS 200-10] Analyzing design file '../src/sobel.cpp' ... 
INFO-FLOW: Compiling one TU...
INFO-FLOW: Handling ../src/sobel.cpp as C++
Execute         ap_part_info -name xcu280-fsvh2892-2L-e -data info 
INFO-FLOW: Running: GCC PP 39
INFO-FLOW: Source preprocessing
INFO-FLOW: run_clang exec: /tools/Xilinx/Vitis_HLS/2023.2/lnx64/tools/clang-3.9-csynth/bin/clang ../src/sobel.cpp -foptimization-record-file=/home/ven_903/sobel-update2/scripts/sobel_hls/solution1/.autopilot/db/sobel.cpp.clang.diag.yml -mllvm -pass-remarks-missed=reflow|pasta|unroll -mllvm -pass-remarks=reflow|pasta|unroll|inline -fno-limit-debug-info -gcc-toolchain /tools/Xilinx/Vitis_HLS/2023.2/tps/lnx64/gcc-8.3.0 -fhls -fno-exceptions -insert-hls-directive=/home/ven_903/sobel-update2/scripts/sobel_hls/solution1/.autopilot/db/all.directive.json -E -fno-math-errno -c -emit-llvm -mllvm -disable-llvm-optzns -Werror=implicit-function-declaration -Werror=implicit-hls-streams -Werror=return-type -Wpragmas -Wunused-parameter -Wdump-hls-pragmas -Wno-error=dump-hls-pragmas -hls-clock-period=3.33 -fno-threadsafe-statics -fno-use-cxa-atexit -std=gnu++14 -target fpga64-xilinx-linux-gnu -fno-threadsafe-statics -fno-use-cxa-atexit -D__VITIS_HLS__ -DAESL_SYN -D__SYNTHESIS__ -D__HLS_SYN__ -I /tools/Xilinx/Vitis_HLS/2023.2/common/technology/autopilot -I /tools/Xilinx/Vitis_HLS/2023.2/common/technology/autopilot/ap_sysc -include etc/autopilot_ssdm_op.h -D__DSP48E2__ -I /usr/include/x86_64-linux-gnu -o /home/ven_903/sobel-update2/scripts/sobel_hls/solution1/.autopilot/db/sobel.pp.0.cpp -hls-platform-db-name=/tools/Xilinx/Vitis_HLS/2023.2/common/technology/xilinx/common/platform.db -hls-platform-name=virtexuplus_medium -device-resource-info=BRAM_4032.000000_DSP_9024.000000_FF_2607360.000000_LUT_1303680.000000_SLICE_162960.000000_SLR_3.000000_URAM_960.000000 -device-name-info=xcu280-fsvh2892-2L-e > /home/ven_903/sobel-update2/scripts/sobel_hls/solution1/.autopilot/db/sobel.cpp.clang.out.log 2> /home/ven_903/sobel-update2/scripts/sobel_hls/solution1/.autopilot/db/sobel.cpp.clang.err.log
INFO-FLOW: Done: GCC PP 39 time: 0.7 seconds per iteration
INFO-FLOW: Source syntax check for synthesis
INFO-FLOW: run_clang exec: /tools/Xilinx/Vitis_HLS/2023.2/lnx64/tools/clang-3.9-csynth/bin/clang -foptimization-record-file=/home/ven_903/sobel-update2/scripts/sobel_hls/solution1/.autopilot/db/clang.diag.yml -mllvm -pass-remarks-missed=reflow|pasta|unroll -mllvm -pass-remarks=reflow|pasta|unroll|inline -fsyntax-only -fhls -target fpga64-xilinx-linux-gnu /home/ven_903/sobel-update2/scripts/sobel_hls/solution1/.autopilot/db/sobel.pp.0.cpp -hls-platform-db-name=/tools/Xilinx/Vitis_HLS/2023.2/common/technology/xilinx/common/platform.db -hls-platform-name=virtexuplus_medium -device-resource-info=BRAM_4032.000000_DSP_9024.000000_FF_2607360.000000_LUT_1303680.000000_SLICE_162960.000000_SLR_3.000000_URAM_960.000000 -device-name-info=xcu280-fsvh2892-2L-e > /home/ven_903/sobel-update2/scripts/sobel_hls/solution1/.autopilot/db/clang.out.log 2> /home/ven_903/sobel-update2/scripts/sobel_hls/solution1/.autopilot/db/clang.err.log
ERROR: [HLS 207-2359] conditional expression is ambiguous; 'int' can be converted to 'pixel_t' (aka 'ap_uint<8>') and vice versa (../src/sobel.cpp:38:27)
ERROR: [HLS 207-2359] conditional expression is ambiguous; 'int' can be converted to 'pixel_t' (aka 'ap_uint<8>') and vice versa (../src/sobel.cpp:39:38)
INFO-FLOW: Error in clang_39_open_source : 
INFO-FLOW: Caught error in elaborate:  
    while executing
"ap_compile_CCPP $srcf $skip_transform CFLAGS $skip_cdt $objdir $is_xip"
    (procedure "AP::ap_compile_one_tu_39" line 53)
    invoked from within
"AP::ap_compile_one_tu_39 $srcfile $skip_transform $dbgInfo $skip_cdt "$cflags""
    ("foreach" body line 10)
    invoked from within
"foreach fentry $dut_files {
        #puts "file: $fentry"
        set fatt [lindex $fentry 1]
        array set opt $fatt
        set srcfile $opt(nam..."
    (procedure "AP::compile_dut_files_39" line 18)
    invoked from within
"AP::compile_dut_files_39 $dut_files $dbgInfo $skip_cdt $skip_transform"
    (procedure "AP::compile" line 105)
    invoked from within
"AP::compile 1 $skip_cdt $skip_transform"
    (procedure "ap_internal_elaborate" line 83)
    invoked from within
"ap_internal_elaborate "
Command       elaborate done; error code: 2; 4.08 sec.
INFO-FLOW: Caught error in csynth_design:  
    while executing
"ap_internal_csynth_design "
Command     csynth_design done; error code: 2; 4.16 sec.
INFO: [HLS 200-111] Finished Command csynth_design CPU user time: 3.1 seconds. CPU system time: 0.52 seconds. Elapsed time: 4.16 seconds; current allocated memory: 0.426 MB.
Command   ap_source done; error code: 1; 5.53 sec.
Execute   cleanup_all 
INFO-FLOW: Workspace /home/ven_903/sobel-update2/scripts/sobel_hls/solution1 opened at Fri Nov 21 00:38:37 UTC 2025
Execute       ap_set_clock -name default -period 3.33 -default=false 
INFO: [SYN 201-201] Setting up clock 'default' with a period of 3.33ns.
Execute       set_part xcu280-fsvh2892-2L-e 
Execute         create_platform xcu280-fsvh2892-2L-e -board  
DBG:HLSDevice: Trying to load device library: /tools/Xilinx/Vitis_HLS/2023.2/lib/lnx64.o/libxv_hlsvwrap.so
DBG:HLSDevice: first parts/arch.xml in RDI_DATADIR: /tools/Xilinx/Vivado/2023.2/data/parts/arch.xml
DBG:HLSDevice: init success
INFO: [HLS 200-1611] Setting target device to 'xcu280-fsvh2892-2L-e'
Command         create_platform done; 0.92 sec.
Execute         source /tools/Xilinx/Vitis_HLS/2023.2/common/technology/xilinx/common/xilinx.gen 
Execute           source /tools/Xilinx/Vitis_HLS/2023.2/common/technology/xilinx/interface/plb46.gen 
Execute           source /tools/Xilinx/Vitis_HLS/2023.2/common/technology/xilinx/interface/axi4.gen 
Execute           source /tools/Xilinx/Vitis_HLS/2023.2/common/technology/xilinx/interface/nativeAXI4.gen 
Execute             source /tools/Xilinx/Vitis_HLS/2023.2/common/technology/xilinx/interface/saxilite.gen 
Execute           source /tools/Xilinx/Vitis_HLS/2023.2/common/technology/xilinx/scripts/xilinxcoregen.gen 
Execute           source /tools/Xilinx/Vitis_HLS/2023.2/common/technology/xilinx/interface/XilEDKCoreGen.gen 
Execute           source /tools/Xilinx/Vitis_HLS/2023.2/common/technology/xilinx/ip/xfft.gen 
Execute           source /tools/Xilinx/Vitis_HLS/2023.2/common/technology/xilinx/ip/util.gen 
Execute           source /tools/Xilinx/Vitis_HLS/2023.2/common/technology/xilinx/ip/dds_compiler.gen 
Execute           source /tools/Xilinx/Vitis_HLS/2023.2/common/technology/xilinx/ip/xfir.gen 
Execute           source /tools/Xilinx/Vitis_HLS/2023.2/common/technology/xilinx/DSP48/dsp48.gen 
Execute         ap_part_info -name xcu280-fsvh2892-2L-e -data info 
Execute         config_compile -quiet -complex-mul-dsp=0 
Command       set_part done; 1.04 sec.
Execute       send_msg_by_id INFO @200-1505@%s%s  vivado 
INFO: [HLS 200-1505] Using flow_target 'vivado'
Command     open_solution done; 1.11 sec.
Execute     set_part xcu280-fsvh2892-2L-e 
INFO: [HLS 200-1510] Running: set_part xcu280-fsvh2892-2L-e 
Execute       create_platform xcu280-fsvh2892-2L-e -board  
Execute       source /tools/Xilinx/Vitis_HLS/2023.2/common/technology/xilinx/common/xilinx.gen 
Execute         source /tools/Xilinx/Vitis_HLS/2023.2/common/technology/xilinx/interface/plb46.gen 
Execute         source /tools/Xilinx/Vitis_HLS/2023.2/common/technology/xilinx/interface/axi4.gen 
Execute         source /tools/Xilinx/Vitis_HLS/2023.2/common/technology/xilinx/interface/nativeAXI4.gen 
Execute           source /tools/Xilinx/Vitis_HLS/2023.2/common/technology/xilinx/interface/saxilite.gen 
Execute         source /tools/Xilinx/Vitis_HLS/2023.2/common/technology/xilinx/scripts/xilinxcoregen.gen 
Execute         source /tools/Xilinx/Vitis_HLS/2023.2/common/technology/xilinx/interface/XilEDKCoreGen.gen 
Execute         source /tools/Xilinx/Vitis_HLS/2023.2/common/technology/xilinx/ip/xfft.gen 
Execute         source /tools/Xilinx/Vitis_HLS/2023.2/common/technology/xilinx/ip/util.gen 
Execute         source /tools/Xilinx/Vitis_HLS/2023.2/common/technology/xilinx/ip/dds_compiler.gen 
Execute         source /tools/Xilinx/Vitis_HLS/2023.2/common/technology/xilinx/ip/xfir.gen 
Execute         source /tools/Xilinx/Vitis_HLS/2023.2/common/technology/xilinx/DSP48/dsp48.gen 
Execute       ap_part_info -name xcu280-fsvh2892-2L-e -data info 
Execute       config_compile -quiet -complex-mul-dsp=0 
Command     set_part done; 0.16 sec.
Execute     create_clock -period 3.33 -name default 
INFO: [HLS 200-1510] Running: create_clock -period 3.33 -name default 
Execute     csynth_design 
INFO: [HLS 200-1510] Running: csynth_design 
INFO-FLOW: Running SLX 'csynth' proc: ::SLX::run_csynth
Execute       elaborate -effort=medium -skip_syncheck=0 -keep_printf=0 -skip_cdt=0 -skip_transform=0 -ng=0 -g=0 -opt_fp=0 -from_csynth_design=1 
INFO: [HLS 200-111] Finished File checks and directory preparation: CPU user time: 0.06 seconds. CPU system time: 0.02 seconds. Elapsed time: 0.08 seconds; current allocated memory: 300.727 MB.
Execute         set_directive_top sobel_accel -name=sobel_accel 
Execute         source /tools/Xilinx/Vitis_HLS/2023.2/tps/tcl/tcllib1.11.1/yaml/huddle.tcl 
Execute         source /tools/Xilinx/Vitis_HLS/2023.2/tps/tcl/tcllib1.11.1/yaml/json2huddle.tcl 
Execute           source /tools/Xilinx/Vitis_HLS/2023.2/tps/tcl/tcllib1.11.1/try/try.tcl 
INFO: [HLS 200-10] Analyzing design file '../src/sobel.cpp' ... 
INFO-FLOW: Compiling one TU...
INFO-FLOW: Handling ../src/sobel.cpp as C++
Execute         ap_part_info -name xcu280-fsvh2892-2L-e -data info 
INFO-FLOW: Running: GCC PP 39
INFO-FLOW: Source preprocessing
INFO-FLOW: run_clang exec: /tools/Xilinx/Vitis_HLS/2023.2/lnx64/tools/clang-3.9-csynth/bin/clang ../src/sobel.cpp -foptimization-record-file=/home/ven_903/sobel-update2/scripts/sobel_hls/solution1/.autopilot/db/sobel.cpp.clang.diag.yml -mllvm -pass-remarks-missed=reflow|pasta|unroll -mllvm -pass-remarks=reflow|pasta|unroll|inline -fno-limit-debug-info -gcc-toolchain /tools/Xilinx/Vitis_HLS/2023.2/tps/lnx64/gcc-8.3.0 -fhls -fno-exceptions -insert-hls-directive=/home/ven_903/sobel-update2/scripts/sobel_hls/solution1/.autopilot/db/all.directive.json -E -fno-math-errno -c -emit-llvm -mllvm -disable-llvm-optzns -Werror=implicit-function-declaration -Werror=implicit-hls-streams -Werror=return-type -Wpragmas -Wunused-parameter -Wdump-hls-pragmas -Wno-error=dump-hls-pragmas -hls-clock-period=3.33 -fno-threadsafe-statics -fno-use-cxa-atexit -std=gnu++14 -target fpga64-xilinx-linux-gnu -fno-threadsafe-statics -fno-use-cxa-atexit -D__VITIS_HLS__ -DAESL_SYN -D__SYNTHESIS__ -D__HLS_SYN__ -I /tools/Xilinx/Vitis_HLS/2023.2/common/technology/autopilot -I /tools/Xilinx/Vitis_HLS/2023.2/common/technology/autopilot/ap_sysc -include etc/autopilot_ssdm_op.h -D__DSP48E2__ -I /usr/include/x86_64-linux-gnu -o /home/ven_903/sobel-update2/scripts/sobel_hls/solution1/.autopilot/db/sobel.pp.0.cpp -hls-platform-db-name=/tools/Xilinx/Vitis_HLS/2023.2/common/technology/xilinx/common/platform.db -hls-platform-name=virtexuplus_medium -device-resource-info=BRAM_4032.000000_DSP_9024.000000_FF_2607360.000000_LUT_1303680.000000_SLICE_162960.000000_SLR_3.000000_URAM_960.000000 -device-name-info=xcu280-fsvh2892-2L-e > /home/ven_903/sobel-update2/scripts/sobel_hls/solution1/.autopilot/db/sobel.cpp.clang.out.log 2> /home/ven_903/sobel-update2/scripts/sobel_hls/solution1/.autopilot/db/sobel.cpp.clang.err.log
INFO-FLOW: Done: GCC PP 39 time: 0.2 seconds per iteration
INFO-FLOW: Source syntax check for synthesis
INFO-FLOW: run_clang exec: /tools/Xilinx/Vitis_HLS/2023.2/lnx64/tools/clang-3.9-csynth/bin/clang -foptimization-record-file=/home/ven_903/sobel-update2/scripts/sobel_hls/solution1/.autopilot/db/clang.diag.yml -mllvm -pass-remarks-missed=reflow|pasta|unroll -mllvm -pass-remarks=reflow|pasta|unroll|inline -fsyntax-only -fhls -target fpga64-xilinx-linux-gnu /home/ven_903/sobel-update2/scripts/sobel_hls/solution1/.autopilot/db/sobel.pp.0.cpp -hls-platform-db-name=/tools/Xilinx/Vitis_HLS/2023.2/common/technology/xilinx/common/platform.db -hls-platform-name=virtexuplus_medium -device-resource-info=BRAM_4032.000000_DSP_9024.000000_FF_2607360.000000_LUT_1303680.000000_SLICE_162960.000000_SLR_3.000000_URAM_960.000000 -device-name-info=xcu280-fsvh2892-2L-e > /home/ven_903/sobel-update2/scripts/sobel_hls/solution1/.autopilot/db/clang.out.log 2> /home/ven_903/sobel-update2/scripts/sobel_hls/solution1/.autopilot/db/clang.err.log
ERROR: [HLS 207-2359] conditional expression is ambiguous; 'int' can be converted to 'pixel_t' (aka 'ap_uint<8>') and vice versa (../src/sobel.cpp:37:27)
ERROR: [HLS 207-2359] conditional expression is ambiguous; 'int' can be converted to 'pixel_t' (aka 'ap_uint<8>') and vice versa (../src/sobel.cpp:38:38)
INFO-FLOW: Error in clang_39_open_source : 
INFO-FLOW: Caught error in elaborate:  
    while executing
"ap_compile_CCPP $srcf $skip_transform CFLAGS $skip_cdt $objdir $is_xip"
    (procedure "AP::ap_compile_one_tu_39" line 53)
    invoked from within
"AP::ap_compile_one_tu_39 $srcfile $skip_transform $dbgInfo $skip_cdt "$cflags""
    ("foreach" body line 10)
    invoked from within
"foreach fentry $dut_files {
        #puts "file: $fentry"
        set fatt [lindex $fentry 1]
        array set opt $fatt
        set srcfile $opt(nam..."
    (procedure "AP::compile_dut_files_39" line 18)
    invoked from within
"AP::compile_dut_files_39 $dut_files $dbgInfo $skip_cdt $skip_transform"
    (procedure "AP::compile" line 105)
    invoked from within
"AP::compile 1 $skip_cdt $skip_transform"
    (procedure "ap_internal_elaborate" line 83)
    invoked from within
"ap_internal_elaborate "
Command       elaborate done; error code: 2; 0.86 sec.
INFO-FLOW: Caught error in csynth_design:  
    while executing
"ap_internal_csynth_design "
Command     csynth_design done; error code: 2; 0.94 sec.
INFO: [HLS 200-111] Finished Command csynth_design CPU user time: 0.64 seconds. CPU system time: 0.26 seconds. Elapsed time: 0.94 seconds; current allocated memory: 0.426 MB.
Command   ap_source done; error code: 1; 2.22 sec.
Execute   cleanup_all 
INFO-FLOW: Workspace /home/ven_903/sobel-update2/scripts/sobel_hls/solution1 opened at Fri Nov 21 00:46:11 UTC 2025
Execute       ap_set_clock -name default -period 3.33 -default=false 
INFO: [SYN 201-201] Setting up clock 'default' with a period of 3.33ns.
Execute       set_part xcu280-fsvh2892-2L-e 
Execute         create_platform xcu280-fsvh2892-2L-e -board  
DBG:HLSDevice: Trying to load device library: /tools/Xilinx/Vitis_HLS/2023.2/lib/lnx64.o/libxv_hlsvwrap.so
DBG:HLSDevice: first parts/arch.xml in RDI_DATADIR: /tools/Xilinx/Vivado/2023.2/data/parts/arch.xml
DBG:HLSDevice: init success
INFO: [HLS 200-1611] Setting target device to 'xcu280-fsvh2892-2L-e'
Command         create_platform done; 0.93 sec.
Execute         source /tools/Xilinx/Vitis_HLS/2023.2/common/technology/xilinx/common/xilinx.gen 
Execute           source /tools/Xilinx/Vitis_HLS/2023.2/common/technology/xilinx/interface/plb46.gen 
Execute           source /tools/Xilinx/Vitis_HLS/2023.2/common/technology/xilinx/interface/axi4.gen 
Execute           source /tools/Xilinx/Vitis_HLS/2023.2/common/technology/xilinx/interface/nativeAXI4.gen 
Execute             source /tools/Xilinx/Vitis_HLS/2023.2/common/technology/xilinx/interface/saxilite.gen 
Execute           source /tools/Xilinx/Vitis_HLS/2023.2/common/technology/xilinx/scripts/xilinxcoregen.gen 
Execute           source /tools/Xilinx/Vitis_HLS/2023.2/common/technology/xilinx/interface/XilEDKCoreGen.gen 
Execute           source /tools/Xilinx/Vitis_HLS/2023.2/common/technology/xilinx/ip/xfft.gen 
Execute           source /tools/Xilinx/Vitis_HLS/2023.2/common/technology/xilinx/ip/util.gen 
Execute           source /tools/Xilinx/Vitis_HLS/2023.2/common/technology/xilinx/ip/dds_compiler.gen 
Execute           source /tools/Xilinx/Vitis_HLS/2023.2/common/technology/xilinx/ip/xfir.gen 
Execute           source /tools/Xilinx/Vitis_HLS/2023.2/common/technology/xilinx/DSP48/dsp48.gen 
Execute         ap_part_info -name xcu280-fsvh2892-2L-e -data info 
Execute         config_compile -quiet -complex-mul-dsp=0 
Command       set_part done; 1.03 sec.
Execute       send_msg_by_id INFO @200-1505@%s%s  vivado 
INFO: [HLS 200-1505] Using flow_target 'vivado'
Command     open_solution done; 1.12 sec.
Execute     set_part xcu280-fsvh2892-2L-e 
INFO: [HLS 200-1510] Running: set_part xcu280-fsvh2892-2L-e 
Execute       create_platform xcu280-fsvh2892-2L-e -board  
Execute       source /tools/Xilinx/Vitis_HLS/2023.2/common/technology/xilinx/common/xilinx.gen 
Execute         source /tools/Xilinx/Vitis_HLS/2023.2/common/technology/xilinx/interface/plb46.gen 
Execute         source /tools/Xilinx/Vitis_HLS/2023.2/common/technology/xilinx/interface/axi4.gen 
Execute         source /tools/Xilinx/Vitis_HLS/2023.2/common/technology/xilinx/interface/nativeAXI4.gen 
Execute           source /tools/Xilinx/Vitis_HLS/2023.2/common/technology/xilinx/interface/saxilite.gen 
Execute         source /tools/Xilinx/Vitis_HLS/2023.2/common/technology/xilinx/scripts/xilinxcoregen.gen 
Execute         source /tools/Xilinx/Vitis_HLS/2023.2/common/technology/xilinx/interface/XilEDKCoreGen.gen 
Execute         source /tools/Xilinx/Vitis_HLS/2023.2/common/technology/xilinx/ip/xfft.gen 
Execute         source /tools/Xilinx/Vitis_HLS/2023.2/common/technology/xilinx/ip/util.gen 
Execute         source /tools/Xilinx/Vitis_HLS/2023.2/common/technology/xilinx/ip/dds_compiler.gen 
Execute         source /tools/Xilinx/Vitis_HLS/2023.2/common/technology/xilinx/ip/xfir.gen 
Execute         source /tools/Xilinx/Vitis_HLS/2023.2/common/technology/xilinx/DSP48/dsp48.gen 
Execute       ap_part_info -name xcu280-fsvh2892-2L-e -data info 
Execute       config_compile -quiet -complex-mul-dsp=0 
Command     set_part done; 0.16 sec.
Execute     create_clock -period 3.33 -name default 
INFO: [HLS 200-1510] Running: create_clock -period 3.33 -name default 
Execute     csynth_design 
INFO: [HLS 200-1510] Running: csynth_design 
INFO-FLOW: Running SLX 'csynth' proc: ::SLX::run_csynth
Execute       elaborate -effort=medium -skip_syncheck=0 -keep_printf=0 -skip_cdt=0 -skip_transform=0 -ng=0 -g=0 -opt_fp=0 -from_csynth_design=1 
INFO: [HLS 200-111] Finished File checks and directory preparation: CPU user time: 0.06 seconds. CPU system time: 0.01 seconds. Elapsed time: 0.07 seconds; current allocated memory: 300.727 MB.
Execute         set_directive_top sobel_accel -name=sobel_accel 
Execute         source /tools/Xilinx/Vitis_HLS/2023.2/tps/tcl/tcllib1.11.1/yaml/huddle.tcl 
Execute         source /tools/Xilinx/Vitis_HLS/2023.2/tps/tcl/tcllib1.11.1/yaml/json2huddle.tcl 
Execute           source /tools/Xilinx/Vitis_HLS/2023.2/tps/tcl/tcllib1.11.1/try/try.tcl 
INFO: [HLS 200-10] Analyzing design file '../src/sobel.cpp' ... 
INFO-FLOW: Compiling one TU...
INFO-FLOW: Handling ../src/sobel.cpp as C++
Execute         ap_part_info -name xcu280-fsvh2892-2L-e -data info 
INFO-FLOW: Running: GCC PP 39
INFO-FLOW: Source preprocessing
INFO-FLOW: run_clang exec: /tools/Xilinx/Vitis_HLS/2023.2/lnx64/tools/clang-3.9-csynth/bin/clang ../src/sobel.cpp -foptimization-record-file=/home/ven_903/sobel-update2/scripts/sobel_hls/solution1/.autopilot/db/sobel.cpp.clang.diag.yml -mllvm -pass-remarks-missed=reflow|pasta|unroll -mllvm -pass-remarks=reflow|pasta|unroll|inline -fno-limit-debug-info -gcc-toolchain /tools/Xilinx/Vitis_HLS/2023.2/tps/lnx64/gcc-8.3.0 -fhls -fno-exceptions -insert-hls-directive=/home/ven_903/sobel-update2/scripts/sobel_hls/solution1/.autopilot/db/all.directive.json -E -fno-math-errno -c -emit-llvm -mllvm -disable-llvm-optzns -Werror=implicit-function-declaration -Werror=implicit-hls-streams -Werror=return-type -Wpragmas -Wunused-parameter -Wdump-hls-pragmas -Wno-error=dump-hls-pragmas -hls-clock-period=3.33 -fno-threadsafe-statics -fno-use-cxa-atexit -std=gnu++14 -target fpga64-xilinx-linux-gnu -fno-threadsafe-statics -fno-use-cxa-atexit -D__VITIS_HLS__ -DAESL_SYN -D__SYNTHESIS__ -D__HLS_SYN__ -I /tools/Xilinx/Vitis_HLS/2023.2/common/technology/autopilot -I /tools/Xilinx/Vitis_HLS/2023.2/common/technology/autopilot/ap_sysc -include etc/autopilot_ssdm_op.h -D__DSP48E2__ -I /usr/include/x86_64-linux-gnu -o /home/ven_903/sobel-update2/scripts/sobel_hls/solution1/.autopilot/db/sobel.pp.0.cpp -hls-platform-db-name=/tools/Xilinx/Vitis_HLS/2023.2/common/technology/xilinx/common/platform.db -hls-platform-name=virtexuplus_medium -device-resource-info=BRAM_4032.000000_DSP_9024.000000_FF_2607360.000000_LUT_1303680.000000_SLICE_162960.000000_SLR_3.000000_URAM_960.000000 -device-name-info=xcu280-fsvh2892-2L-e > /home/ven_903/sobel-update2/scripts/sobel_hls/solution1/.autopilot/db/sobel.cpp.clang.out.log 2> /home/ven_903/sobel-update2/scripts/sobel_hls/solution1/.autopilot/db/sobel.cpp.clang.err.log
INFO-FLOW: Done: GCC PP 39 time: 0.3 seconds per iteration
INFO-FLOW: Source syntax check for synthesis
INFO-FLOW: run_clang exec: /tools/Xilinx/Vitis_HLS/2023.2/lnx64/tools/clang-3.9-csynth/bin/clang -foptimization-record-file=/home/ven_903/sobel-update2/scripts/sobel_hls/solution1/.autopilot/db/clang.diag.yml -mllvm -pass-remarks-missed=reflow|pasta|unroll -mllvm -pass-remarks=reflow|pasta|unroll|inline -fsyntax-only -fhls -target fpga64-xilinx-linux-gnu /home/ven_903/sobel-update2/scripts/sobel_hls/solution1/.autopilot/db/sobel.pp.0.cpp -hls-platform-db-name=/tools/Xilinx/Vitis_HLS/2023.2/common/technology/xilinx/common/platform.db -hls-platform-name=virtexuplus_medium -device-resource-info=BRAM_4032.000000_DSP_9024.000000_FF_2607360.000000_LUT_1303680.000000_SLICE_162960.000000_SLR_3.000000_URAM_960.000000 -device-name-info=xcu280-fsvh2892-2L-e > /home/ven_903/sobel-update2/scripts/sobel_hls/solution1/.autopilot/db/clang.out.log 2> /home/ven_903/sobel-update2/scripts/sobel_hls/solution1/.autopilot/db/clang.err.log
Execute         clang_tidy xilinx-systemc-detector -desc systemc-detector /home/ven_903/sobel-update2/scripts/sobel_hls/solution1/.autopilot/db/sobel.pp.0.cpp std=gnu++14 -target fpga  -directive=/home/ven_903/sobel-update2/scripts/sobel_hls/solution1/.autopilot/db/.systemc_flag 
INFO-FLOW: exec /tools/Xilinx/Vitis_HLS/2023.2/lnx64/tools/clang-3.9-csynth/bin/clang-tidy -header-filter=.* --checks=-*,xilinx-systemc-detector -import-directive=/home/ven_903/sobel-update2/scripts/sobel_hls/solution1/.autopilot/db/.systemc_flag -fix-errors /home/ven_903/sobel-update2/scripts/sobel_hls/solution1/.autopilot/db/sobel.pp.0.cpp -- -std=gnu++14 -target fpga -fhls -ferror-limit=0
Command         clang_tidy done; 1.5 sec.
INFO-FLOW: Running: clang-tidy CDT preprocess 39
Execute         clang_tidy xilinx-directive2pragma -desc directive2pragma /home/ven_903/sobel-update2/scripts/sobel_hls/solution1/.autopilot/db/sobel.pp.0.cpp std=gnu++14 -target fpga  -directive=/home/ven_903/sobel-update2/scripts/sobel_hls/solution1/.autopilot/db/all.directive.json 
INFO-FLOW: exec /tools/Xilinx/Vitis_HLS/2023.2/lnx64/tools/clang-3.9-csynth/bin/clang-tidy -header-filter=.* --checks=-*,xilinx-directive2pragma -import-directive=/home/ven_903/sobel-update2/scripts/sobel_hls/solution1/.autopilot/db/all.directive.json -fix-errors /home/ven_903/sobel-update2/scripts/sobel_hls/solution1/.autopilot/db/sobel.pp.0.cpp -- -std=gnu++14 -target fpga -fhls -ferror-limit=0
Command         clang_tidy done; 0.42 sec.
INFO-FLOW: Done: clang-tidy CDT preprocess 39 time: 0.4 seconds per iteration
INFO-FLOW: Calling xilinx-label-all-loops ... 
INFO-FLOW: Calling xilinx-aggregate-on-hls-vector ... 
Execute         clang_tidy -errorcheck -desc loop-label xilinx-label-all-loops,xilinx-aggregate-on-hls-vector,,xilinx-warn-mayneed-no-ctor-attribute /home/ven_903/sobel-update2/scripts/sobel_hls/solution1/.autopilot/db/sobel.pp.0.cpp std=gnu++14 -target fpga  
INFO-FLOW: run_clang exec: /tools/Xilinx/Vitis_HLS/2023.2/lnx64/tools/clang-3.9-csynth/bin/clang-tidy -export-fixes=/home/ven_903/sobel-update2/scripts/sobel_hls/solution1/.autopilot/db/sobel.pp.0.cpp.clang-tidy.loop-label.diag.yml -header-filter=.* --checks=-*,xilinx-label-all-loops,xilinx-aggregate-on-hls-vector,,xilinx-warn-mayneed-no-ctor-attribute -fix-errors /home/ven_903/sobel-update2/scripts/sobel_hls/solution1/.autopilot/db/sobel.pp.0.cpp -- -std=gnu++14 -target fpga -fhls -ferror-limit=0 > /home/ven_903/sobel-update2/scripts/sobel_hls/solution1/.autopilot/db/sobel.pp.0.cpp.clang-tidy.loop-label.out.log 2> /home/ven_903/sobel-update2/scripts/sobel_hls/solution1/.autopilot/db/sobel.pp.0.cpp.clang-tidy.loop-label.err.log
Execute           source /tools/Xilinx/Vitis_HLS/2023.2/tps/tcl/tcllib1.11.1/yaml/yaml.tcl 
Command         clang_tidy done; 0.92 sec.
INFO-FLOW: run_clang exec: /tools/Xilinx/Vitis_HLS/2023.2/lnx64/tools/clang-3.9-csynth/bin/xilinx-dataflow-lawyer -export-fixes=/home/ven_903/sobel-update2/scripts/sobel_hls/solution1/.autopilot/db/sobel.pp.0.cpp.xilinx-dataflow-lawyer.diag.yml /home/ven_903/sobel-update2/scripts/sobel_hls/solution1/.autopilot/db/sobel.pp.0.cpp -- -std=gnu++14 -target fpga -fhls -ferror-limit=0 -fstrict-dataflow > /home/ven_903/sobel-update2/scripts/sobel_hls/solution1/.autopilot/db/sobel.pp.0.cpp.xilinx-dataflow-lawyer.out.log 2> /home/ven_903/sobel-update2/scripts/sobel_hls/solution1/.autopilot/db/sobel.pp.0.cpp.xilinx-dataflow-lawyer.err.log
Execute         ap_part_info -name xcu280-fsvh2892-2L-e -data info 
INFO-FLOW: compiling source code to llvm bc
INFO-FLOW: run_clang exec: /tools/Xilinx/Vitis_HLS/2023.2/lnx64/tools/clang-3.9-csynth/bin/clang -foptimization-record-file=/home/ven_903/sobel-update2/scripts/sobel_hls/solution1/.autopilot/db/sobel.pp.0.cpp.clang.diag.yml -mllvm -pass-remarks-missed=reflow|pasta|unroll -mllvm -pass-remarks=reflow|pasta|unroll|inline -fno-limit-debug-info -fhls -flto -fno-exceptions -Wno-error=c++11-narrowing -hls-emit-hint-scope /home/ven_903/sobel-update2/scripts/sobel_hls/solution1/.autopilot/db/sobel.pp.0.cpp -fno-math-errno -c -emit-llvm -mllvm -disable-llvm-optzns -Werror=implicit-function-declaration -Werror=implicit-hls-streams -Werror=return-type -Wpragmas -Wunused-parameter -Wdump-hls-pragmas -Wno-error=dump-hls-pragmas -hls-clock-period=3.33 -fno-threadsafe-statics -fno-use-cxa-atexit -std=gnu++14 -target fpga64-xilinx-linux-gnu -D__VITIS_HLS__ -DAESL_SYN -D__SYNTHESIS__ -D__HLS_SYN__ -I /tools/Xilinx/Vitis_HLS/2023.2/common/technology/autopilot -I /tools/Xilinx/Vitis_HLS/2023.2/common/technology/autopilot/ap_sysc -include etc/autopilot_ssdm_op.h -D__DSP48E2__ -g -o /home/ven_903/sobel-update2/scripts/sobel_hls/solution1/.autopilot/db/sobel.bc -hls-platform-db-name=/tools/Xilinx/Vitis_HLS/2023.2/common/technology/xilinx/common/platform.db -hls-platform-name=virtexuplus_medium -device-resource-info=BRAM_4032.000000_DSP_9024.000000_FF_2607360.000000_LUT_1303680.000000_SLICE_162960.000000_SLR_3.000000_URAM_960.000000 -device-name-info=xcu280-fsvh2892-2L-e > /home/ven_903/sobel-update2/scripts/sobel_hls/solution1/.autopilot/db/sobel.pp.0.cpp.clang.out.log 2> /home/ven_903/sobel-update2/scripts/sobel_hls/solution1/.autopilot/db/sobel.pp.0.cpp.clang.err.log
INFO: [HLS 200-10] Analyzing design file '../src/kernel.cpp' ... 
INFO-FLOW: Compiling one TU...
INFO-FLOW: Handling ../src/kernel.cpp as C++
Execute         ap_part_info -name xcu280-fsvh2892-2L-e -data info 
INFO-FLOW: Running: GCC PP 39
INFO-FLOW: Source preprocessing
INFO-FLOW: run_clang exec: /tools/Xilinx/Vitis_HLS/2023.2/lnx64/tools/clang-3.9-csynth/bin/clang ../src/kernel.cpp -foptimization-record-file=/home/ven_903/sobel-update2/scripts/sobel_hls/solution1/.autopilot/db/kernel.cpp.clang.diag.yml -mllvm -pass-remarks-missed=reflow|pasta|unroll -mllvm -pass-remarks=reflow|pasta|unroll|inline -fno-limit-debug-info -gcc-toolchain /tools/Xilinx/Vitis_HLS/2023.2/tps/lnx64/gcc-8.3.0 -fhls -fno-exceptions -insert-hls-directive=/home/ven_903/sobel-update2/scripts/sobel_hls/solution1/.autopilot/db/all.directive.json -E -fno-math-errno -c -emit-llvm -mllvm -disable-llvm-optzns -Werror=implicit-function-declaration -Werror=implicit-hls-streams -Werror=return-type -Wpragmas -Wunused-parameter -Wdump-hls-pragmas -Wno-error=dump-hls-pragmas -hls-clock-period=3.33 -fno-threadsafe-statics -fno-use-cxa-atexit -std=gnu++14 -target fpga64-xilinx-linux-gnu -fno-threadsafe-statics -fno-use-cxa-atexit -D__VITIS_HLS__ -DAESL_SYN -D__SYNTHESIS__ -D__HLS_SYN__ -I /tools/Xilinx/Vitis_HLS/2023.2/common/technology/autopilot -I /tools/Xilinx/Vitis_HLS/2023.2/common/technology/autopilot/ap_sysc -include etc/autopilot_ssdm_op.h -D__DSP48E2__ -I /usr/include/x86_64-linux-gnu -o /home/ven_903/sobel-update2/scripts/sobel_hls/solution1/.autopilot/db/kernel.pp.0.cpp -hls-platform-db-name=/tools/Xilinx/Vitis_HLS/2023.2/common/technology/xilinx/common/platform.db -hls-platform-name=virtexuplus_medium -device-resource-info=BRAM_4032.000000_DSP_9024.000000_FF_2607360.000000_LUT_1303680.000000_SLICE_162960.000000_SLR_3.000000_URAM_960.000000 -device-name-info=xcu280-fsvh2892-2L-e > /home/ven_903/sobel-update2/scripts/sobel_hls/solution1/.autopilot/db/kernel.cpp.clang.out.log 2> /home/ven_903/sobel-update2/scripts/sobel_hls/solution1/.autopilot/db/kernel.cpp.clang.err.log
INFO-FLOW: Done: GCC PP 39 time: 0.2 seconds per iteration
INFO-FLOW: Source syntax check for synthesis
INFO-FLOW: run_clang exec: /tools/Xilinx/Vitis_HLS/2023.2/lnx64/tools/clang-3.9-csynth/bin/clang -foptimization-record-file=/home/ven_903/sobel-update2/scripts/sobel_hls/solution1/.autopilot/db/clang.diag.yml -mllvm -pass-remarks-missed=reflow|pasta|unroll -mllvm -pass-remarks=reflow|pasta|unroll|inline -fsyntax-only -fhls -target fpga64-xilinx-linux-gnu /home/ven_903/sobel-update2/scripts/sobel_hls/solution1/.autopilot/db/kernel.pp.0.cpp -hls-platform-db-name=/tools/Xilinx/Vitis_HLS/2023.2/common/technology/xilinx/common/platform.db -hls-platform-name=virtexuplus_medium -device-resource-info=BRAM_4032.000000_DSP_9024.000000_FF_2607360.000000_LUT_1303680.000000_SLICE_162960.000000_SLR_3.000000_URAM_960.000000 -device-name-info=xcu280-fsvh2892-2L-e > /home/ven_903/sobel-update2/scripts/sobel_hls/solution1/.autopilot/db/clang.out.log 2> /home/ven_903/sobel-update2/scripts/sobel_hls/solution1/.autopilot/db/clang.err.log
Execute         clang_tidy xilinx-systemc-detector -desc systemc-detector /home/ven_903/sobel-update2/scripts/sobel_hls/solution1/.autopilot/db/kernel.pp.0.cpp std=gnu++14 -target fpga  -directive=/home/ven_903/sobel-update2/scripts/sobel_hls/solution1/.autopilot/db/.systemc_flag 
INFO-FLOW: exec /tools/Xilinx/Vitis_HLS/2023.2/lnx64/tools/clang-3.9-csynth/bin/clang-tidy -header-filter=.* --checks=-*,xilinx-systemc-detector -import-directive=/home/ven_903/sobel-update2/scripts/sobel_hls/solution1/.autopilot/db/.systemc_flag -fix-errors /home/ven_903/sobel-update2/scripts/sobel_hls/solution1/.autopilot/db/kernel.pp.0.cpp -- -std=gnu++14 -target fpga -fhls -ferror-limit=0
Command         clang_tidy done; 0.4 sec.
INFO-FLOW: Running: clang-tidy CDT preprocess 39
Execute         clang_tidy xilinx-directive2pragma -desc directive2pragma /home/ven_903/sobel-update2/scripts/sobel_hls/solution1/.autopilot/db/kernel.pp.0.cpp std=gnu++14 -target fpga  -directive=/home/ven_903/sobel-update2/scripts/sobel_hls/solution1/.autopilot/db/all.directive.json 
INFO-FLOW: exec /tools/Xilinx/Vitis_HLS/2023.2/lnx64/tools/clang-3.9-csynth/bin/clang-tidy -header-filter=.* --checks=-*,xilinx-directive2pragma -import-directive=/home/ven_903/sobel-update2/scripts/sobel_hls/solution1/.autopilot/db/all.directive.json -fix-errors /home/ven_903/sobel-update2/scripts/sobel_hls/solution1/.autopilot/db/kernel.pp.0.cpp -- -std=gnu++14 -target fpga -fhls -ferror-limit=0
Command         clang_tidy done; 0.72 sec.
INFO-FLOW: Done: clang-tidy CDT preprocess 39 time: 0.7 seconds per iteration
INFO-FLOW: Calling xilinx-label-all-loops ... 
INFO-FLOW: Calling xilinx-aggregate-on-hls-vector ... 
Execute         clang_tidy -errorcheck -desc loop-label xilinx-label-all-loops,xilinx-aggregate-on-hls-vector,,xilinx-warn-mayneed-no-ctor-attribute /home/ven_903/sobel-update2/scripts/sobel_hls/solution1/.autopilot/db/kernel.pp.0.cpp std=gnu++14 -target fpga  
INFO-FLOW: run_clang exec: /tools/Xilinx/Vitis_HLS/2023.2/lnx64/tools/clang-3.9-csynth/bin/clang-tidy -export-fixes=/home/ven_903/sobel-update2/scripts/sobel_hls/solution1/.autopilot/db/kernel.pp.0.cpp.clang-tidy.loop-label.diag.yml -header-filter=.* --checks=-*,xilinx-label-all-loops,xilinx-aggregate-on-hls-vector,,xilinx-warn-mayneed-no-ctor-attribute -fix-errors /home/ven_903/sobel-update2/scripts/sobel_hls/solution1/.autopilot/db/kernel.pp.0.cpp -- -std=gnu++14 -target fpga -fhls -ferror-limit=0 > /home/ven_903/sobel-update2/scripts/sobel_hls/solution1/.autopilot/db/kernel.pp.0.cpp.clang-tidy.loop-label.out.log 2> /home/ven_903/sobel-update2/scripts/sobel_hls/solution1/.autopilot/db/kernel.pp.0.cpp.clang-tidy.loop-label.err.log
Command         clang_tidy done; 0.89 sec.
INFO-FLOW: run_clang exec: /tools/Xilinx/Vitis_HLS/2023.2/lnx64/tools/clang-3.9-csynth/bin/xilinx-dataflow-lawyer -export-fixes=/home/ven_903/sobel-update2/scripts/sobel_hls/solution1/.autopilot/db/kernel.pp.0.cpp.xilinx-dataflow-lawyer.diag.yml /home/ven_903/sobel-update2/scripts/sobel_hls/solution1/.autopilot/db/kernel.pp.0.cpp -- -std=gnu++14 -target fpga -fhls -ferror-limit=0 -fstrict-dataflow > /home/ven_903/sobel-update2/scripts/sobel_hls/solution1/.autopilot/db/kernel.pp.0.cpp.xilinx-dataflow-lawyer.out.log 2> /home/ven_903/sobel-update2/scripts/sobel_hls/solution1/.autopilot/db/kernel.pp.0.cpp.xilinx-dataflow-lawyer.err.log
WARNING: [HLS 214-114] Since the only kind of statements allowed in a canonical dataflow region are variable declarations and function calls, the compiler may not be able to correctly handle the region (../src/kernel.cpp:14:9)
Execute         send_msg_by_id WARNING @200-471@%s%s 1 ../src/kernel.cpp 
WARNING: [HLS 200-471] Dataflow form checks found 1 issue(s) in file ../src/kernel.cpp
Execute         ap_part_info -name xcu280-fsvh2892-2L-e -data info 
INFO-FLOW: compiling source code to llvm bc
INFO-FLOW: run_clang exec: /tools/Xilinx/Vitis_HLS/2023.2/lnx64/tools/clang-3.9-csynth/bin/clang -foptimization-record-file=/home/ven_903/sobel-update2/scripts/sobel_hls/solution1/.autopilot/db/kernel.pp.0.cpp.clang.diag.yml -mllvm -pass-remarks-missed=reflow|pasta|unroll -mllvm -pass-remarks=reflow|pasta|unroll|inline -fno-limit-debug-info -fhls -flto -fno-exceptions -Wno-error=c++11-narrowing -hls-emit-hint-scope /home/ven_903/sobel-update2/scripts/sobel_hls/solution1/.autopilot/db/kernel.pp.0.cpp -fno-math-errno -c -emit-llvm -mllvm -disable-llvm-optzns -Werror=implicit-function-declaration -Werror=implicit-hls-streams -Werror=return-type -Wpragmas -Wunused-parameter -Wdump-hls-pragmas -Wno-error=dump-hls-pragmas -hls-clock-period=3.33 -fno-threadsafe-statics -fno-use-cxa-atexit -std=gnu++14 -target fpga64-xilinx-linux-gnu -D__VITIS_HLS__ -DAESL_SYN -D__SYNTHESIS__ -D__HLS_SYN__ -I /tools/Xilinx/Vitis_HLS/2023.2/common/technology/autopilot -I /tools/Xilinx/Vitis_HLS/2023.2/common/technology/autopilot/ap_sysc -include etc/autopilot_ssdm_op.h -D__DSP48E2__ -g -o /home/ven_903/sobel-update2/scripts/sobel_hls/solution1/.autopilot/db/kernel.bc -hls-platform-db-name=/tools/Xilinx/Vitis_HLS/2023.2/common/technology/xilinx/common/platform.db -hls-platform-name=virtexuplus_medium -device-resource-info=BRAM_4032.000000_DSP_9024.000000_FF_2607360.000000_LUT_1303680.000000_SLICE_162960.000000_SLR_3.000000_URAM_960.000000 -device-name-info=xcu280-fsvh2892-2L-e > /home/ven_903/sobel-update2/scripts/sobel_hls/solution1/.autopilot/db/kernel.pp.0.cpp.clang.out.log 2> /home/ven_903/sobel-update2/scripts/sobel_hls/solution1/.autopilot/db/kernel.pp.0.cpp.clang.err.log
INFO: [HLS 200-111] Finished Source Code Analysis and Preprocessing: CPU user time: 5.81 seconds. CPU system time: 1.51 seconds. Elapsed time: 10.57 seconds; current allocated memory: 302.020 MB.
INFO-FLOW: Linking Debug ...
INFO-FLOW: Linking dut bc code.
Execute         run_link_or_opt -out /home/ven_903/sobel-update2/scripts/sobel_hls/solution1/.autopilot/db/a.g.ld.0.bc -args  "/home/ven_903/sobel-update2/scripts/sobel_hls/solution1/.autopilot/db/sobel.g.bc" "/home/ven_903/sobel-update2/scripts/sobel_hls/solution1/.autopilot/db/kernel.g.bc"  
INFO-FLOW: run_clang exec: /tools/Xilinx/Vitis_HLS/2023.2/lnx64/tools/clang-3.9-csynth/bin/llvm-link /home/ven_903/sobel-update2/scripts/sobel_hls/solution1/.autopilot/db/sobel.g.bc /home/ven_903/sobel-update2/scripts/sobel_hls/solution1/.autopilot/db/kernel.g.bc -o /home/ven_903/sobel-update2/scripts/sobel_hls/solution1/.autopilot/db/a.g.ld.0.bc > /home/ven_903/sobel-update2/scripts/sobel_hls/solution1/.autopilot/db/a.g.ld.0.bc.llvm-link.out.log 2> /home/ven_903/sobel-update2/scripts/sobel_hls/solution1/.autopilot/db/a.g.ld.0.bc.llvm-link.err.log
INFO-FLOW: 
Command         run_link_or_opt done; 0.58 sec.
Execute         run_link_or_opt -opt -out /home/ven_903/sobel-update2/scripts/sobel_hls/solution1/.autopilot/db/a.g.ld.1.lower.bc -args /home/ven_903/sobel-update2/scripts/sobel_hls/solution1/.autopilot/db/a.g.ld.0.bc -reflow-lower-math-intrinsics 
INFO-FLOW: run_clang exec: /tools/Xilinx/Vitis_HLS/2023.2/lnx64/tools/clang-3.9-csynth/bin/opt -pass-remarks-missed=reflow|pasta|unroll -pass-remarks=reflow|pasta|unroll|inline -pass-remarks-output=/home/ven_903/sobel-update2/scripts/sobel_hls/solution1/.autopilot/db/a.g.ld.1.lower.bc.opt.diag.yml /home/ven_903/sobel-update2/scripts/sobel_hls/solution1/.autopilot/db/a.g.ld.0.bc -reflow-lower-math-intrinsics -o /home/ven_903/sobel-update2/scripts/sobel_hls/solution1/.autopilot/db/a.g.ld.1.lower.bc > /home/ven_903/sobel-update2/scripts/sobel_hls/solution1/.autopilot/db/a.g.ld.1.lower.bc.opt.out.log 2> /home/ven_903/sobel-update2/scripts/sobel_hls/solution1/.autopilot/db/a.g.ld.1.lower.bc.opt.err.log
INFO-FLOW: 
INFO-FLOW: Running: gen_design_size_report post-opt
INFO-FLOW: Done: gen_design_size_report post-opt time: 0 seconds per iteration
Command         run_link_or_opt done; 3.6 sec.
INFO-FLOW: Linking math bc lib
Execute         run_link_or_opt -out /home/ven_903/sobel-update2/scripts/sobel_hls/solution1/.autopilot/db/a.g.ld.2.m1.bc -args /home/ven_903/sobel-update2/scripts/sobel_hls/solution1/.autopilot/db/a.g.ld.1.lower.bc -only-needed /tools/Xilinx/Vitis_HLS/2023.2/lnx64/lib/libhlsm_39.bc /tools/Xilinx/Vitis_HLS/2023.2/lnx64/lib/libhlsmc++_39.bc 
INFO-FLOW: run_clang exec: /tools/Xilinx/Vitis_HLS/2023.2/lnx64/tools/clang-3.9-csynth/bin/llvm-link /home/ven_903/sobel-update2/scripts/sobel_hls/solution1/.autopilot/db/a.g.ld.1.lower.bc -only-needed /tools/Xilinx/Vitis_HLS/2023.2/lnx64/lib/libhlsm_39.bc /tools/Xilinx/Vitis_HLS/2023.2/lnx64/lib/libhlsmc++_39.bc -o /home/ven_903/sobel-update2/scripts/sobel_hls/solution1/.autopilot/db/a.g.ld.2.m1.bc > /home/ven_903/sobel-update2/scripts/sobel_hls/solution1/.autopilot/db/a.g.ld.2.m1.bc.llvm-link.out.log 2> /home/ven_903/sobel-update2/scripts/sobel_hls/solution1/.autopilot/db/a.g.ld.2.m1.bc.llvm-link.err.log
INFO-FLOW: 
Command         run_link_or_opt done; 3.88 sec.
Execute         run_link_or_opt -opt -out /home/ven_903/sobel-update2/scripts/sobel_hls/solution1/.autopilot/db/a.g.ld.3.fpc.bc -args /home/ven_903/sobel-update2/scripts/sobel_hls/solution1/.autopilot/db/a.g.ld.2.m1.bc -reflow-globaldce -hls-top-function-name=sobel_accel -reflow-float-conversion 
INFO-FLOW: run_clang exec: /tools/Xilinx/Vitis_HLS/2023.2/lnx64/tools/clang-3.9-csynth/bin/opt -pass-remarks-missed=reflow|pasta|unroll -pass-remarks=reflow|pasta|unroll|inline -pass-remarks-output=/home/ven_903/sobel-update2/scripts/sobel_hls/solution1/.autopilot/db/a.g.ld.3.fpc.bc.opt.diag.yml /home/ven_903/sobel-update2/scripts/sobel_hls/solution1/.autopilot/db/a.g.ld.2.m1.bc -reflow-globaldce -hls-top-function-name=sobel_accel -reflow-float-conversion -o /home/ven_903/sobel-update2/scripts/sobel_hls/solution1/.autopilot/db/a.g.ld.3.fpc.bc > /home/ven_903/sobel-update2/scripts/sobel_hls/solution1/.autopilot/db/a.g.ld.3.fpc.bc.opt.out.log 2> /home/ven_903/sobel-update2/scripts/sobel_hls/solution1/.autopilot/db/a.g.ld.3.fpc.bc.opt.err.log
INFO-FLOW: 
INFO-FLOW: Running: gen_design_size_report post-opt
INFO-FLOW: Done: gen_design_size_report post-opt time: 0 seconds per iteration
Command         run_link_or_opt done; 0.95 sec.
Execute         run_link_or_opt -out /home/ven_903/sobel-update2/scripts/sobel_hls/solution1/.autopilot/db/a.g.ld.4.m2.bc -args /home/ven_903/sobel-update2/scripts/sobel_hls/solution1/.autopilot/db/a.g.ld.3.fpc.bc -only-needed /tools/Xilinx/Vitis_HLS/2023.2/lnx64/lib/libfloatconversion_39.bc 
INFO-FLOW: run_clang exec: /tools/Xilinx/Vitis_HLS/2023.2/lnx64/tools/clang-3.9-csynth/bin/llvm-link /home/ven_903/sobel-update2/scripts/sobel_hls/solution1/.autopilot/db/a.g.ld.3.fpc.bc -only-needed /tools/Xilinx/Vitis_HLS/2023.2/lnx64/lib/libfloatconversion_39.bc -o /home/ven_903/sobel-update2/scripts/sobel_hls/solution1/.autopilot/db/a.g.ld.4.m2.bc > /home/ven_903/sobel-update2/scripts/sobel_hls/solution1/.autopilot/db/a.g.ld.4.m2.bc.llvm-link.out.log 2> /home/ven_903/sobel-update2/scripts/sobel_hls/solution1/.autopilot/db/a.g.ld.4.m2.bc.llvm-link.err.log
INFO-FLOW: 
Execute         run_link_or_opt -opt -out /home/ven_903/sobel-update2/scripts/sobel_hls/solution1/.autopilot/db/a.g.ld.5.gdce.bc -args /home/ven_903/sobel-update2/scripts/sobel_hls/solution1/.autopilot/db/a.g.ld.4.m2.bc -reflow-globaldce -hls-top-function-name=sobel_accel 
INFO-FLOW: run_clang exec: /tools/Xilinx/Vitis_HLS/2023.2/lnx64/tools/clang-3.9-csynth/bin/opt -pass-remarks-missed=reflow|pasta|unroll -pass-remarks=reflow|pasta|unroll|inline -pass-remarks-output=/home/ven_903/sobel-update2/scripts/sobel_hls/solution1/.autopilot/db/a.g.ld.5.gdce.bc.opt.diag.yml /home/ven_903/sobel-update2/scripts/sobel_hls/solution1/.autopilot/db/a.g.ld.4.m2.bc -reflow-globaldce -hls-top-function-name=sobel_accel -o /home/ven_903/sobel-update2/scripts/sobel_hls/solution1/.autopilot/db/a.g.ld.5.gdce.bc > /home/ven_903/sobel-update2/scripts/sobel_hls/solution1/.autopilot/db/a.g.ld.5.gdce.bc.opt.out.log 2> /home/ven_903/sobel-update2/scripts/sobel_hls/solution1/.autopilot/db/a.g.ld.5.gdce.bc.opt.err.log
INFO-FLOW: 
INFO-FLOW: Running: gen_design_size_report post-opt
INFO-FLOW: Done: gen_design_size_report post-opt time: 0 seconds per iteration
Execute         send_msg_by_id INFO @200-777@%s Vivado 
INFO: [HLS 200-777] Using interface defaults for 'Vivado' flow target.
Execute         is_m_axi_addr64 
INFO-FLOW: Doing LTO.
INFO-FLOW: run_clang (background poll_ms 5000) exec: /tools/Xilinx/Vitis_HLS/2023.2/lnx64/tools/clang-3.9-csynth/bin/clang -foptimization-record-file=/home/ven_903/sobel-update2/scripts/sobel_hls/solution1/.autopilot/db/a.g.ld.0.bc.clang.reflow.diag.yml -mllvm -pass-remarks-missed=reflow|pasta|unroll -mllvm -pass-remarks=reflow|pasta|unroll|inline -fhls -mllvm -hls-top-function-name=sobel_accel -mllvm -hls-db-dir -mllvm /home/ven_903/sobel-update2/scripts/sobel_hls/solution1/.autopilot/db -emit-llvm -c -target fpga64-xilinx-none -mllvm -xcl-xmlinfo=/home/ven_903/sobel-update2/scripts/sobel_hls/solution1/.autopilot/db/kernel.internal.xml -mllvm -top-io-mapping-info=/home/ven_903/sobel-update2/scripts/sobel_hls/solution1/.autopilot/db/top-io-fe.xml -mllvm -hls-bitcode-version=3.1 -mllvm -reflow-enable-slave-interface-default-setting=true -mllvm -gen-kernel-xml=false -mllvm -default-maxi-offset=slave -mllvm -maxi-latency=0 -mllvm -hls-maxi-data-size-in-bits=8 -mllvm -hls-maxi-max-data-size-in-bits=1024 -mllvm -hls-max-widen-size-in-bits=0 -mllvm -xcl-kernel-max-mem-ports=0 -mllvm -maxi-read-trans=16 -mllvm -maxi-write-trans=16 -mllvm -maxi-read-burst-len=16 -mllvm -maxi-write-burst-len=16 -mllvm -reflow-enable-saxi-64bits=0 -mllvm -reflow-basic-block-instr-threshold=200000 -mllvm -reflow-auto-pipeline-threshold=64 -mllvm -reflow-enable-maxi-auto-id-channel=0 -mllvm -enable-fp-thr=0 -mllvm -reflow-bdd-simplify-threshold=1048576 -mllvm -reflow-fanout-threshold=16 -mllvm -assume-maxi-align=1 -mllvm -reflow-pipeline-style-llvm-setting=2 -mllvm -reflow-enable-dataflow-strict-mode-checking=1 -ftime-report -mllvm -time-passes -mllvm -reflow-auto-array-partition-mode=default -mllvm -reflow-enable-auto-array-partition=true -mllvm -reflow-enable-auto-parallel-performance-driven=true -mllvm -reflow-enable-partition-for-automation=true -mllvm -reflow-aggregate-bitwidth-threshold=4096 -mllvm -reflow-reserved-saxilite-registers=0 -mllvm -enable-reflow-auto-loop-pipeline -mllvm -reflow-max-unroll-threshold=409600 -mllvm -reflow-assume-no-address-wrap=true -mllvm -reflow-enable-occurrence-inference=true -mllvm -reflow-emit-hint-scope=true -mllvm -hls -mllvm -disable-inlined-alloca-merging=true -mllvm -default-clock-period=3.33 -x ir /home/ven_903/sobel-update2/scripts/sobel_hls/solution1/.autopilot/db/a.g.ld.5.gdce.bc -o /home/ven_903/sobel-update2/scripts/sobel_hls/solution1/.autopilot/db/a.g.lto.bc -hls-platform-db-name=/tools/Xilinx/Vitis_HLS/2023.2/common/technology/xilinx/common/platform.db -hls-platform-name=virtexuplus_medium -device-resource-info=BRAM_4032.000000_DSP_9024.000000_FF_2607360.000000_LUT_1303680.000000_SLICE_162960.000000_SLR_3.000000_URAM_960.000000 -device-name-info=xcu280-fsvh2892-2L-e 2> /home/ven_903/sobel-update2/scripts/sobel_hls/solution1/.autopilot/db/a.g.ld.0.bc.clang.reflow.err.log bg_poll_cmd: ::AP::poll_clang_39_closed_source
Execute         send_msg_by_id INFO @200-1995@%s%s%s 390 Compile/Link /home/ven_903/sobel-update2/scripts/sobel_hls/solution1/syn/report/csynth_design_size.rpt 
INFO: [HLS 200-1995] There were 390 instructions in the design after the 'Compile/Link' phase of compilation. See the Design Size Report for more details: /home/ven_903/sobel-update2/scripts/sobel_hls/solution1/syn/report/csynth_design_size.rpt
Execute         send_msg_by_id INFO @200-1995@%s%s%s 250 Unroll/Inline (step 1) /home/ven_903/sobel-update2/scripts/sobel_hls/solution1/syn/report/csynth_design_size.rpt 
INFO: [HLS 200-1995] There were 250 instructions in the design after the 'Unroll/Inline (step 1)' phase of compilation. See the Design Size Report for more details: /home/ven_903/sobel-update2/scripts/sobel_hls/solution1/syn/report/csynth_design_size.rpt
Execute         send_msg_by_id INFO @200-1995@%s%s%s 193 Unroll/Inline (step 2) /home/ven_903/sobel-update2/scripts/sobel_hls/solution1/syn/report/csynth_design_size.rpt 
INFO: [HLS 200-1995] There were 193 instructions in the design after the 'Unroll/Inline (step 2)' phase of compilation. See the Design Size Report for more details: /home/ven_903/sobel-update2/scripts/sobel_hls/solution1/syn/report/csynth_design_size.rpt
Execute         send_msg_by_id INFO @200-1995@%s%s%s 169 Unroll/Inline (step 3) /home/ven_903/sobel-update2/scripts/sobel_hls/solution1/syn/report/csynth_design_size.rpt 
INFO: [HLS 200-1995] There were 169 instructions in the design after the 'Unroll/Inline (step 3)' phase of compilation. See the Design Size Report for more details: /home/ven_903/sobel-update2/scripts/sobel_hls/solution1/syn/report/csynth_design_size.rpt
Execute         send_msg_by_id INFO @200-1995@%s%s%s 169 Unroll/Inline (step 4) /home/ven_903/sobel-update2/scripts/sobel_hls/solution1/syn/report/csynth_design_size.rpt 
INFO: [HLS 200-1995] There were 169 instructions in the design after the 'Unroll/Inline (step 4)' phase of compilation. See the Design Size Report for more details: /home/ven_903/sobel-update2/scripts/sobel_hls/solution1/syn/report/csynth_design_size.rpt
Execute         send_msg_by_id INFO @200-1995@%s%s%s 180 Array/Struct (step 1) /home/ven_903/sobel-update2/scripts/sobel_hls/solution1/syn/report/csynth_design_size.rpt 
INFO: [HLS 200-1995] There were 180 instructions in the design after the 'Array/Struct (step 1)' phase of compilation. See the Design Size Report for more details: /home/ven_903/sobel-update2/scripts/sobel_hls/solution1/syn/report/csynth_design_size.rpt
Execute         send_msg_by_id INFO @200-1995@%s%s%s 162 Array/Struct (step 2) /home/ven_903/sobel-update2/scripts/sobel_hls/solution1/syn/report/csynth_design_size.rpt 
INFO: [HLS 200-1995] There were 162 instructions in the design after the 'Array/Struct (step 2)' phase of compilation. See the Design Size Report for more details: /home/ven_903/sobel-update2/scripts/sobel_hls/solution1/syn/report/csynth_design_size.rpt
Execute         send_msg_by_id INFO @200-1995@%s%s%s 162 Array/Struct (step 3) /home/ven_903/sobel-update2/scripts/sobel_hls/solution1/syn/report/csynth_design_size.rpt 
INFO: [HLS 200-1995] There were 162 instructions in the design after the 'Array/Struct (step 3)' phase of compilation. See the Design Size Report for more details: /home/ven_903/sobel-update2/scripts/sobel_hls/solution1/syn/report/csynth_design_size.rpt
Execute         send_msg_by_id INFO @200-1995@%s%s%s 162 Array/Struct (step 4) /home/ven_903/sobel-update2/scripts/sobel_hls/solution1/syn/report/csynth_design_size.rpt 
INFO: [HLS 200-1995] There were 162 instructions in the design after the 'Array/Struct (step 4)' phase of compilation. See the Design Size Report for more details: /home/ven_903/sobel-update2/scripts/sobel_hls/solution1/syn/report/csynth_design_size.rpt
Execute         send_msg_by_id INFO @200-1995@%s%s%s 170 Array/Struct (step 5) /home/ven_903/sobel-update2/scripts/sobel_hls/solution1/syn/report/csynth_design_size.rpt 
INFO: [HLS 200-1995] There were 170 instructions in the design after the 'Array/Struct (step 5)' phase of compilation. See the Design Size Report for more details: /home/ven_903/sobel-update2/scripts/sobel_hls/solution1/syn/report/csynth_design_size.rpt
Execute         send_msg_by_id INFO @200-1995@%s%s%s 164 Performance (step 1) /home/ven_903/sobel-update2/scripts/sobel_hls/solution1/syn/report/csynth_design_size.rpt 
INFO: [HLS 200-1995] There were 164 instructions in the design after the 'Performance (step 1)' phase of compilation. See the Design Size Report for more details: /home/ven_903/sobel-update2/scripts/sobel_hls/solution1/syn/report/csynth_design_size.rpt
Execute         send_msg_by_id INFO @200-1995@%s%s%s 164 Performance (step 2) /home/ven_903/sobel-update2/scripts/sobel_hls/solution1/syn/report/csynth_design_size.rpt 
INFO: [HLS 200-1995] There were 164 instructions in the design after the 'Performance (step 2)' phase of compilation. See the Design Size Report for more details: /home/ven_903/sobel-update2/scripts/sobel_hls/solution1/syn/report/csynth_design_size.rpt
Execute         send_msg_by_id INFO @200-1995@%s%s%s 164 Performance (step 3) /home/ven_903/sobel-update2/scripts/sobel_hls/solution1/syn/report/csynth_design_size.rpt 
INFO: [HLS 200-1995] There were 164 instructions in the design after the 'Performance (step 3)' phase of compilation. See the Design Size Report for more details: /home/ven_903/sobel-update2/scripts/sobel_hls/solution1/syn/report/csynth_design_size.rpt
Execute         send_msg_by_id INFO @200-1995@%s%s%s 164 Performance (step 4) /home/ven_903/sobel-update2/scripts/sobel_hls/solution1/syn/report/csynth_design_size.rpt 
INFO: [HLS 200-1995] There were 164 instructions in the design after the 'Performance (step 4)' phase of compilation. See the Design Size Report for more details: /home/ven_903/sobel-update2/scripts/sobel_hls/solution1/syn/report/csynth_design_size.rpt
Execute         send_msg_by_id INFO @200-1995@%s%s%s 167 HW Transforms (step 1) /home/ven_903/sobel-update2/scripts/sobel_hls/solution1/syn/report/csynth_design_size.rpt 
INFO: [HLS 200-1995] There were 167 instructions in the design after the 'HW Transforms (step 1)' phase of compilation. See the Design Size Report for more details: /home/ven_903/sobel-update2/scripts/sobel_hls/solution1/syn/report/csynth_design_size.rpt
Execute         send_msg_by_id INFO @200-1995@%s%s%s 178 HW Transforms (step 2) /home/ven_903/sobel-update2/scripts/sobel_hls/solution1/syn/report/csynth_design_size.rpt 
INFO: [HLS 200-1995] There were 178 instructions in the design after the 'HW Transforms (step 2)' phase of compilation. See the Design Size Report for more details: /home/ven_903/sobel-update2/scripts/sobel_hls/solution1/syn/report/csynth_design_size.rpt
WARNING: [HLS 214-386] A depth specification is required for MAXI interface port 'in' for cosimulation. (../src/kernel.cpp:4:0)
WARNING: [HLS 214-386] A depth specification is required for MAXI interface port 'out' for cosimulation. (../src/kernel.cpp:4:0)
INFO: [HLS 214-291] Loop 'Compute' is marked as complete unroll implied by the pipeline pragma (../src/sobel.cpp:71:13)
INFO: [HLS 214-291] Loop 'VITIS_LOOP_72_1' is marked as complete unroll implied by the pipeline pragma (../src/sobel.cpp:72:34)
INFO: [HLS 214-186] Unrolling loop 'Compute' (../src/sobel.cpp:71:13) in function 'sobel_filter' completely with a factor of 3 (../src/sobel.cpp:6:0)
INFO: [HLS 214-186] Unrolling loop 'VITIS_LOOP_72_1' (../src/sobel.cpp:72:34) in function 'sobel_filter' completely with a factor of 3 (../src/sobel.cpp:6:0)
INFO: [HLS 214-248] Applying array_partition to 'linebuf': Complete partitioning on dimension 1. (../src/sobel.cpp:25:13)
INFO: [HLS 214-115] Multiple burst reads of length 262144 and bit width 8 in loop 'LoadLoop'(../src/kernel.cpp:18:5) has been inferred on bundle 'gmem'. These burst requests might be further partitioned into multiple requests during RTL generation, based on max_read_burst_length or max_write_burst_length settings. (../src/kernel.cpp:18:9)
INFO: [HLS 214-115] Multiple burst writes of length 262144 and bit width 8 in loop 'StoreLoop'(../src/kernel.cpp:30:5) has been inferred on bundle 'gmem'. These burst requests might be further partitioned into multiple requests during RTL generation, based on max_read_burst_length or max_write_burst_length settings. (../src/kernel.cpp:30:9)
INFO-FLOW: DBG:PUTS: copy_raw_kernel_xml ap_link_39: kernel.xml not generated: /home/ven_903/sobel-update2/scripts/sobel_hls/solution1/.autopilot/db/kernel.internal.xml
INFO: [HLS 200-111] Finished Compiling Optimization and Transform: CPU user time: 3.4 seconds. CPU system time: 0.73 seconds. Elapsed time: 14.33 seconds; current allocated memory: 303.910 MB.
INFO: [HLS 200-111] Finished Checking Pragmas: CPU user time: 0 seconds. CPU system time: 0 seconds. Elapsed time: 0 seconds; current allocated memory: 303.910 MB.
Execute         opt_and_import_c a -opt_level=2 -skip_syncheck=0 -ng=0 -keep_printf=0 
Execute           cleanup_all_models 
INFO: [HLS 200-10] Starting code transformations ...
INFO-FLOW: Running Standard Transforms...
Execute           transform -hls -share-std-xform -demangle-name -inline-byval-memcpy -always-inline -promote-dbg-pointer -interface-preproc -mem2reg -scalarrepl -mem2reg -keep-read-access -instcombine -dce -promote-dbg-pointer -bitop-raise -loop-simplify -indvarspre -indvars -loop-simplify -xunroll -constprop -instcombine -simplifycfg -indvars -simplifycfg -dce -globaldce -basicaa -simplifycfg -mem2reg -globalopt -global-constprop -deadargelim -instcombine -simplifycfg -scalarrepl -instcombine -reassociate -licm -simplifycfg -loop-simplify -indvars -instcombine -simplifycfg -mem2reg -loop-simplify -indvars -instcombine -gvn -gvn -instcombine -adce -break-crit-edges -simplifycfg -loop-delete -global-array-opt -dce -dse -adce -find-syn-modules -top sobel_accel -deadargelim -mem2reg -instcombine -dce -presyn-prepare -interface-preproc -syn-check -check-rec-only -find-region -simplifycfg -func-extr -function-inline -globaldce -mem2reg -instcombine -dce -gvn -globaldce -adce -adse -constprop -instcombine -bit-constprop -instcombine -dce -simplifycfg -bitop-raise -simplifycfg -dce -loop-delete -reassociate -globalopt -global-privatize -mem2reg -dce -global-constprop -pointer-simplify -constprop -dce -auto-shift-reg-idiom -promote-dbg-pointer -norm-name /home/ven_903/sobel-update2/scripts/sobel_hls/solution1/.autopilot/db/a.g.0.bc -o /home/ven_903/sobel-update2/scripts/sobel_hls/solution1/.autopilot/db/a.g.1.bc -f -phase std-opt 
Command           transform done; 0.76 sec.
INFO: [HLS 200-111] Finished Standard Transforms: CPU user time: 0.06 seconds. CPU system time: 0.01 seconds. Elapsed time: 0.76 seconds; current allocated memory: 304.195 MB.
INFO: [HLS 200-10] Checking synthesizability ...
INFO-FLOW: Checking Synthesizability 1/2..
Execute           transform -hls -syn-check -check-rec-only -scalarrepl -norm-name -dce -mem2reg -instcombine -directive-preproc -mem2reg -dse -dce -dce -pag -array-normalize -instcombine -dce -array-seg-normalize -instcombine -dce -data-pack -instcombine -dce -inst-simplify -array-flatten -instcombine -dce -array-burst -dce -deadargelim -promote-global-argument -simplifycfg -mem2reg -globaldce -dce -deadargelim -dce -instcombine -function-inline -globaldce -dce -doublePtrSimplify -doublePtrElim -dce -doublePtrSimplify -promote-dbg-pointer -dce -scalarrepl -dse -adse -instcombine -ptrLegalization -simplifycfg -dce -instcombine -pointer-simplify -ptrArgReplace -dce -instcombine -resolve-double-ptr -scalarrepl -norm-name -dce -mem2reg -instcombine -ptrLegalization -simplifycfg -deadargelim -instcombine -dce -inst-simplify -directive-preproc -mem2reg -dse -dce -globaldce /home/ven_903/sobel-update2/scripts/sobel_hls/solution1/.autopilot/db/a.g.1.bc -o /home/ven_903/sobel-update2/scripts/sobel_hls/solution1/.autopilot/db/a.g.2.prechk.bc -f 
INFO-FLOW: Checking Synthesizability 2/2..
Execute           transform -syn-check /home/ven_903/sobel-update2/scripts/sobel_hls/solution1/.autopilot/db/a.g.2.prechk.bc -o /home/ven_903/sobel-update2/scripts/sobel_hls/solution1/.autopilot/db/a.g.2.bc -f -phase syn-check 
INFO: [HLS 200-111] Finished Checking Synthesizability: CPU user time: 0.03 seconds. CPU system time: 0 seconds. Elapsed time: 0.05 seconds; current allocated memory: 304.262 MB.
INFO-FLOW: Compiler optimizing ...
INFO-FLOW: Share syncheck's 1.bc for syn flow: copy /home/ven_903/sobel-update2/scripts/sobel_hls/solution1/.autopilot/db/a.g.1.bc to /home/ven_903/sobel-update2/scripts/sobel_hls/solution1/.autopilot/db/a.o.1.bc
INFO-FLOW: Presyn 1...
Execute           transform -hls -tmp /home/ven_903/sobel-update2/scripts/sobel_hls/solution1/.autopilot/db -interface-port-rename -directive-preproc -mem2reg -dse -dce -scalarrepl -norm-name -deadargelim -mem2reg -instcombine -dce -simplifycfg -dce -resource-proc -clib-intrinsic-prepare -dce -func-buffer -dce -pag -array-normalize -func-legal -instcombine -gvn -constprop -dce -simplifycfg -mem2reg -globaldce -resolve-double-ptr -dce -deadargelim -dce -instcombine -ptrArgReplace -mem2reg -dce -array-seg-normalize -deadargelim -instcombine -dce -directive-preproc -mem2reg -dse -dce -pointer-simplify -dce -port-alignment -dce -interface-preproc -data-pack -instcombine -dce -basicaa -aggr-aa -aggrmodref-aa -aggr-aa -gvn -gvn -basicaa -aggr-aa -aggrmodref-aa -aggr-aa -dse -adse -adce -loop-simplify -indvars -instcombine -gvn -loop-simplify -mem2reg -dce -find-region -instcombine -inst-simplify -interface-preproc -cfgopt -instcombine -indvars -auto-loop-unroll -loop-simplify -loop-bound -xunroll -constprop -instcombine -simplifycfg -indvars -simplifycfg -dce -globaldce -clean-region -attach-range -gvn -inst-simplify -constprop -simplifycfg -dce -pointer-simplify -dce -globalopt -constprop -dce -array-promote -scalar-auto-dep-elim -constprop -dce -ptrArgReplace -mem2reg -simplifycfg -dce -instcombine -dce -array-transform-check -array-reshape -instcombine -simplifycfg -dce -ptrArgReplace -deadargelim -mem2reg -instcombine -simplifycfg -dce -indvars -loop-simplify -loop-bound -xunroll -constprop -instcombine -simplifycfg -indvars -simplifycfg -dce -globaldce -basicaa -aggr-aa -aggrmodref-aa -aggr-aa -dse -duplicate-dataflow-processes -globaldce -instcombine -array-partition -prepare-dynamic-array-partition -instcombine -simplifycfg -dce -ptrArgReplace -global-constprop -deadargelim -mem2reg -func-legal -dce -global-constprop -deadargelim -mem2reg -simplifycfg -dce -merge-param -deadargelim -globalopt -constprop -dce -array-promote -scalar-auto-dep-elim -constprop -dce -ptrArgReplace -mem2reg -simplifycfg -dce -mem-intrinsic-preproc -dce -global-internalize -global-privatize -mem2reg -globaldce -promote-global-argument -ptrArgReplace -mem2reg -dce -globalopt -mergereturn -simplify-global-access -mem2reg -dce -pointer-simplify -dce -functionattrs -basicaa -aggr-aa -aggrmodref-aa -aggr-aa -gvn -gvn -basicaa -aggr-aa -aggrmodref-aa -aggr-aa -dse -adse -adce -dce -norm-name -basicaa -aggr-aa -aggrmodref-aa -aggr-aa -accesses-merge -function-inline -complex-op-raise -inst-simplify -globaldce -func-legal -dce -loop-bound -arraycheck -bitwidthmin2 -bitwidthmin2 -on-by-dataflow -loop-delete -instcombine -simplifycfg -globaldce -dce -gvn -deadargelim -dce -loop-simplify -clean-region -simplifycfg -propagate-stable-arguments -loop-stream -instcombine -simplifycfg -dce -globaldce -duplicate-dataflow-processes -stream-intrinsic-preproc -dce -check-ap-stream -loop-simplify -eliminate-keepreads -extract-dataflow-in-loop -loop-simplify -dce -gvn -deadargelim -dse -duplicate-dataflow-processes -check-dataflow-syntax -legalize-stream-variable -globaldce -legalize-global -extract-subproc -dce -dead-channel-elimination -canonicalize-gep -globaldce -dce -gvn -hls-dead-arg-elim -deadargelim -directive-preproc -canonicalize-dataflow -dce -globaldce -scalar-preprocessing -scalar-propagation2 -scalar-stream -deadargelim -globaldce -mem2reg -check-dataflow-channels -function-stream -dce -globaldce -prop-fifo-spec -internal-stream-gen -canonicalize-gep -globaldce -dce -gvn -deadargelim -mergereturn -indvars -loop-simplify -instcombine -array-stream -array-seg-normalize -array-partition -clean-array-spec -func-legal -instcombine -simplifycfg -dce -bundle-memfifo-ops -deadargelim -directive-preproc -mem2reg -dse -dce -group-axi-access -licm -simplifycfg -dce -loop-delete -hls-display -norm-name /home/ven_903/sobel-update2/scripts/sobel_hls/solution1/.autopilot/db/a.o.1.bc -o /home/ven_903/sobel-update2/scripts/sobel_hls/solution1/.autopilot/db/a.o.1.tmp.bc -f 
INFO: [XFORM 203-721] Changing loop 'Loop_LoadLoop_proc' (../src/kernel.cpp:18) to a process function for dataflow in function 'sobel_accel'.
INFO: [XFORM 203-721] Changing loop 'Loop_StoreLoop_proc' (../src/kernel.cpp:30) to a process function for dataflow in function 'sobel_accel'.
INFO: [XFORM 203-712] Applying dataflow to function 'sobel_accel' (../src/kernel.cpp:4:1), detected/extracted 4 process function(s): 
	 'entry_proc'
	 'Loop_LoadLoop_proc'
	 'sobel_filter'
	 'Loop_StoreLoop_proc'.
Command           transform done; 0.18 sec.
INFO-FLOW: Presyn 2...
Execute           transform -hls -keep-callgraph -scalarrepl -mem2reg -port-alignment -attach-range -dce -pipe-mux-gen -indvars -loop-bound -inst-simplify -instcombine -dce -merge-array-access -mem2reg -dce -clean-region -mergereturn -if-conv -instcombine -dce -constprop -basicaa -aggr-aa -aggrmodref-aa -aggr-aa -gvn -gvn -basicaa -aggr-aa -aggrmodref-aa -aggr-aa -dse -adse -adce -scalarrepl -mem2reg -global-constprop -deadargelim -deadargelim -instcombine -dce -simplifycfg -ptrArgReplace -mem2reg -function-inline -globaldce -mem2reg -instcombine -dce -expr-balance -instcombine -dce -bitwidthmin2 -bitwidthmin2 -interface-preproc -directive-preproc -inst-rectify -instcombine -dce -functionattrs -constprop -instcombine -bit-constprop -simplify-global-access -globalopt -globaldce -inst-simplify -instcombine -elimdeaddata -dce -loop-delete -simplifycfg -loop-simplify -barrier -norm-name /home/ven_903/sobel-update2/scripts/sobel_hls/solution1/.autopilot/db/a.o.1.tmp.bc -o /home/ven_903/sobel-update2/scripts/sobel_hls/solution1/.autopilot/db/a.o.2.bc -f -phase presyn 
INFO: [XFORM 203-401] Performing if-conversion on hyperblock from (../src/sobel.cpp:35:9) to (../src/sobel.cpp:62:23) in function 'sobel_filter'... converting 5 basic blocks.
INFO: [XFORM 203-11] Balancing expressions in function 'sobel_filter' (../src/sobel.cpp:25:9)...3 expression(s) balanced.
INFO: [HLS 200-111] Finished Loop, function and other optimizations: CPU user time: 0.11 seconds. CPU system time: 0.02 seconds. Elapsed time: 0.22 seconds; current allocated memory: 326.344 MB.
INFO-FLOW: Building ssdm...
Execute           transform -hls -auto-function-inline -globaldce -ptrArgReplace -mem2reg -dce -reset-lda -loop-simplify -indvars -aggr-aa -licm -loop-dep -loop-bound -licm -loop-simplify -loop-sink-hoist -flattenloopnest -array-flatten -gvn -instcombine -dce -array-map -dce -func-legal -gvn -adce -instcombine -cfgopt -simplifycfg-lite -loop-simplify -array-burst -promote-global-argument -dce -array-seg-normalize -basicaa -aggrmodref-aa -globalsmodref-aa -aggr-aa -gvn -gvn -basicaa -aggrmodref-aa -globalsmodref-aa -aggr-aa -dse -adse -adce -licm -inst-simplify -dce -globaldce -instcombine -array-stream -eliminate-keepreads -instcombine -dce -deadargelim -doublePtrSimplify -doublePtrElim -dce -doublePtrSimplify -promote-dbg-pointer -dce -scalarrepl -mem2reg -norm-name -mem2reg -instcombine -dse -adse -adce -ptrLegalization -dce -array-flatten -dce -instcombine -check-doubleptr -loop-rot -constprop -cfgopt -simplifycfg-lite -loop-simplify -indvars -pointer-simplify -dce -loop-bound -loop-simplify -loop-preproc -constprop -global-constprop -gvn -mem2reg -instcombine -dce -loop-bound -loop-merge -dce -deadargelim -dce -canonicalize-dataflow -dce -deadargelim -globaldce -mem2reg -bram-byte-enable -inst-simplify -inst-rectify -instcombine -adce -deadargelim -load-elim -read-loop-dep -loop-simplify -loop-extract-inner -directive-preproc -bitwidthmin2 -bitwidthmin2 -read-loop-dep -interface-preproc -directive-preproc -interface-gen -bram-byte-enable-spec-prop -deadargelim -inst-simplify -dce -mem2reg -instcombine -gvn -dce -adse -loop-bound -instcombine -cfgopt -simplifycfg-lite -loop-simplify -clean-region -io-protocol -find-region -mem2reg -bitop-raise -complex-op-raise -inst-simplify -inst-rectify -instcombine -adce -deadargelim -float-op-raise -loop-simplify -phi-opt -bitop-raise -cfgopt -simplifycfg-lite -strip-dead-prototypes -interface-lower -bitop-lower -intrinsic-lower -auto-function-inline -basicaa -aggrmodref-aa -globalsmodref-aa -aggr-aa -inst-simplify -simplifycfg-lite -loop-simplify -mergereturn -inst-simplify -inst-rectify -globaldce -dce -load-elim -bitop-lower -float-op-raise -fma-raise -loop-rewind -pointer-simplify -dce -cfgopt -dce -loop-bound -loop-dep -read-loop-dep -dce -dyn-mem-reuse -dce -recurrence-min -dce -share-scalar-alloca -deadargelim -dce -check-stream -norm-name -legalize -validate-dataflow -inst-clarity -bitwidth -dce -dump-loop-dep-to-ir -check-all-ssdm -dump-complexity-metric -cdfg-build /home/ven_903/sobel-update2/scripts/sobel_hls/solution1/.autopilot/db/a.o.2.bc -o /home/ven_903/sobel-update2/scripts/sobel_hls/solution1/.autopilot/db/a.o.3.bc -f -phase build-ssdm 
INFO: [HLS 200-2061] Successfully converted nested loops 'RowLoop'(../src/sobel.cpp:32:5) and 'ColLoop'(../src/sobel.cpp:34:9) in function 'sobel_filter' into perfectly nested loops.
INFO: [HLS 200-2061] Successfully converted nested loops 'StoreLoop'(../src/kernel.cpp:30:5) and 'VITIS_LOOP_31_2'(../src/kernel.cpp:31:26) in function 'Loop_StoreLoop_proc' into perfectly nested loops.
INFO: [HLS 200-2061] Successfully converted nested loops 'LoadLoop'(../src/kernel.cpp:18:5) and 'VITIS_LOOP_19_1'(../src/kernel.cpp:19:26) in function 'Loop_LoadLoop_proc' into perfectly nested loops.
INFO: [XFORM 203-541] Flattening a loop nest 'RowLoop' (../src/sobel.cpp:32:5) in function 'sobel_filter'.
INFO: [XFORM 203-541] Flattening a loop nest 'StoreLoop' (../src/kernel.cpp:30:5) in function 'Loop_StoreLoop_proc'.
INFO: [XFORM 203-541] Flattening a loop nest 'LoadLoop' (../src/kernel.cpp:18:5) in function 'Loop_LoadLoop_proc'.
Execute             auto_get_db
Command           transform done; 0.28 sec.
INFO: [HLS 200-111] Finished Architecture Synthesis: CPU user time: 0.07 seconds. CPU system time: 0.03 seconds. Elapsed time: 0.28 seconds; current allocated memory: 356.020 MB.
INFO-FLOW: Finish building internal data model.
Command         opt_and_import_c done; 1.31 sec.
Command       elaborate done; 26.21 sec.
Execute       ap_eval exec zip -j /home/ven_903/sobel-update2/scripts/sobel_hls/solution1/.autopilot/db/dut.hcp $dbDir/a.o.3.bc $dbDir/${topname}.rtl_wrap.cfg.tcl $dbDir/apatb_${topname}.cpp $dbDir/apatb_${topname}_util.cpp $dbDir/apatb_${topname}_ir.ll $dbDir/mapper_${topname}.cpp $dbDir/top-io-fe.xml $dbDir/kernel.internal.xml $workdir/../hls.app 
Execute       autosyn -from_csynth_design=1 
INFO: [HLS 200-10] Starting hardware synthesis ...
INFO-FLOW: Synthesizing C/C++ design ...
INFO: [HLS 200-10] Synthesizing 'sobel_accel' ...
Execute         ap_set_top_model sobel_accel 
Execute         get_model_list sobel_accel -filter all-wo-channel -topdown 
Execute         preproc_iomode -model sobel_accel 
Execute         preproc_iomode -model Loop_StoreLoop_proc 
Execute         preproc_iomode -model sobel_filter 
Execute         preproc_iomode -model Loop_LoadLoop_proc 
Execute         preproc_iomode -model entry_proc 
Execute         get_model_list sobel_accel -filter all-wo-channel 
INFO-FLOW: Model list for configure: entry_proc Loop_LoadLoop_proc sobel_filter Loop_StoreLoop_proc sobel_accel
INFO-FLOW: Configuring Module : entry_proc ...
Execute         set_default_model entry_proc 
Execute         apply_spec_resource_limit entry_proc 
INFO-FLOW: Configuring Module : Loop_LoadLoop_proc ...
Execute         set_default_model Loop_LoadLoop_proc 
Execute         apply_spec_resource_limit Loop_LoadLoop_proc 
INFO-FLOW: Configuring Module : sobel_filter ...
Execute         set_default_model sobel_filter 
Execute         apply_spec_resource_limit sobel_filter 
INFO-FLOW: Configuring Module : Loop_StoreLoop_proc ...
Execute         set_default_model Loop_StoreLoop_proc 
Execute         apply_spec_resource_limit Loop_StoreLoop_proc 
INFO-FLOW: Configuring Module : sobel_accel ...
Execute         set_default_model sobel_accel 
Execute         apply_spec_resource_limit sobel_accel 
INFO-FLOW: Model list for preprocess: entry_proc Loop_LoadLoop_proc sobel_filter Loop_StoreLoop_proc sobel_accel
INFO-FLOW: Preprocessing Module: entry_proc ...
Execute         set_default_model entry_proc 
Execute         cdfg_preprocess -model entry_proc 
Execute         rtl_gen_preprocess entry_proc 
INFO-FLOW: Preprocessing Module: Loop_LoadLoop_proc ...
Execute         set_default_model Loop_LoadLoop_proc 
Execute         cdfg_preprocess -model Loop_LoadLoop_proc 
Execute         rtl_gen_preprocess Loop_LoadLoop_proc 
INFO-FLOW: Preprocessing Module: sobel_filter ...
Execute         set_default_model sobel_filter 
Execute         cdfg_preprocess -model sobel_filter 
Execute         rtl_gen_preprocess sobel_filter 
INFO-FLOW: Preprocessing Module: Loop_StoreLoop_proc ...
Execute         set_default_model Loop_StoreLoop_proc 
Execute         cdfg_preprocess -model Loop_StoreLoop_proc 
Execute         rtl_gen_preprocess Loop_StoreLoop_proc 
INFO-FLOW: Preprocessing Module: sobel_accel ...
Execute         set_default_model sobel_accel 
Execute         cdfg_preprocess -model sobel_accel 
Execute         rtl_gen_preprocess sobel_accel 
INFO-FLOW: Model list for synthesis: entry_proc Loop_LoadLoop_proc sobel_filter Loop_StoreLoop_proc sobel_accel
INFO: [HLS 200-10] ----------------------------------------------------------------
INFO: [HLS 200-42] -- Implementing module 'entry_proc' 
INFO: [HLS 200-10] ----------------------------------------------------------------
Execute         set_default_model entry_proc 
Execute         schedule -model entry_proc 
INFO: [SCHED 204-11] Starting scheduling ...
INFO: [SCHED 204-11] Finished scheduling.
Command         schedule done; 0.67 sec.
INFO: [HLS 200-111] Finished Scheduling: CPU user time: 0.06 seconds. CPU system time: 0.03 seconds. Elapsed time: 0.88 seconds; current allocated memory: 356.387 MB.
Execute         syn_report -verbosereport -o /home/ven_903/sobel-update2/scripts/sobel_hls/solution1/.autopilot/db/entry_proc.verbose.sched.rpt 
Execute           list_part -family xcu280-fsvh2892-2L-e 
Execute             ap_family_info -name xcu280-fsvh2892-2L-e -data names 
Execute             ap_part_info -quiet -name xcu280-fsvh2892-2L-e -data family 
Execute         db_write -o /home/ven_903/sobel-update2/scripts/sobel_hls/solution1/.autopilot/db/entry_proc.sched.adb -f 
INFO-FLOW: Finish scheduling entry_proc.
Execute         set_default_model entry_proc 
Execute         bind -model entry_proc 
INFO: [BIND 205-100] Starting micro-architecture generation ...
INFO: [BIND 205-101] Performing variable lifetime analysis.
INFO: [BIND 205-101] Exploring resource sharing.
INFO: [BIND 205-101] Binding ...
INFO: [BIND 205-100] Finished micro-architecture generation.
INFO: [HLS 200-111] Finished Binding: CPU user time: 0.01 seconds. CPU system time: 0.01 seconds. Elapsed time: 0.08 seconds; current allocated memory: 356.461 MB.
Execute         syn_report -verbosereport -o /home/ven_903/sobel-update2/scripts/sobel_hls/solution1/.autopilot/db/entry_proc.verbose.bind.rpt 
Execute           list_part -family xcu280-fsvh2892-2L-e 
Execute             ap_family_info -name xcu280-fsvh2892-2L-e -data names 
Execute             ap_part_info -quiet -name xcu280-fsvh2892-2L-e -data family 
Execute         db_write -o /home/ven_903/sobel-update2/scripts/sobel_hls/solution1/.autopilot/db/entry_proc.bind.adb -f 
INFO-FLOW: Finish binding entry_proc.
INFO: [HLS 200-10] ----------------------------------------------------------------
INFO: [HLS 200-42] -- Implementing module 'Loop_LoadLoop_proc' 
INFO: [HLS 200-10] ----------------------------------------------------------------
Execute         set_default_model Loop_LoadLoop_proc 
Execute         schedule -model Loop_LoadLoop_proc 
INFO: [SCHED 204-11] Starting scheduling ...
INFO: [SCHED 204-61] Pipelining loop 'LoadLoop_VITIS_LOOP_19_1'.
INFO: [HLS 200-1470] Pipelining result : Target II = 1, Final II = 1, Depth = 11, loop 'LoadLoop_VITIS_LOOP_19_1'
WARNING: [HLS 200-871] Estimated clock period (2.527 ns) exceeds the target (target clock period: 3.330 ns, clock uncertainty: 0.899 ns, effective delay budget: 2.431 ns).
WARNING: [HLS 200-1016] The critical path in module 'Loop_LoadLoop_proc' consists of the following:
	'store' operation 0 bit ('c_write_ln19', ../src/kernel.cpp:19) of constant 0 on local variable 'c', ../src/kernel.cpp:19 [11]  (0.387 ns)
	'load' operation 10 bit ('c_load', ../src/kernel.cpp:19) on local variable 'c', ../src/kernel.cpp:19 [26]  (0.000 ns)
	'icmp' operation 1 bit ('icmp_ln19', ../src/kernel.cpp:19) [31]  (0.725 ns)
	'select' operation 10 bit ('select_ln18', ../src/kernel.cpp:18) [32]  (0.303 ns)
	'add' operation 10 bit ('add_ln19', ../src/kernel.cpp:19) [43]  (0.725 ns)
	'store' operation 0 bit ('c_write_ln19', ../src/kernel.cpp:19) of variable 'add_ln19', ../src/kernel.cpp:19 on local variable 'c', ../src/kernel.cpp:19 [46]  (0.387 ns)

INFO: [SCHED 204-11] Finished scheduling.
INFO: [HLS 200-111] Finished Scheduling: CPU user time: 0.05 seconds. CPU system time: 0 seconds. Elapsed time: 0.06 seconds; current allocated memory: 357.762 MB.
Execute         syn_report -verbosereport -o /home/ven_903/sobel-update2/scripts/sobel_hls/solution1/.autopilot/db/Loop_LoadLoop_proc.verbose.sched.rpt 
Execute           list_part -family xcu280-fsvh2892-2L-e 
Execute             ap_family_info -name xcu280-fsvh2892-2L-e -data names 
Execute             ap_part_info -quiet -name xcu280-fsvh2892-2L-e -data family 
Execute         db_write -o /home/ven_903/sobel-update2/scripts/sobel_hls/solution1/.autopilot/db/Loop_LoadLoop_proc.sched.adb -f 
INFO-FLOW: Finish scheduling Loop_LoadLoop_proc.
Execute         set_default_model Loop_LoadLoop_proc 
Execute         bind -model Loop_LoadLoop_proc 
INFO: [BIND 205-100] Starting micro-architecture generation ...
INFO: [BIND 205-101] Performing variable lifetime analysis.
INFO: [BIND 205-101] Exploring resource sharing.
INFO: [BIND 205-101] Binding ...
INFO: [BIND 205-100] Finished micro-architecture generation.
INFO: [HLS 200-111] Finished Binding: CPU user time: 0.02 seconds. CPU system time: 0.01 seconds. Elapsed time: 0.03 seconds; current allocated memory: 357.762 MB.
Execute         syn_report -verbosereport -o /home/ven_903/sobel-update2/scripts/sobel_hls/solution1/.autopilot/db/Loop_LoadLoop_proc.verbose.bind.rpt 
Execute           list_part -family xcu280-fsvh2892-2L-e 
Execute             ap_family_info -name xcu280-fsvh2892-2L-e -data names 
Execute             ap_part_info -quiet -name xcu280-fsvh2892-2L-e -data family 
Execute         db_write -o /home/ven_903/sobel-update2/scripts/sobel_hls/solution1/.autopilot/db/Loop_LoadLoop_proc.bind.adb -f 
INFO-FLOW: Finish binding Loop_LoadLoop_proc.
INFO: [HLS 200-10] ----------------------------------------------------------------
INFO: [HLS 200-42] -- Implementing module 'sobel_filter' 
INFO: [HLS 200-10] ----------------------------------------------------------------
Execute         set_default_model sobel_filter 
Execute         schedule -model sobel_filter 
INFO: [SCHED 204-11] Starting scheduling ...
INFO: [SCHED 204-61] Pipelining loop 'RowLoop_ColLoop'.
INFO: [HLS 200-1470] Pipelining result : Target II = 1, Final II = 1, Depth = 6, loop 'RowLoop_ColLoop'
WARNING: [HLS 200-871] Estimated clock period (2.639 ns) exceeds the target (target clock period: 3.330 ns, clock uncertainty: 0.899 ns, effective delay budget: 2.431 ns).
WARNING: [HLS 200-1016] The critical path in module 'sobel_filter' consists of the following:
	'store' operation 0 bit ('r_write_ln32', ../src/sobel.cpp:32) of constant 0 on local variable 'r', ../src/sobel.cpp:32 [15]  (0.387 ns)
	'load' operation 10 bit ('r_load', ../src/sobel.cpp:32) on local variable 'r', ../src/sobel.cpp:32 [28]  (0.000 ns)
	'add' operation 10 bit ('add_ln32', ../src/sobel.cpp:32) [29]  (0.725 ns)
	'select' operation 10 bit ('select_ln32_1', ../src/sobel.cpp:32) [34]  (0.303 ns)
	'icmp' operation 1 bit ('icmp28', ../src/sobel.cpp:32) [39]  (0.715 ns)
	'or' operation 1 bit ('or_ln62', ../src/sobel.cpp:62) [58]  (0.122 ns)
	multiplexor before 'phi' operation 8 bit ('storemerge', ../src/sobel.cpp:85) with incoming values : ('select_ln85', ../src/sobel.cpp:85) [107]  (0.387 ns)

INFO: [SCHED 204-11] Finished scheduling.
INFO: [HLS 200-111] Finished Scheduling: CPU user time: 0.11 seconds. CPU system time: 0 seconds. Elapsed time: 0.11 seconds; current allocated memory: 359.219 MB.
Execute         syn_report -verbosereport -o /home/ven_903/sobel-update2/scripts/sobel_hls/solution1/.autopilot/db/sobel_filter.verbose.sched.rpt 
Execute           list_part -family xcu280-fsvh2892-2L-e 
Execute             ap_family_info -name xcu280-fsvh2892-2L-e -data names 
Execute             ap_part_info -quiet -name xcu280-fsvh2892-2L-e -data family 
Execute         db_write -o /home/ven_903/sobel-update2/scripts/sobel_hls/solution1/.autopilot/db/sobel_filter.sched.adb -f 
INFO-FLOW: Finish scheduling sobel_filter.
Execute         set_default_model sobel_filter 
Execute         bind -model sobel_filter 
INFO: [BIND 205-100] Starting micro-architecture generation ...
INFO: [BIND 205-101] Performing variable lifetime analysis.
INFO: [BIND 205-101] Exploring resource sharing.
INFO: [BIND 205-101] Binding ...
INFO: [BIND 205-100] Finished micro-architecture generation.
INFO: [HLS 200-111] Finished Binding: CPU user time: 0.02 seconds. CPU system time: 0 seconds. Elapsed time: 0.03 seconds; current allocated memory: 359.219 MB.
Execute         syn_report -verbosereport -o /home/ven_903/sobel-update2/scripts/sobel_hls/solution1/.autopilot/db/sobel_filter.verbose.bind.rpt 
Execute           list_part -family xcu280-fsvh2892-2L-e 
Execute             ap_family_info -name xcu280-fsvh2892-2L-e -data names 
Execute             ap_part_info -quiet -name xcu280-fsvh2892-2L-e -data family 
Execute         db_write -o /home/ven_903/sobel-update2/scripts/sobel_hls/solution1/.autopilot/db/sobel_filter.bind.adb -f 
INFO-FLOW: Finish binding sobel_filter.
INFO: [HLS 200-10] ----------------------------------------------------------------
INFO: [HLS 200-42] -- Implementing module 'Loop_StoreLoop_proc' 
INFO: [HLS 200-10] ----------------------------------------------------------------
Execute         set_default_model Loop_StoreLoop_proc 
Execute         schedule -model Loop_StoreLoop_proc 
INFO: [SCHED 204-11] Starting scheduling ...
INFO: [SCHED 204-61] Pipelining loop 'StoreLoop_VITIS_LOOP_31_2'.
INFO: [HLS 200-1470] Pipelining result : Target II = 1, Final II = 1, Depth = 9, loop 'StoreLoop_VITIS_LOOP_31_2'
WARNING: [HLS 200-871] Estimated clock period (2.527 ns) exceeds the target (target clock period: 3.330 ns, clock uncertainty: 0.899 ns, effective delay budget: 2.431 ns).
WARNING: [HLS 200-1016] The critical path in module 'Loop_StoreLoop_proc' consists of the following:
	'store' operation 0 bit ('c_write_ln31', ../src/kernel.cpp:31) of constant 0 on local variable 'c', ../src/kernel.cpp:31 [12]  (0.387 ns)
	'load' operation 10 bit ('c_load', ../src/kernel.cpp:31) on local variable 'c', ../src/kernel.cpp:31 [29]  (0.000 ns)
	'icmp' operation 1 bit ('icmp_ln31', ../src/kernel.cpp:31) [35]  (0.725 ns)
	'select' operation 10 bit ('select_ln30', ../src/kernel.cpp:30) [36]  (0.303 ns)
	'add' operation 10 bit ('add_ln31', ../src/kernel.cpp:31) [48]  (0.725 ns)
	'store' operation 0 bit ('c_write_ln31', ../src/kernel.cpp:31) of variable 'add_ln31', ../src/kernel.cpp:31 on local variable 'c', ../src/kernel.cpp:31 [57]  (0.387 ns)

INFO: [SCHED 204-11] Finished scheduling.
INFO: [HLS 200-111] Finished Scheduling: CPU user time: 0.04 seconds. CPU system time: 0 seconds. Elapsed time: 0.05 seconds; current allocated memory: 359.262 MB.
Execute         syn_report -verbosereport -o /home/ven_903/sobel-update2/scripts/sobel_hls/solution1/.autopilot/db/Loop_StoreLoop_proc.verbose.sched.rpt 
Execute           list_part -family xcu280-fsvh2892-2L-e 
Execute             ap_family_info -name xcu280-fsvh2892-2L-e -data names 
Execute             ap_part_info -quiet -name xcu280-fsvh2892-2L-e -data family 
Execute         db_write -o /home/ven_903/sobel-update2/scripts/sobel_hls/solution1/.autopilot/db/Loop_StoreLoop_proc.sched.adb -f 
INFO-FLOW: Finish scheduling Loop_StoreLoop_proc.
Execute         set_default_model Loop_StoreLoop_proc 
Execute         bind -model Loop_StoreLoop_proc 
INFO: [BIND 205-100] Starting micro-architecture generation ...
INFO: [BIND 205-101] Performing variable lifetime analysis.
INFO: [BIND 205-101] Exploring resource sharing.
INFO: [BIND 205-101] Binding ...
INFO: [BIND 205-100] Finished micro-architecture generation.
INFO: [HLS 200-111] Finished Binding: CPU user time: 0.02 seconds. CPU system time: 0 seconds. Elapsed time: 0.01 seconds; current allocated memory: 359.262 MB.
Execute         syn_report -verbosereport -o /home/ven_903/sobel-update2/scripts/sobel_hls/solution1/.autopilot/db/Loop_StoreLoop_proc.verbose.bind.rpt 
Execute           list_part -family xcu280-fsvh2892-2L-e 
Execute             ap_family_info -name xcu280-fsvh2892-2L-e -data names 
Execute             ap_part_info -quiet -name xcu280-fsvh2892-2L-e -data family 
Execute         db_write -o /home/ven_903/sobel-update2/scripts/sobel_hls/solution1/.autopilot/db/Loop_StoreLoop_proc.bind.adb -f 
INFO-FLOW: Finish binding Loop_StoreLoop_proc.
INFO: [HLS 200-10] ----------------------------------------------------------------
INFO: [HLS 200-42] -- Implementing module 'sobel_accel' 
INFO: [HLS 200-10] ----------------------------------------------------------------
Execute         set_default_model sobel_accel 
Execute         schedule -model sobel_accel 
INFO: [SCHED 204-11] Starting scheduling ...
INFO: [SCHED 204-11] Finished scheduling.
INFO: [HLS 200-111] Finished Scheduling: CPU user time: 0.02 seconds. CPU system time: 0 seconds. Elapsed time: 0.02 seconds; current allocated memory: 359.566 MB.
Execute         syn_report -verbosereport -o /home/ven_903/sobel-update2/scripts/sobel_hls/solution1/.autopilot/db/sobel_accel.verbose.sched.rpt 
Execute           list_part -family xcu280-fsvh2892-2L-e 
Execute             ap_family_info -name xcu280-fsvh2892-2L-e -data names 
Execute             ap_part_info -quiet -name xcu280-fsvh2892-2L-e -data family 
Execute         db_write -o /home/ven_903/sobel-update2/scripts/sobel_hls/solution1/.autopilot/db/sobel_accel.sched.adb -f 
INFO-FLOW: Finish scheduling sobel_accel.
Execute         set_default_model sobel_accel 
Execute         bind -model sobel_accel 
INFO: [BIND 205-100] Starting micro-architecture generation ...
INFO: [BIND 205-101] Performing variable lifetime analysis.
INFO: [BIND 205-101] Exploring resource sharing.
INFO: [BIND 205-101] Binding ...
INFO: [BIND 205-100] Finished micro-architecture generation.
INFO: [HLS 200-111] Finished Binding: CPU user time: 0.02 seconds. CPU system time: 0 seconds. Elapsed time: 0.02 seconds; current allocated memory: 359.566 MB.
Execute         syn_report -verbosereport -o /home/ven_903/sobel-update2/scripts/sobel_hls/solution1/.autopilot/db/sobel_accel.verbose.bind.rpt 
Execute           list_part -family xcu280-fsvh2892-2L-e 
Execute             ap_family_info -name xcu280-fsvh2892-2L-e -data names 
Execute             ap_part_info -quiet -name xcu280-fsvh2892-2L-e -data family 
Execute         db_write -o /home/ven_903/sobel-update2/scripts/sobel_hls/solution1/.autopilot/db/sobel_accel.bind.adb -f 
INFO-FLOW: Finish binding sobel_accel.
Execute         get_model_list sobel_accel -filter all-wo-channel 
INFO-FLOW: Preprocessing for RTLGen ...
Execute         rtl_gen_preprocess entry_proc 
Execute         rtl_gen_preprocess Loop_LoadLoop_proc 
Execute         rtl_gen_preprocess sobel_filter 
Execute         rtl_gen_preprocess Loop_StoreLoop_proc 
Execute         rtl_gen_preprocess sobel_accel 
INFO-FLOW: Model list for RTL generation: entry_proc Loop_LoadLoop_proc sobel_filter Loop_StoreLoop_proc sobel_accel
INFO: [HLS 200-10] ----------------------------------------------------------------
INFO: [HLS 200-10] -- Generating RTL for module 'entry_proc' 
INFO: [HLS 200-10] ----------------------------------------------------------------
Execute         create_rtl_model entry_proc -top_prefix sobel_accel_ -sub_prefix sobel_accel_ -mg_file /home/ven_903/sobel-update2/scripts/sobel_hls/solution1/.autopilot/db/entry_proc.compgen.tcl 
INFO: [RTGEN 206-100] Finished creating RTL model for 'entry_proc'.
INFO: [HLS 200-111] Finished Creating RTL model: CPU user time: 0.03 seconds. CPU system time: 0 seconds. Elapsed time: 0.12 seconds; current allocated memory: 359.566 MB.
Execute         source /home/ven_903/sobel-update2/scripts/sobel_hls/solution1/.autopilot/db/sobel_accel.rtl_wrap.cfg.tcl 
Execute         gen_rtl entry_proc -style xilinx -f -lang vhdl -o /home/ven_903/sobel-update2/scripts/sobel_hls/solution1/syn/vhdl/sobel_accel_entry_proc 
Execute         gen_rtl entry_proc -style xilinx -f -lang vlog -o /home/ven_903/sobel-update2/scripts/sobel_hls/solution1/syn/verilog/sobel_accel_entry_proc 
Execute         syn_report -csynth -model entry_proc -o /home/ven_903/sobel-update2/scripts/sobel_hls/solution1/syn/report/entry_proc_csynth.rpt 
Execute           list_part -family xcu280-fsvh2892-2L-e 
Execute             ap_family_info -name xcu280-fsvh2892-2L-e -data names 
Execute             ap_part_info -quiet -name xcu280-fsvh2892-2L-e -data family 
Execute         syn_report -rtlxml -model entry_proc -o /home/ven_903/sobel-update2/scripts/sobel_hls/solution1/syn/report/entry_proc_csynth.xml 
Execute           list_part -family xcu280-fsvh2892-2L-e 
Execute             ap_family_info -name xcu280-fsvh2892-2L-e -data names 
Execute             ap_part_info -quiet -name xcu280-fsvh2892-2L-e -data family 
Execute         syn_report -verbosereport -model entry_proc -o /home/ven_903/sobel-update2/scripts/sobel_hls/solution1/.autopilot/db/entry_proc.verbose.rpt 
Execute           list_part -family xcu280-fsvh2892-2L-e 
Execute             ap_family_info -name xcu280-fsvh2892-2L-e -data names 
Execute             ap_part_info -quiet -name xcu280-fsvh2892-2L-e -data family 
Execute         db_write -model entry_proc -f -o /home/ven_903/sobel-update2/scripts/sobel_hls/solution1/.autopilot/db/entry_proc.adb 
Execute         db_write -model entry_proc -bindview -o /home/ven_903/sobel-update2/scripts/sobel_hls/solution1/.autopilot/db/design.bindinfo.xml 
Execute         gen_tb_info entry_proc -p /home/ven_903/sobel-update2/scripts/sobel_hls/solution1/.autopilot/db -o /home/ven_903/sobel-update2/scripts/sobel_hls/solution1/.autopilot/db/entry_proc 
INFO: [HLS 200-10] ----------------------------------------------------------------
INFO: [HLS 200-10] -- Generating RTL for module 'Loop_LoadLoop_proc' 
INFO: [HLS 200-10] ----------------------------------------------------------------
Execute         create_rtl_model Loop_LoadLoop_proc -top_prefix sobel_accel_ -sub_prefix sobel_accel_ -mg_file /home/ven_903/sobel-update2/scripts/sobel_hls/solution1/.autopilot/db/Loop_LoadLoop_proc.compgen.tcl 
INFO: [HLS 200-1030] Apply Unified Pipeline Control on module 'Loop_LoadLoop_proc' pipeline 'LoadLoop_VITIS_LOOP_19_1' pipeline type 'loop pipeline'
INFO: [RTGEN 206-100] Finished creating RTL model for 'Loop_LoadLoop_proc'.
INFO: [HLS 200-111] Finished Creating RTL model: CPU user time: 0.05 seconds. CPU system time: 0 seconds. Elapsed time: 0.07 seconds; current allocated memory: 359.766 MB.
Execute         source /home/ven_903/sobel-update2/scripts/sobel_hls/solution1/.autopilot/db/sobel_accel.rtl_wrap.cfg.tcl 
Execute         gen_rtl Loop_LoadLoop_proc -style xilinx -f -lang vhdl -o /home/ven_903/sobel-update2/scripts/sobel_hls/solution1/syn/vhdl/sobel_accel_Loop_LoadLoop_proc 
Execute         gen_rtl Loop_LoadLoop_proc -style xilinx -f -lang vlog -o /home/ven_903/sobel-update2/scripts/sobel_hls/solution1/syn/verilog/sobel_accel_Loop_LoadLoop_proc 
Execute         syn_report -csynth -model Loop_LoadLoop_proc -o /home/ven_903/sobel-update2/scripts/sobel_hls/solution1/syn/report/Loop_LoadLoop_proc_csynth.rpt 
Execute           list_part -family xcu280-fsvh2892-2L-e 
Execute             ap_family_info -name xcu280-fsvh2892-2L-e -data names 
Execute             ap_part_info -quiet -name xcu280-fsvh2892-2L-e -data family 
Execute         syn_report -rtlxml -model Loop_LoadLoop_proc -o /home/ven_903/sobel-update2/scripts/sobel_hls/solution1/syn/report/Loop_LoadLoop_proc_csynth.xml 
Execute           list_part -family xcu280-fsvh2892-2L-e 
Execute             ap_family_info -name xcu280-fsvh2892-2L-e -data names 
Execute             ap_part_info -quiet -name xcu280-fsvh2892-2L-e -data family 
Execute         syn_report -verbosereport -model Loop_LoadLoop_proc -o /home/ven_903/sobel-update2/scripts/sobel_hls/solution1/.autopilot/db/Loop_LoadLoop_proc.verbose.rpt 
Execute           list_part -family xcu280-fsvh2892-2L-e 
Execute             ap_family_info -name xcu280-fsvh2892-2L-e -data names 
Execute             ap_part_info -quiet -name xcu280-fsvh2892-2L-e -data family 
Execute         db_write -model Loop_LoadLoop_proc -f -o /home/ven_903/sobel-update2/scripts/sobel_hls/solution1/.autopilot/db/Loop_LoadLoop_proc.adb 
Execute         db_write -model Loop_LoadLoop_proc -bindview -o /home/ven_903/sobel-update2/scripts/sobel_hls/solution1/.autopilot/db/design.bindinfo.xml 
Execute         gen_tb_info Loop_LoadLoop_proc -p /home/ven_903/sobel-update2/scripts/sobel_hls/solution1/.autopilot/db -o /home/ven_903/sobel-update2/scripts/sobel_hls/solution1/.autopilot/db/Loop_LoadLoop_proc 
INFO: [HLS 200-10] ----------------------------------------------------------------
INFO: [HLS 200-10] -- Generating RTL for module 'sobel_filter' 
INFO: [HLS 200-10] ----------------------------------------------------------------
Execute         create_rtl_model sobel_filter -top_prefix sobel_accel_ -sub_prefix sobel_accel_ -mg_file /home/ven_903/sobel-update2/scripts/sobel_hls/solution1/.autopilot/db/sobel_filter.compgen.tcl 
INFO: [HLS 200-1030] Apply Unified Pipeline Control on module 'sobel_filter' pipeline 'RowLoop_ColLoop' pipeline type 'loop pipeline'
INFO: [RTGEN 206-100] Finished creating RTL model for 'sobel_filter'.
INFO: [RTMG 210-278] Implementing memory 'sobel_accel_sobel_filter_linebuf_RAM_AUTO_1R1W' using auto RAMs.
Command         create_rtl_model done; 0.26 sec.
INFO: [HLS 200-111] Finished Creating RTL model: CPU user time: 0.08 seconds. CPU system time: 0 seconds. Elapsed time: 0.31 seconds; current allocated memory: 361.535 MB.
Execute         source /home/ven_903/sobel-update2/scripts/sobel_hls/solution1/.autopilot/db/sobel_accel.rtl_wrap.cfg.tcl 
Execute         gen_rtl sobel_filter -style xilinx -f -lang vhdl -o /home/ven_903/sobel-update2/scripts/sobel_hls/solution1/syn/vhdl/sobel_accel_sobel_filter 
Execute         gen_rtl sobel_filter -style xilinx -f -lang vlog -o /home/ven_903/sobel-update2/scripts/sobel_hls/solution1/syn/verilog/sobel_accel_sobel_filter 
Execute         syn_report -csynth -model sobel_filter -o /home/ven_903/sobel-update2/scripts/sobel_hls/solution1/syn/report/sobel_filter_csynth.rpt 
Execute           list_part -family xcu280-fsvh2892-2L-e 
Execute             ap_family_info -name xcu280-fsvh2892-2L-e -data names 
Execute             ap_part_info -quiet -name xcu280-fsvh2892-2L-e -data family 
Execute         syn_report -rtlxml -model sobel_filter -o /home/ven_903/sobel-update2/scripts/sobel_hls/solution1/syn/report/sobel_filter_csynth.xml 
Execute           list_part -family xcu280-fsvh2892-2L-e 
Execute             ap_family_info -name xcu280-fsvh2892-2L-e -data names 
Execute             ap_part_info -quiet -name xcu280-fsvh2892-2L-e -data family 
Execute         syn_report -verbosereport -model sobel_filter -o /home/ven_903/sobel-update2/scripts/sobel_hls/solution1/.autopilot/db/sobel_filter.verbose.rpt 
Execute           list_part -family xcu280-fsvh2892-2L-e 
Execute             ap_family_info -name xcu280-fsvh2892-2L-e -data names 
Execute             ap_part_info -quiet -name xcu280-fsvh2892-2L-e -data family 
Execute         db_write -model sobel_filter -f -o /home/ven_903/sobel-update2/scripts/sobel_hls/solution1/.autopilot/db/sobel_filter.adb 
Execute         db_write -model sobel_filter -bindview -o /home/ven_903/sobel-update2/scripts/sobel_hls/solution1/.autopilot/db/design.bindinfo.xml 
Execute         gen_tb_info sobel_filter -p /home/ven_903/sobel-update2/scripts/sobel_hls/solution1/.autopilot/db -o /home/ven_903/sobel-update2/scripts/sobel_hls/solution1/.autopilot/db/sobel_filter 
INFO: [HLS 200-10] ----------------------------------------------------------------
INFO: [HLS 200-10] -- Generating RTL for module 'Loop_StoreLoop_proc' 
INFO: [HLS 200-10] ----------------------------------------------------------------
Execute         create_rtl_model Loop_StoreLoop_proc -top_prefix sobel_accel_ -sub_prefix sobel_accel_ -mg_file /home/ven_903/sobel-update2/scripts/sobel_hls/solution1/.autopilot/db/Loop_StoreLoop_proc.compgen.tcl 
INFO: [HLS 200-1030] Apply Unified Pipeline Control on module 'Loop_StoreLoop_proc' pipeline 'StoreLoop_VITIS_LOOP_31_2' pipeline type 'loop pipeline'
INFO: [RTGEN 206-100] Finished creating RTL model for 'Loop_StoreLoop_proc'.
INFO: [HLS 200-111] Finished Creating RTL model: CPU user time: 0.08 seconds. CPU system time: 0.02 seconds. Elapsed time: 0.11 seconds; current allocated memory: 364.008 MB.
Execute         source /home/ven_903/sobel-update2/scripts/sobel_hls/solution1/.autopilot/db/sobel_accel.rtl_wrap.cfg.tcl 
Execute         gen_rtl Loop_StoreLoop_proc -style xilinx -f -lang vhdl -o /home/ven_903/sobel-update2/scripts/sobel_hls/solution1/syn/vhdl/sobel_accel_Loop_StoreLoop_proc 
Execute         gen_rtl Loop_StoreLoop_proc -style xilinx -f -lang vlog -o /home/ven_903/sobel-update2/scripts/sobel_hls/solution1/syn/verilog/sobel_accel_Loop_StoreLoop_proc 
Execute         syn_report -csynth -model Loop_StoreLoop_proc -o /home/ven_903/sobel-update2/scripts/sobel_hls/solution1/syn/report/Loop_StoreLoop_proc_csynth.rpt 
Execute           list_part -family xcu280-fsvh2892-2L-e 
Execute             ap_family_info -name xcu280-fsvh2892-2L-e -data names 
Execute             ap_part_info -quiet -name xcu280-fsvh2892-2L-e -data family 
Execute         syn_report -rtlxml -model Loop_StoreLoop_proc -o /home/ven_903/sobel-update2/scripts/sobel_hls/solution1/syn/report/Loop_StoreLoop_proc_csynth.xml 
Execute           list_part -family xcu280-fsvh2892-2L-e 
Execute             ap_family_info -name xcu280-fsvh2892-2L-e -data names 
Execute             ap_part_info -quiet -name xcu280-fsvh2892-2L-e -data family 
Execute         syn_report -verbosereport -model Loop_StoreLoop_proc -o /home/ven_903/sobel-update2/scripts/sobel_hls/solution1/.autopilot/db/Loop_StoreLoop_proc.verbose.rpt 
Execute           list_part -family xcu280-fsvh2892-2L-e 
Execute             ap_family_info -name xcu280-fsvh2892-2L-e -data names 
Execute             ap_part_info -quiet -name xcu280-fsvh2892-2L-e -data family 
Execute         db_write -model Loop_StoreLoop_proc -f -o /home/ven_903/sobel-update2/scripts/sobel_hls/solution1/.autopilot/db/Loop_StoreLoop_proc.adb 
Execute         db_write -model Loop_StoreLoop_proc -bindview -o /home/ven_903/sobel-update2/scripts/sobel_hls/solution1/.autopilot/db/design.bindinfo.xml 
Execute         gen_tb_info Loop_StoreLoop_proc -p /home/ven_903/sobel-update2/scripts/sobel_hls/solution1/.autopilot/db -o /home/ven_903/sobel-update2/scripts/sobel_hls/solution1/.autopilot/db/Loop_StoreLoop_proc 
INFO: [HLS 200-10] ----------------------------------------------------------------
INFO: [HLS 200-10] -- Generating RTL for module 'sobel_accel' 
INFO: [HLS 200-10] ----------------------------------------------------------------
Execute         create_rtl_model sobel_accel -top_prefix  -sub_prefix sobel_accel_ -mg_file /home/ven_903/sobel-update2/scripts/sobel_hls/solution1/.autopilot/db/sobel_accel.compgen.tcl 
WARNING: [RTGEN 206-101] Design contains AXI ports. Reset is fixed to synchronous and active low.
INFO: [RTGEN 206-500] Setting interface mode on port 'sobel_accel/gmem' to 'm_axi'.
INFO: [RTGEN 206-500] Setting interface mode on port 'sobel_accel/in_r' to 's_axilite & ap_none'.
INFO: [RTGEN 206-500] Setting interface mode on port 'sobel_accel/out_r' to 's_axilite & ap_none'.
INFO: [RTGEN 206-500] Setting interface mode on function 'sobel_accel' to 's_axilite & ap_ctrl_hs'.
INFO: [RTGEN 206-100] Bundling port 'in_r', 'out_r' and 'return' to AXI-Lite port control.
WARNING: [HLS 200-656] Deadlocks can occur since process Loop_LoadLoop_proc is instantiated in a dataflow region with ap_ctrl_none or without start propagation and contains an auto-rewind pipeline.
INFO: [RTGEN 206-100] Finished creating RTL model for 'sobel_accel'.
INFO: [HLS 200-741] Implementing PIPO sobel_accel_in_img_RAM_AUTO_1R1W using a single memory for all blocks
INFO: [RTMG 210-278] Implementing memory 'sobel_accel_in_img_RAM_AUTO_1R1W_memcore' using auto RAMs.
INFO: [RTMG 210-285] Implementing FIFO 'out_r_c_U(sobel_accel_fifo_w64_d4_S)' using Shift Registers.
Command         create_rtl_model done; 0.61 sec.
INFO: [HLS 200-111] Finished Creating RTL model: CPU user time: 0.07 seconds. CPU system time: 0.02 seconds. Elapsed time: 0.65 seconds; current allocated memory: 366.223 MB.
Execute         source /home/ven_903/sobel-update2/scripts/sobel_hls/solution1/.autopilot/db/sobel_accel.rtl_wrap.cfg.tcl 
Execute         gen_rtl sobel_accel -istop -style xilinx -f -lang vhdl -o /home/ven_903/sobel-update2/scripts/sobel_hls/solution1/syn/vhdl/sobel_accel 
Execute         gen_rtl sobel_accel -istop -style xilinx -f -lang vlog -o /home/ven_903/sobel-update2/scripts/sobel_hls/solution1/syn/verilog/sobel_accel 
Execute         syn_report -csynth -model sobel_accel -o /home/ven_903/sobel-update2/scripts/sobel_hls/solution1/syn/report/sobel_accel_csynth.rpt 
Execute           list_part -family xcu280-fsvh2892-2L-e 
Execute             ap_family_info -name xcu280-fsvh2892-2L-e -data names 
Execute             ap_part_info -quiet -name xcu280-fsvh2892-2L-e -data family 
Execute         syn_report -rtlxml -model sobel_accel -o /home/ven_903/sobel-update2/scripts/sobel_hls/solution1/syn/report/sobel_accel_csynth.xml 
Execute           list_part -family xcu280-fsvh2892-2L-e 
Execute             ap_family_info -name xcu280-fsvh2892-2L-e -data names 
Execute             ap_part_info -quiet -name xcu280-fsvh2892-2L-e -data family 
Execute         syn_report -verbosereport -model sobel_accel -o /home/ven_903/sobel-update2/scripts/sobel_hls/solution1/.autopilot/db/sobel_accel.verbose.rpt 
Execute           list_part -family xcu280-fsvh2892-2L-e 
Execute             ap_family_info -name xcu280-fsvh2892-2L-e -data names 
Execute             ap_part_info -quiet -name xcu280-fsvh2892-2L-e -data family 
Execute         db_write -model sobel_accel -f -o /home/ven_903/sobel-update2/scripts/sobel_hls/solution1/.autopilot/db/sobel_accel.adb 
Execute         db_write -model sobel_accel -bindview -o /home/ven_903/sobel-update2/scripts/sobel_hls/solution1/.autopilot/db/design.bindinfo.xml 
Execute         gen_tb_info sobel_accel -p /home/ven_903/sobel-update2/scripts/sobel_hls/solution1/.autopilot/db -o /home/ven_903/sobel-update2/scripts/sobel_hls/solution1/.autopilot/db/sobel_accel 
Execute         export_constraint_db -f -tool general -o /home/ven_903/sobel-update2/scripts/sobel_hls/solution1/.autopilot/db/sobel_accel.constraint.tcl 
Execute         syn_report -designview -model sobel_accel -o /home/ven_903/sobel-update2/scripts/sobel_hls/solution1/.autopilot/db/sobel_accel.design.xml 
Execute         syn_report -csynthDesign -model sobel_accel -o /home/ven_903/sobel-update2/scripts/sobel_hls/solution1/syn/report/csynth.rpt -MHOut /home/ven_903/sobel-update2/scripts/sobel_hls/solution1/.autopilot/db/kernel_module_hierarchy.tcl 
Execute           list_part -family xcu280-fsvh2892-2L-e 
Execute             ap_family_info -name xcu280-fsvh2892-2L-e -data names 
Execute             ap_part_info -quiet -name xcu280-fsvh2892-2L-e -data family 
Execute         syn_report -wcfg -model sobel_accel -o /home/ven_903/sobel-update2/scripts/sobel_hls/solution1/.autopilot/db/sobel_accel_dataflow_ana.wcfg 
Execute         syn_report -protoinst -model sobel_accel -o /home/ven_903/sobel-update2/scripts/sobel_hls/solution1/.autopilot/db/sobel_accel.protoinst 
Execute         sc_get_clocks sobel_accel 
Execute         sc_get_portdomain sobel_accel 
INFO-FLOW: Model list for RTL component generation: entry_proc Loop_LoadLoop_proc sobel_filter Loop_StoreLoop_proc sobel_accel
INFO-FLOW: Handling components in module [entry_proc] ... 
Execute         source /home/ven_903/sobel-update2/scripts/sobel_hls/solution1/.autopilot/db/entry_proc.compgen.tcl 
INFO-FLOW: Handling components in module [Loop_LoadLoop_proc] ... 
Execute         source /home/ven_903/sobel-update2/scripts/sobel_hls/solution1/.autopilot/db/Loop_LoadLoop_proc.compgen.tcl 
INFO-FLOW: Found component sobel_accel_flow_control_loop_pipe.
INFO-FLOW: Append model sobel_accel_flow_control_loop_pipe
INFO-FLOW: Handling components in module [sobel_filter] ... 
Execute         source /home/ven_903/sobel-update2/scripts/sobel_hls/solution1/.autopilot/db/sobel_filter.compgen.tcl 
INFO-FLOW: Found component sobel_accel_sobel_filter_linebuf_RAM_AUTO_1R1W.
INFO-FLOW: Append model sobel_accel_sobel_filter_linebuf_RAM_AUTO_1R1W
INFO-FLOW: Found component sobel_accel_flow_control_loop_pipe.
INFO-FLOW: Append model sobel_accel_flow_control_loop_pipe
INFO-FLOW: Handling components in module [Loop_StoreLoop_proc] ... 
Execute         source /home/ven_903/sobel-update2/scripts/sobel_hls/solution1/.autopilot/db/Loop_StoreLoop_proc.compgen.tcl 
INFO-FLOW: Found component sobel_accel_flow_control_loop_pipe.
INFO-FLOW: Append model sobel_accel_flow_control_loop_pipe
INFO-FLOW: Handling components in module [sobel_accel] ... 
Execute         source /home/ven_903/sobel-update2/scripts/sobel_hls/solution1/.autopilot/db/sobel_accel.compgen.tcl 
INFO-FLOW: Found component sobel_accel_in_img_RAM_AUTO_1R1W_memcore.
INFO-FLOW: Append model sobel_accel_in_img_RAM_AUTO_1R1W_memcore
INFO-FLOW: Found component sobel_accel_in_img_RAM_AUTO_1R1W.
INFO-FLOW: Append model sobel_accel_in_img_RAM_AUTO_1R1W
INFO-FLOW: Found component sobel_accel_fifo_w64_d4_S.
INFO-FLOW: Append model sobel_accel_fifo_w64_d4_S
INFO-FLOW: Found component sobel_accel_gmem_m_axi.
INFO-FLOW: Append model sobel_accel_gmem_m_axi
INFO-FLOW: Found component sobel_accel_control_s_axi.
INFO-FLOW: Append model sobel_accel_control_s_axi
INFO-FLOW: Append model entry_proc
INFO-FLOW: Append model Loop_LoadLoop_proc
INFO-FLOW: Append model sobel_filter
INFO-FLOW: Append model Loop_StoreLoop_proc
INFO-FLOW: Append model sobel_accel
INFO-FLOW: Generating RTL model list ...
INFO-FLOW: All models in this session: sobel_accel_flow_control_loop_pipe sobel_accel_sobel_filter_linebuf_RAM_AUTO_1R1W sobel_accel_flow_control_loop_pipe sobel_accel_flow_control_loop_pipe sobel_accel_in_img_RAM_AUTO_1R1W_memcore sobel_accel_in_img_RAM_AUTO_1R1W sobel_accel_fifo_w64_d4_S sobel_accel_gmem_m_axi sobel_accel_control_s_axi entry_proc Loop_LoadLoop_proc sobel_filter Loop_StoreLoop_proc sobel_accel
INFO-FLOW: Generating /home/ven_903/sobel-update2/scripts/sobel_hls/solution1/.autopilot/db/autopilot.rtl.models.txt file...
INFO-FLOW: To file: write model sobel_accel_flow_control_loop_pipe
INFO-FLOW: To file: write model sobel_accel_sobel_filter_linebuf_RAM_AUTO_1R1W
INFO-FLOW: To file: write model sobel_accel_flow_control_loop_pipe
INFO-FLOW: To file: write model sobel_accel_flow_control_loop_pipe
INFO-FLOW: To file: write model sobel_accel_in_img_RAM_AUTO_1R1W_memcore
INFO-FLOW: To file: write model sobel_accel_in_img_RAM_AUTO_1R1W
INFO-FLOW: To file: write model sobel_accel_fifo_w64_d4_S
INFO-FLOW: To file: write model sobel_accel_gmem_m_axi
INFO-FLOW: To file: write model sobel_accel_control_s_axi
INFO-FLOW: To file: write model entry_proc
INFO-FLOW: To file: write model Loop_LoadLoop_proc
INFO-FLOW: To file: write model sobel_filter
INFO-FLOW: To file: write model Loop_StoreLoop_proc
INFO-FLOW: To file: write model sobel_accel
INFO-FLOW: Generating /home/ven_903/sobel-update2/scripts/sobel_hls/solution1/.autopilot/db/autopilot.rtl.models.tcl file...
INFO-FLOW: Finished generating RTL model list.


INFO-FLOW: RTL Generation done.
INFO-FLOW: CAS Generation done.
INFO-FLOW: CBC Generation done.
INFO-FLOW: DBG:PROC: ::AESL_AUTOMG::auto_generate_csynth_design
INFO-FLOW: DBG:PUTS: read_platform_lib /home/ven_903/sobel-update2/scripts/sobel_hls/solution1/.autopilot/db/global.setting.tcl
Execute         source /tools/Xilinx/Vitis_HLS/2023.2/common/technology/generic/autopilot/common.gen 
Execute           source /tools/Xilinx/Vitis_HLS/2023.2/common/technology/generic/autopilot/APCoreGen.gen 
Execute         source /tools/Xilinx/Vitis_HLS/2023.2/common/technology/generic/autopilot/op.gen 
Execute         source /tools/Xilinx/Vitis_HLS/2023.2/common/technology/generic/autopilot/op_simcore.gen 
Execute         source /tools/Xilinx/Vitis_HLS/2023.2/common/technology/generic/autopilot/interface.gen 
Execute         source /home/ven_903/sobel-update2/scripts/sobel_hls/solution1/.autopilot/db/global.setting.tcl 
Execute         source /tools/Xilinx/Vitis_HLS/2023.2/common/technology/xilinx/common/xilinx.gen 
Execute           source /tools/Xilinx/Vitis_HLS/2023.2/common/technology/xilinx/interface/plb46.gen 
Execute           source /tools/Xilinx/Vitis_HLS/2023.2/common/technology/xilinx/interface/axi4.gen 
Execute           source /tools/Xilinx/Vitis_HLS/2023.2/common/technology/xilinx/interface/nativeAXI4.gen 
Execute             source /tools/Xilinx/Vitis_HLS/2023.2/common/technology/xilinx/interface/saxilite.gen 
Execute           source /tools/Xilinx/Vitis_HLS/2023.2/common/technology/xilinx/scripts/xilinxcoregen.gen 
Execute           source /tools/Xilinx/Vitis_HLS/2023.2/common/technology/xilinx/interface/XilEDKCoreGen.gen 
Execute           source /tools/Xilinx/Vitis_HLS/2023.2/common/technology/xilinx/ip/xfft.gen 
Execute           source /tools/Xilinx/Vitis_HLS/2023.2/common/technology/xilinx/ip/util.gen 
Execute           source /tools/Xilinx/Vitis_HLS/2023.2/common/technology/xilinx/ip/dds_compiler.gen 
Execute           source /tools/Xilinx/Vitis_HLS/2023.2/common/technology/xilinx/ip/xfir.gen 
Execute           source /tools/Xilinx/Vitis_HLS/2023.2/common/technology/xilinx/DSP48/dsp48.gen 
Command         ap_source done; 0.11 sec.
INFO-FLOW: DBG:PUTS:   using AESL_AUTOCG::g_clock_period=3.330 (was NA)
INFO-FLOW: DBG:PROC: ::AESL_AUTOMG::generate_ip_cores gen_sim_model='1' gen_fp_models='0' gen_for_export='0' dstSCDir='' dstVhdlDir='/home/ven_903/sobel-update2/scripts/sobel_hls/solution1/.autopilot/db/vhdl' dstVlogDir='/home/ven_903/sobel-update2/scripts/sobel_hls/solution1/.autopilot/db/vlog' tclDir='/home/ven_903/sobel-update2/scripts/sobel_hls/solution1/.autopilot/db' modelList='sobel_accel_flow_control_loop_pipe
sobel_accel_sobel_filter_linebuf_RAM_AUTO_1R1W
sobel_accel_flow_control_loop_pipe
sobel_accel_flow_control_loop_pipe
sobel_accel_in_img_RAM_AUTO_1R1W_memcore
sobel_accel_in_img_RAM_AUTO_1R1W
sobel_accel_fifo_w64_d4_S
sobel_accel_gmem_m_axi
sobel_accel_control_s_axi
entry_proc
Loop_LoadLoop_proc
sobel_filter
Loop_StoreLoop_proc
sobel_accel
' expOnly='0'
Execute         source /home/ven_903/sobel-update2/scripts/sobel_hls/solution1/.autopilot/db/global.setting.tcl 
Execute         ap_part_info -name xcu280-fsvh2892-2L-e -data names -quiet 
Execute         ap_part_info -name xcu280-fsvh2892-2L-e -data info -quiet 
Execute         source /home/ven_903/sobel-update2/scripts/sobel_hls/solution1/.autopilot/db/global.setting.tcl 
Execute         source /home/ven_903/sobel-update2/scripts/sobel_hls/solution1/.autopilot/db/global.setting.tcl 
Execute         source /home/ven_903/sobel-update2/scripts/sobel_hls/solution1/.autopilot/db/entry_proc.compgen.tcl 
Execute         source /home/ven_903/sobel-update2/scripts/sobel_hls/solution1/.autopilot/db/Loop_LoadLoop_proc.compgen.tcl 
Execute         source /home/ven_903/sobel-update2/scripts/sobel_hls/solution1/.autopilot/db/sobel_filter.compgen.tcl 
Execute         source /home/ven_903/sobel-update2/scripts/sobel_hls/solution1/.autopilot/db/Loop_StoreLoop_proc.compgen.tcl 
Execute         source /home/ven_903/sobel-update2/scripts/sobel_hls/solution1/.autopilot/db/sobel_accel.compgen.tcl 
Execute           source ./control.slave.tcl 
INFO: [HLS 200-111] Finished Generating all RTL models: CPU user time: 0.27 seconds. CPU system time: 0.02 seconds. Elapsed time: 0.4 seconds; current allocated memory: 369.262 MB.
INFO-FLOW: DBG:PROC: ::HLSREPORTS::create_csynth_xml bind_info_var='bind_info' RtlSubPrefix='sobel_accel_' outfile=''
INFO-FLOW: Running: create_csynth_xml read xml data
INFO-FLOW: Done: create_csynth_xml read xml data time: 0 seconds per iteration
INFO-FLOW: Running: create_csynth_xml bind info
INFO-FLOW: No bind nodes found for module_name entry_proc
INFO-FLOW: Done: create_csynth_xml bind info time: 0 seconds per iteration
INFO-FLOW: Running: create_csynth_xml config info
INFO-FLOW: Done: create_csynth_xml config info time: 0 seconds per iteration
INFO-FLOW: Running: create_csynth_xml write xml
INFO-FLOW: Done: create_csynth_xml write xml time: 0 seconds per iteration
INFO-FLOW: DBG:PUTS:      create_csynth_xml wrote csynth_xml=/home/ven_903/sobel-update2/scripts/sobel_hls/solution1/syn/report/csynth.xml
INFO-FLOW: DBG:PROC: ::AP::DESIGN_DATA::generate_json generate_bd_files='0' generate_xo_files='0' modelList='sobel_accel_flow_control_loop_pipe
sobel_accel_sobel_filter_linebuf_RAM_AUTO_1R1W
sobel_accel_flow_control_loop_pipe
sobel_accel_flow_control_loop_pipe
sobel_accel_in_img_RAM_AUTO_1R1W_memcore
sobel_accel_in_img_RAM_AUTO_1R1W
sobel_accel_fifo_w64_d4_S
sobel_accel_gmem_m_axi
sobel_accel_control_s_axi
entry_proc
Loop_LoadLoop_proc
sobel_filter
Loop_StoreLoop_proc
sobel_accel
' rtl_lang='both' bootstrap_tcl='false' outdir='' outfilename=''
Execute         source /home/ven_903/sobel-update2/scripts/sobel_hls/solution1/.autopilot/db/global.setting.tcl 
Execute         source /home/ven_903/sobel-update2/scripts/sobel_hls/solution1/.autopilot/db/global.setting.tcl 
Execute         source /home/ven_903/sobel-update2/scripts/sobel_hls/solution1/.autopilot/db/top-io-be.tcl 
Execute         source /home/ven_903/sobel-update2/scripts/sobel_hls/solution1/.autopilot/db/sobel_accel.tbgen.tcl 
Execute         source /home/ven_903/sobel-update2/scripts/sobel_hls/solution1/.autopilot/db/sobel_accel.compgen.dataonly.tcl 
Execute         source /home/ven_903/sobel-update2/scripts/sobel_hls/solution1/.autopilot/db/sobel_accel.compgen.dataonly.tcl 
Execute         source /home/ven_903/sobel-update2/scripts/sobel_hls/solution1/.autopilot/db/sobel_accel.rtl_wrap.cfg.tcl 
Execute         source /home/ven_903/sobel-update2/scripts/sobel_hls/solution1/.autopilot/db/sobel_accel.compgen.dataonly.tcl 
Execute         source /home/ven_903/sobel-update2/scripts/sobel_hls/solution1/.autopilot/db/entry_proc.tbgen.tcl 
Execute         source /home/ven_903/sobel-update2/scripts/sobel_hls/solution1/.autopilot/db/Loop_LoadLoop_proc.tbgen.tcl 
Execute         source /home/ven_903/sobel-update2/scripts/sobel_hls/solution1/.autopilot/db/sobel_filter.tbgen.tcl 
Execute         source /home/ven_903/sobel-update2/scripts/sobel_hls/solution1/.autopilot/db/Loop_StoreLoop_proc.tbgen.tcl 
Execute         source /home/ven_903/sobel-update2/scripts/sobel_hls/solution1/.autopilot/db/sobel_accel.tbgen.tcl 
Execute         source /home/ven_903/sobel-update2/scripts/sobel_hls/solution1/.autopilot/db/global.setting.tcl 
Execute         ap_part_info -name xcu280-fsvh2892-2L-e -data names -quiet 
Execute         ap_part_info -name xcu280-fsvh2892-2L-e -data info -quiet 
Execute         source /home/ven_903/sobel-update2/scripts/sobel_hls/solution1/.autopilot/db/sobel_accel.constraint.tcl 
Execute         sc_get_clocks sobel_accel 
Execute         source /home/ven_903/sobel-update2/scripts/sobel_hls/solution1/.autopilot/db/global.setting.tcl 
INFO-FLOW: DBG:PROC: ::HLSREPORTS::add_csynth_report_sections bind_info_dict='adapter_nodes {{BINDTYPE adapter ID {} IMPL {} LATENCY {} OPTYPE {} PRAGMA {} RTLNAME control_s_axi_U SOURCE {} VARIABLE {} LOOP {} BUNDLEDNAME control DSP 0 BRAM 0 URAM 0 STORAGESUBTYPE s_axilite STORAGESIZE {} STORAGEUSAGE interface DISPNAME {bind_adapter }} {BINDTYPE adapter ID {} IMPL {} LATENCY {} OPTYPE {} PRAGMA {} RTLNAME gmem_m_axi_U SOURCE {} VARIABLE {} LOOP {} BUNDLEDNAME gmem DSP 0 BRAM 2 URAM 0 STORAGESUBTYPE m_axi STORAGESIZE {} STORAGEUSAGE interface DISPNAME {bind_adapter }}} report_dict {TOPINST sobel_accel MODULE2INSTS {sobel_accel sobel_accel entry_proc entry_proc_U0 Loop_LoadLoop_proc Loop_LoadLoop_proc_U0 sobel_filter sobel_filter_U0 Loop_StoreLoop_proc Loop_StoreLoop_proc_U0} INST2MODULE {sobel_accel sobel_accel entry_proc_U0 entry_proc Loop_LoadLoop_proc_U0 Loop_LoadLoop_proc sobel_filter_U0 sobel_filter Loop_StoreLoop_proc_U0 Loop_StoreLoop_proc} INSTDATA {sobel_accel {DEPTH 1 CHILDREN {entry_proc_U0 Loop_LoadLoop_proc_U0 sobel_filter_U0 Loop_StoreLoop_proc_U0}} entry_proc_U0 {DEPTH 2 CHILDREN {}} Loop_LoadLoop_proc_U0 {DEPTH 2 CHILDREN {}} sobel_filter_U0 {DEPTH 2 CHILDREN {}} Loop_StoreLoop_proc_U0 {DEPTH 2 CHILDREN {}}} MODULEDATA {Loop_LoadLoop_proc {BINDINFO {{BINDTYPE op ID {} IMPL fabric LATENCY 0 OPTYPE add PRAGMA {} RTLNAME add_ln18_1_fu_143_p2 SOURCE ../src/kernel.cpp:18 VARIABLE add_ln18_1 LOOP LoadLoop_VITIS_LOOP_19_1 BUNDLEDNAME {} DSP 0 BRAM 0 URAM 0 STORAGESUBTYPE {} DISPNAME {bind_op add}} {BINDTYPE op ID {} IMPL fabric LATENCY 0 OPTYPE add PRAGMA {} RTLNAME add_ln18_fu_166_p2 SOURCE ../src/kernel.cpp:18 VARIABLE add_ln18 LOOP LoadLoop_VITIS_LOOP_19_1 BUNDLEDNAME {} DSP 0 BRAM 0 URAM 0 STORAGESUBTYPE {} DISPNAME {bind_op add}} {BINDTYPE op ID {} IMPL fabric LATENCY 0 OPTYPE add PRAGMA {} RTLNAME add_ln21_fu_210_p2 SOURCE ../src/kernel.cpp:21 VARIABLE add_ln21 LOOP LoadLoop_VITIS_LOOP_19_1 BUNDLEDNAME {} DSP 0 BRAM 0 URAM 0 STORAGESUBTYPE {} DISPNAME {bind_op add}} {BINDTYPE op ID {} IMPL fabric LATENCY 0 OPTYPE add PRAGMA {} RTLNAME add_ln19_fu_216_p2 SOURCE ../src/kernel.cpp:19 VARIABLE add_ln19 LOOP LoadLoop_VITIS_LOOP_19_1 BUNDLEDNAME {} DSP 0 BRAM 0 URAM 0 STORAGESUBTYPE {} DISPNAME {bind_op add}}} AREA {DSP 0 BRAM 0 URAM 0}} sobel_filter {BINDINFO {{BINDTYPE storage ID {} IMPL auto LATENCY 1 OPTYPE ram_s2p PRAGMA {} RTLNAME linebuf_U SOURCE ../src/sobel.cpp:25 VARIABLE linebuf LOOP {} BUNDLEDNAME {} DSP 0 BRAM 1 URAM 0 STORAGESUBTYPE {} STORAGESIZE {8 512 1} STORAGEUSAGE {ram_s2p array} DISPNAME {bind_storage ram_s2p}} {BINDTYPE storage ID {} IMPL auto LATENCY 1 OPTYPE ram_s2p PRAGMA {} RTLNAME linebuf_1_U SOURCE ../src/sobel.cpp:25 VARIABLE linebuf_1 LOOP {} BUNDLEDNAME {} DSP 0 BRAM 1 URAM 0 STORAGESUBTYPE {} STORAGESIZE {8 512 1} STORAGEUSAGE {ram_s2p array} DISPNAME {bind_storage ram_s2p}} {BINDTYPE op ID {} IMPL fabric LATENCY 0 OPTYPE add PRAGMA {} RTLNAME add_ln32_1_fu_211_p2 SOURCE ../src/sobel.cpp:32 VARIABLE add_ln32_1 LOOP RowLoop_ColLoop BUNDLEDNAME {} DSP 0 BRAM 0 URAM 0 STORAGESUBTYPE {} DISPNAME {bind_op add}} {BINDTYPE op ID {} IMPL fabric LATENCY 0 OPTYPE add PRAGMA {} RTLNAME add_ln32_fu_223_p2 SOURCE ../src/sobel.cpp:32 VARIABLE add_ln32 LOOP RowLoop_ColLoop BUNDLEDNAME {} DSP 0 BRAM 0 URAM 0 STORAGESUBTYPE {} DISPNAME {bind_op add}} {BINDTYPE op ID {} IMPL fabric LATENCY 0 OPTYPE add PRAGMA {} RTLNAME add_ln49_fu_295_p2 SOURCE ../src/sobel.cpp:49 VARIABLE add_ln49 LOOP RowLoop_ColLoop BUNDLEDNAME {} DSP 0 BRAM 0 URAM 0 STORAGESUBTYPE {} DISPNAME {bind_op add}} {BINDTYPE op ID {} IMPL fabric LATENCY 0 OPTYPE sub PRAGMA {} RTLNAME sub_ln74_fu_397_p2 SOURCE ../src/sobel.cpp:74 VARIABLE sub_ln74 LOOP RowLoop_ColLoop BUNDLEDNAME {} DSP 0 BRAM 0 URAM 0 STORAGESUBTYPE {} DISPNAME {bind_op sub}} {BINDTYPE op ID {} IMPL fabric LATENCY 0 OPTYPE sub PRAGMA {} RTLNAME sub_ln74_1_fu_415_p2 SOURCE ../src/sobel.cpp:74 VARIABLE sub_ln74_1 LOOP RowLoop_ColLoop BUNDLEDNAME {} DSP 0 BRAM 0 URAM 0 STORAGESUBTYPE {} DISPNAME {bind_op sub}} {BINDTYPE op ID {} IMPL fabric LATENCY 0 OPTYPE sub PRAGMA {} RTLNAME sub_ln74_2_fu_436_p2 SOURCE ../src/sobel.cpp:74 VARIABLE sub_ln74_2 LOOP RowLoop_ColLoop BUNDLEDNAME {} DSP 0 BRAM 0 URAM 0 STORAGESUBTYPE {} DISPNAME {bind_op sub}} {BINDTYPE op ID {} IMPL fabric LATENCY 0 OPTYPE add PRAGMA {} RTLNAME add_ln74_1_fu_450_p2 SOURCE ../src/sobel.cpp:74 VARIABLE add_ln74_1 LOOP RowLoop_ColLoop BUNDLEDNAME {} DSP 0 BRAM 0 URAM 0 STORAGESUBTYPE {} DISPNAME {bind_op add}} {BINDTYPE op ID {} IMPL fabric LATENCY 0 OPTYPE sub PRAGMA {} RTLNAME tmp_fu_456_p2 SOURCE ../src/sobel.cpp:73 VARIABLE tmp LOOP RowLoop_ColLoop BUNDLEDNAME {} DSP 0 BRAM 0 URAM 0 STORAGESUBTYPE {} DISPNAME {bind_op sub}} {BINDTYPE op ID {} IMPL fabric LATENCY 0 OPTYPE add PRAGMA {} RTLNAME add_ln75_fu_474_p2 SOURCE ../src/sobel.cpp:75 VARIABLE add_ln75 LOOP RowLoop_ColLoop BUNDLEDNAME {} DSP 0 BRAM 0 URAM 0 STORAGESUBTYPE {} DISPNAME {bind_op add}} {BINDTYPE op ID {} IMPL fabric LATENCY 0 OPTYPE sub PRAGMA {} RTLNAME sub_ln79_fu_556_p2 SOURCE ../src/sobel.cpp:79 VARIABLE sub_ln79 LOOP RowLoop_ColLoop BUNDLEDNAME {} DSP 0 BRAM 0 URAM 0 STORAGESUBTYPE {} DISPNAME {bind_op sub}} {BINDTYPE op ID {} IMPL fabric LATENCY 0 OPTYPE sub PRAGMA {} RTLNAME sub_ln80_fu_582_p2 SOURCE ../src/sobel.cpp:80 VARIABLE sub_ln80 LOOP RowLoop_ColLoop BUNDLEDNAME {} DSP 0 BRAM 0 URAM 0 STORAGESUBTYPE {} DISPNAME {bind_op sub}} {BINDTYPE op ID {} IMPL fabric LATENCY 0 OPTYPE add PRAGMA {} RTLNAME mag_fu_600_p2 SOURCE ../src/sobel.cpp:82 VARIABLE mag LOOP RowLoop_ColLoop BUNDLEDNAME {} DSP 0 BRAM 0 URAM 0 STORAGESUBTYPE {} DISPNAME {bind_op add}} {BINDTYPE op ID {} IMPL fabric LATENCY 0 OPTYPE add PRAGMA {} RTLNAME add_ln34_fu_323_p2 SOURCE ../src/sobel.cpp:34 VARIABLE add_ln34 LOOP RowLoop_ColLoop BUNDLEDNAME {} DSP 0 BRAM 0 URAM 0 STORAGESUBTYPE {} DISPNAME {bind_op add}}} AREA {DSP 0 BRAM 2 URAM 0}} Loop_StoreLoop_proc {BINDINFO {{BINDTYPE op ID {} IMPL fabric LATENCY 0 OPTYPE add PRAGMA {} RTLNAME add_ln30_1_fu_165_p2 SOURCE ../src/kernel.cpp:30 VARIABLE add_ln30_1 LOOP StoreLoop_VITIS_LOOP_31_2 BUNDLEDNAME {} DSP 0 BRAM 0 URAM 0 STORAGESUBTYPE {} DISPNAME {bind_op add}} {BINDTYPE op ID {} IMPL fabric LATENCY 0 OPTYPE add PRAGMA {} RTLNAME add_ln30_fu_177_p2 SOURCE ../src/kernel.cpp:30 VARIABLE add_ln30 LOOP StoreLoop_VITIS_LOOP_31_2 BUNDLEDNAME {} DSP 0 BRAM 0 URAM 0 STORAGESUBTYPE {} DISPNAME {bind_op add}} {BINDTYPE op ID {} IMPL fabric LATENCY 0 OPTYPE add PRAGMA {} RTLNAME add_ln33_fu_221_p2 SOURCE ../src/kernel.cpp:33 VARIABLE add_ln33 LOOP StoreLoop_VITIS_LOOP_31_2 BUNDLEDNAME {} DSP 0 BRAM 0 URAM 0 STORAGESUBTYPE {} DISPNAME {bind_op add}} {BINDTYPE op ID {} IMPL fabric LATENCY 0 OPTYPE add PRAGMA {} RTLNAME add_ln31_fu_227_p2 SOURCE ../src/kernel.cpp:31 VARIABLE add_ln31 LOOP StoreLoop_VITIS_LOOP_31_2 BUNDLEDNAME {} DSP 0 BRAM 0 URAM 0 STORAGESUBTYPE {} DISPNAME {bind_op add}}} AREA {DSP 0 BRAM 0 URAM 0}} sobel_accel {BINDINFO {{BINDTYPE storage ID {} IMPL srl LATENCY 0 OPTYPE fifo PRAGMA {} RTLNAME out_r_c_U SOURCE ../src/kernel.cpp:14 VARIABLE out_r_c LOOP {} BUNDLEDNAME {} DSP 0 BRAM 0 URAM 0 STORAGESUBTYPE {scalar prop} STORAGESIZE {64 4 1} STORAGEUSAGE {fifo channel} DISPNAME {bind_storage fifo}} {BINDTYPE storage ID {} IMPL auto LATENCY 1 OPTYPE ram_1p PRAGMA {} RTLNAME in_img_U SOURCE :0 VARIABLE in_img LOOP {} BUNDLEDNAME {} DSP 0 BRAM 256 URAM 0 STORAGESUBTYPE pipo STORAGESIZE {8 262144 2} STORAGEUSAGE {ram_1p channel} DISPNAME {bind_storage ram_1p}} {BINDTYPE storage ID {} IMPL auto LATENCY 1 OPTYPE ram_1p PRAGMA {} RTLNAME out_img_U SOURCE ../src/kernel.cpp:12 VARIABLE out_img LOOP {} BUNDLEDNAME {} DSP 0 BRAM 256 URAM 0 STORAGESUBTYPE pipo STORAGESIZE {8 262144 2} STORAGEUSAGE {ram_1p channel} DISPNAME {bind_storage ram_1p}}} AREA {DSP 0 BRAM 516 URAM 0}} entry_proc {AREA {DSP 0 BRAM 0 URAM 0}}}}'
INFO-FLOW: DBG:PUTS:      update_csynth_reports json2rpt_hw_sw_interfaces
Execute         send_msg_by_id INFO @200-1603@%s  and missed bursts 
INFO: [HLS 200-1603] Design has inferred MAXI bursts and missed bursts, see Vitis HLS GUI synthesis summary report for detailed information.
INFO-FLOW: Running: gen_csynth_sec_pragma
INFO-FLOW: Done: gen_csynth_sec_pragma time: 0 seconds per iteration
INFO-FLOW: DBG:PUTS:      update_csynth_reports wrote xml
INFO-FLOW: DBG:PUTS:      update_csynth_reports appended to csynth rpt file
INFO: [HLS 200-111] Finished Updating report files: CPU user time: 0.42 seconds. CPU system time: 0.02 seconds. Elapsed time: 0.5 seconds; current allocated memory: 374.887 MB.
INFO: [VHDL 208-304] Generating VHDL RTL for sobel_accel.
INFO: [VLOG 209-307] Generating Verilog RTL for sobel_accel.
Execute         syn_report -model sobel_accel -printsummary 
INFO: [HLS 200-790] **** Loop Constraint Status: All loop constraints were satisfied.
INFO: [HLS 200-789] **** Estimated Fmax: 378.93 MHz
Command       autosyn done; 3.4 sec.
Command     csynth_design done; 29.78 sec.
INFO: [HLS 200-111] Finished Command csynth_design CPU user time: 10.98 seconds. CPU system time: 2.45 seconds. Elapsed time: 29.78 seconds; current allocated memory: 74.250 MB.
Execute     export_design -format xo -output sobel.xo 
INFO: [HLS 200-1510] Running: export_design -format xo -output sobel.xo 
Execute       config_export -format=xo -output=sobel.xo 
INFO-FLOW: DBG:PUTS: export_design_wrap: -format xo -rtl verilog
Execute       source /home/ven_903/sobel-update2/scripts/sobel_hls/solution1/.autopilot/db/global.setting.tcl 
INFO-FLOW: DBG:PUTS:   auto_impl: pack: -export -rtl verilog
INFO-FLOW: DBG:PROC: ::AESL_AUTOIMPL::auto_impl args='-export -rtl verilog'
Execute       source /home/ven_903/sobel-update2/scripts/sobel_hls/solution1/.autopilot/db/global.setting.tcl 
INFO: [IMPL 213-8] Exporting RTL as a Vivado IP.
INFO-FLOW: DBG:PUTS: automg_wrap -export -pcore_version 1.00.a -rtl vlog -tool Vivado -impltomg_flag
INFO-FLOW: DBG:PROC: ::AESL_AUTOMG::auto_generate args='-export -pcore_version 1.00.a -rtl vlog -tool Vivado -impltomg_flag'
INFO-FLOW: DBG:PUTS:     auto_generate -export -pcore_version 1.00.a -rtl vlog -tool Vivado -impltomg_flag
Execute       source /home/ven_903/sobel-update2/scripts/sobel_hls/solution1/.autopilot/db/global.setting.tcl 
INFO-FLOW: DBG:PUTS: read_platform_lib /home/ven_903/sobel-update2/scripts/sobel_hls/solution1/.autopilot/db/global.setting.tcl
Execute       source /tools/Xilinx/Vitis_HLS/2023.2/common/technology/generic/autopilot/common.gen 
Execute         source /tools/Xilinx/Vitis_HLS/2023.2/common/technology/generic/autopilot/APCoreGen.gen 
Execute       source /tools/Xilinx/Vitis_HLS/2023.2/common/technology/generic/autopilot/op.gen 
Execute       source /tools/Xilinx/Vitis_HLS/2023.2/common/technology/generic/autopilot/op_simcore.gen 
Execute       source /tools/Xilinx/Vitis_HLS/2023.2/common/technology/generic/autopilot/interface.gen 
Execute       source /home/ven_903/sobel-update2/scripts/sobel_hls/solution1/.autopilot/db/global.setting.tcl 
Execute       source /tools/Xilinx/Vitis_HLS/2023.2/common/technology/xilinx/common/xilinx.gen 
Execute         source /tools/Xilinx/Vitis_HLS/2023.2/common/technology/xilinx/interface/plb46.gen 
Execute         source /tools/Xilinx/Vitis_HLS/2023.2/common/technology/xilinx/interface/axi4.gen 
Execute         source /tools/Xilinx/Vitis_HLS/2023.2/common/technology/xilinx/interface/nativeAXI4.gen 
Execute           source /tools/Xilinx/Vitis_HLS/2023.2/common/technology/xilinx/interface/saxilite.gen 
Execute         source /tools/Xilinx/Vitis_HLS/2023.2/common/technology/xilinx/scripts/xilinxcoregen.gen 
Execute         source /tools/Xilinx/Vitis_HLS/2023.2/common/technology/xilinx/interface/XilEDKCoreGen.gen 
Execute         source /tools/Xilinx/Vitis_HLS/2023.2/common/technology/xilinx/ip/xfft.gen 
Execute         source /tools/Xilinx/Vitis_HLS/2023.2/common/technology/xilinx/ip/util.gen 
Execute         source /tools/Xilinx/Vitis_HLS/2023.2/common/technology/xilinx/ip/dds_compiler.gen 
Execute         source /tools/Xilinx/Vitis_HLS/2023.2/common/technology/xilinx/ip/xfir.gen 
Execute         source /tools/Xilinx/Vitis_HLS/2023.2/common/technology/xilinx/DSP48/dsp48.gen 
INFO-FLOW: DBG:PUTS:       initCTypeInfo top_module=sobel_accel xml_exists=0
Execute       source /home/ven_903/sobel-update2/scripts/sobel_hls/solution1/.autopilot/db/sobel_accel.rtl_wrap.cfg.tcl 
Execute       source /home/ven_903/sobel-update2/scripts/sobel_hls/solution1/.autopilot/db/sobel_accel.rtl_wrap.cfg.tcl 
Execute       source /home/ven_903/sobel-update2/scripts/sobel_hls/solution1/.autopilot/db/sobel_accel.rtl_wrap.cfg.tcl 
Execute       source /home/ven_903/sobel-update2/scripts/sobel_hls/solution1/.autopilot/db/sobel_accel.tbgen.tcl 
Execute       source /home/ven_903/sobel-update2/scripts/sobel_hls/solution1/.autopilot/db/sobel_accel.tbgen.tcl 
Execute       source /home/ven_903/sobel-update2/scripts/sobel_hls/solution1/.autopilot/db/global.setting.tcl 
Execute       source /home/ven_903/sobel-update2/scripts/sobel_hls/solution1/.autopilot/db/sobel_accel.tbgen.tcl 
INFO-FLOW: DBG:PUTS:       cosim_export_main adding deadlock detection to sobel_accel
INFO-FLOW: DBG:PUTS:       kernel.xml check internal_kernel_xml(0)=/home/ven_903/sobel-update2/scripts/sobel_hls/solution1/.autopilot/db/kernel.internal.xml top=sobel_accel
INFO-FLOW: DBG:PUTS:       kernel.xml check proj_kernel_xml    (0)=/home/ven_903/sobel-update2/scripts/sobel_hls/solution1/.autopilot/db/../../../kernel.xml
Execute       send_msg_by_id ERROR @200-1032@ 
ERROR: [HLS 200-1032] Solution configuration has changed (config_export -format xo), please rerun csynth_design.
INFO-FLOW: DBG:PUTS: DBG: auto_generate error Must rerun csynth_design
Must rerun csynth_design
    while executing
"error "Must rerun csynth_design""
    (procedure "::AESL_AUTOMG::auto_generate" line 271)
    invoked from within
"::AESL_AUTOMG::auto_generate {*}$args"
INFO-FLOW: Caught error in export_design: 
    while executing
"auto_impl_catch $gStartDir {*}$auto_impl_ippack_args"
    (procedure "::AESL_AUTOIMPL::export_design_wrap" line 83)
    invoked from within
"::AESL_AUTOIMPL::export_design_wrap {*}$args"
    (procedure "ap_internal_export_design" line 113)
    invoked from within
"ap_internal_export_design "
Command     export_design done; error code: 2; 0.16 sec.
INFO: [HLS 200-111] Finished Command export_design CPU user time: 0.16 seconds. CPU system time: 0.01 seconds. Elapsed time: 0.16 seconds; current allocated memory: 2.184 MB.
Command   ap_source done; error code: 1; 31.23 sec.
Execute   cleanup_all 
INFO-FLOW: Workspace /home/ven_903/sobel-update2/scripts/sobel_hls/solution1 opened at Fri Nov 21 01:07:44 UTC 2025
Execute       ap_set_clock -name default -period 3.33 -default=false 
INFO: [SYN 201-201] Setting up clock 'default' with a period of 3.33ns.
Execute       set_part xcu280-fsvh2892-2L-e 
Execute         create_platform xcu280-fsvh2892-2L-e -board  
DBG:HLSDevice: Trying to load device library: /tools/Xilinx/Vitis_HLS/2023.2/lib/lnx64.o/libxv_hlsvwrap.so
DBG:HLSDevice: first parts/arch.xml in RDI_DATADIR: /tools/Xilinx/Vivado/2023.2/data/parts/arch.xml
DBG:HLSDevice: init success
INFO: [HLS 200-1611] Setting target device to 'xcu280-fsvh2892-2L-e'
Command         create_platform done; 0.9 sec.
Execute         source /tools/Xilinx/Vitis_HLS/2023.2/common/technology/xilinx/common/xilinx.gen 
Execute           source /tools/Xilinx/Vitis_HLS/2023.2/common/technology/xilinx/interface/plb46.gen 
Execute           source /tools/Xilinx/Vitis_HLS/2023.2/common/technology/xilinx/interface/axi4.gen 
Execute           source /tools/Xilinx/Vitis_HLS/2023.2/common/technology/xilinx/interface/nativeAXI4.gen 
Execute             source /tools/Xilinx/Vitis_HLS/2023.2/common/technology/xilinx/interface/saxilite.gen 
Execute           source /tools/Xilinx/Vitis_HLS/2023.2/common/technology/xilinx/scripts/xilinxcoregen.gen 
Execute           source /tools/Xilinx/Vitis_HLS/2023.2/common/technology/xilinx/interface/XilEDKCoreGen.gen 
Execute           source /tools/Xilinx/Vitis_HLS/2023.2/common/technology/xilinx/ip/xfft.gen 
Execute           source /tools/Xilinx/Vitis_HLS/2023.2/common/technology/xilinx/ip/util.gen 
Execute           source /tools/Xilinx/Vitis_HLS/2023.2/common/technology/xilinx/ip/dds_compiler.gen 
Execute           source /tools/Xilinx/Vitis_HLS/2023.2/common/technology/xilinx/ip/xfir.gen 
Execute           source /tools/Xilinx/Vitis_HLS/2023.2/common/technology/xilinx/DSP48/dsp48.gen 
Execute         ap_part_info -name xcu280-fsvh2892-2L-e -data info 
Execute         config_compile -quiet -complex-mul-dsp=0 
Command       set_part done; 1.01 sec.
Execute       send_msg_by_id INFO @200-1505@%s%s  vivado 
INFO: [HLS 200-1505] Using flow_target 'vivado'
Execute       send_msg_by_id INFO @200-1464@%s config_export -format=xo 
INFO: [HLS 200-1464] Running solution command: config_export -format=xo
Execute       config_export -format=xo 
Execute       send_msg_by_id INFO @200-1464@%s config_export -output=sobel.xo 
INFO: [HLS 200-1464] Running solution command: config_export -output=sobel.xo
Execute       config_export -output=sobel.xo 
Command     open_solution done; 1.1 sec.
Execute     csynth_design 
INFO: [HLS 200-1510] Running: csynth_design 
INFO-FLOW: Running SLX 'csynth' proc: ::SLX::run_csynth
Execute       elaborate -effort=medium -skip_syncheck=0 -keep_printf=0 -skip_cdt=0 -skip_transform=0 -ng=0 -g=0 -opt_fp=0 -from_csynth_design=1 
INFO: [HLS 200-111] Finished File checks and directory preparation: CPU user time: 0.07 seconds. CPU system time: 0.01 seconds. Elapsed time: 0.08 seconds; current allocated memory: 271.168 MB.
Execute         set_directive_top sobel_accel -name=sobel_accel 
Execute         source /tools/Xilinx/Vitis_HLS/2023.2/tps/tcl/tcllib1.11.1/yaml/huddle.tcl 
Execute         source /tools/Xilinx/Vitis_HLS/2023.2/tps/tcl/tcllib1.11.1/yaml/json2huddle.tcl 
Execute           source /tools/Xilinx/Vitis_HLS/2023.2/tps/tcl/tcllib1.11.1/try/try.tcl 
INFO: [HLS 200-10] Analyzing design file '../src/sobel.cpp' ... 
INFO-FLOW: Compiling one TU...
INFO-FLOW: Handling ../src/sobel.cpp as C++
Execute         ap_part_info -name xcu280-fsvh2892-2L-e -data info 
INFO-FLOW: Running: GCC PP 39
INFO-FLOW: Source preprocessing
INFO-FLOW: run_clang exec: /tools/Xilinx/Vitis_HLS/2023.2/lnx64/tools/clang-3.9-csynth/bin/clang ../src/sobel.cpp -foptimization-record-file=/home/ven_903/sobel-update2/scripts/sobel_hls/solution1/.autopilot/db/sobel.cpp.clang.diag.yml -mllvm -pass-remarks-missed=reflow|pasta|unroll -mllvm -pass-remarks=reflow|pasta|unroll|inline -fno-limit-debug-info -gcc-toolchain /tools/Xilinx/Vitis_HLS/2023.2/tps/lnx64/gcc-8.3.0 -fhls -fno-exceptions -insert-hls-directive=/home/ven_903/sobel-update2/scripts/sobel_hls/solution1/.autopilot/db/all.directive.json -E -fno-math-errno -c -emit-llvm -mllvm -disable-llvm-optzns -Werror=implicit-function-declaration -Werror=implicit-hls-streams -Werror=return-type -Wpragmas -Wunused-parameter -Wdump-hls-pragmas -Wno-error=dump-hls-pragmas -hls-clock-period=3.33 -fno-threadsafe-statics -fno-use-cxa-atexit -std=gnu++14 -target fpga64-xilinx-linux-gnu -fno-threadsafe-statics -fno-use-cxa-atexit -D__VITIS_HLS__ -DAESL_SYN -D__SYNTHESIS__ -D__HLS_SYN__ -I /tools/Xilinx/Vitis_HLS/2023.2/common/technology/autopilot -I /tools/Xilinx/Vitis_HLS/2023.2/common/technology/autopilot/ap_sysc -include etc/autopilot_ssdm_op.h -D__DSP48E2__ -I /usr/include/x86_64-linux-gnu -o /home/ven_903/sobel-update2/scripts/sobel_hls/solution1/.autopilot/db/sobel.pp.0.cpp -hls-platform-db-name=/tools/Xilinx/Vitis_HLS/2023.2/common/technology/xilinx/common/platform.db -hls-platform-name=virtexuplus_medium -device-resource-info=BRAM_4032.000000_DSP_9024.000000_FF_2607360.000000_LUT_1303680.000000_SLICE_162960.000000_SLR_3.000000_URAM_960.000000 -device-name-info=xcu280-fsvh2892-2L-e > /home/ven_903/sobel-update2/scripts/sobel_hls/solution1/.autopilot/db/sobel.cpp.clang.out.log 2> /home/ven_903/sobel-update2/scripts/sobel_hls/solution1/.autopilot/db/sobel.cpp.clang.err.log
INFO-FLOW: Done: GCC PP 39 time: 0.2 seconds per iteration
INFO-FLOW: Source syntax check for synthesis
INFO-FLOW: run_clang exec: /tools/Xilinx/Vitis_HLS/2023.2/lnx64/tools/clang-3.9-csynth/bin/clang -foptimization-record-file=/home/ven_903/sobel-update2/scripts/sobel_hls/solution1/.autopilot/db/clang.diag.yml -mllvm -pass-remarks-missed=reflow|pasta|unroll -mllvm -pass-remarks=reflow|pasta|unroll|inline -fsyntax-only -fhls -target fpga64-xilinx-linux-gnu /home/ven_903/sobel-update2/scripts/sobel_hls/solution1/.autopilot/db/sobel.pp.0.cpp -hls-platform-db-name=/tools/Xilinx/Vitis_HLS/2023.2/common/technology/xilinx/common/platform.db -hls-platform-name=virtexuplus_medium -device-resource-info=BRAM_4032.000000_DSP_9024.000000_FF_2607360.000000_LUT_1303680.000000_SLICE_162960.000000_SLR_3.000000_URAM_960.000000 -device-name-info=xcu280-fsvh2892-2L-e > /home/ven_903/sobel-update2/scripts/sobel_hls/solution1/.autopilot/db/clang.out.log 2> /home/ven_903/sobel-update2/scripts/sobel_hls/solution1/.autopilot/db/clang.err.log
Execute         clang_tidy xilinx-systemc-detector -desc systemc-detector /home/ven_903/sobel-update2/scripts/sobel_hls/solution1/.autopilot/db/sobel.pp.0.cpp std=gnu++14 -target fpga  -directive=/home/ven_903/sobel-update2/scripts/sobel_hls/solution1/.autopilot/db/.systemc_flag 
INFO-FLOW: exec /tools/Xilinx/Vitis_HLS/2023.2/lnx64/tools/clang-3.9-csynth/bin/clang-tidy -header-filter=.* --checks=-*,xilinx-systemc-detector -import-directive=/home/ven_903/sobel-update2/scripts/sobel_hls/solution1/.autopilot/db/.systemc_flag -fix-errors /home/ven_903/sobel-update2/scripts/sobel_hls/solution1/.autopilot/db/sobel.pp.0.cpp -- -std=gnu++14 -target fpga -fhls -ferror-limit=0
Command         clang_tidy done; 0.4 sec.
INFO-FLOW: Running: clang-tidy CDT preprocess 39
Execute         clang_tidy xilinx-directive2pragma -desc directive2pragma /home/ven_903/sobel-update2/scripts/sobel_hls/solution1/.autopilot/db/sobel.pp.0.cpp std=gnu++14 -target fpga  -directive=/home/ven_903/sobel-update2/scripts/sobel_hls/solution1/.autopilot/db/all.directive.json 
INFO-FLOW: exec /tools/Xilinx/Vitis_HLS/2023.2/lnx64/tools/clang-3.9-csynth/bin/clang-tidy -header-filter=.* --checks=-*,xilinx-directive2pragma -import-directive=/home/ven_903/sobel-update2/scripts/sobel_hls/solution1/.autopilot/db/all.directive.json -fix-errors /home/ven_903/sobel-update2/scripts/sobel_hls/solution1/.autopilot/db/sobel.pp.0.cpp -- -std=gnu++14 -target fpga -fhls -ferror-limit=0
Command         clang_tidy done; 0.4 sec.
INFO-FLOW: Done: clang-tidy CDT preprocess 39 time: 0.4 seconds per iteration
INFO-FLOW: Calling xilinx-label-all-loops ... 
INFO-FLOW: Calling xilinx-aggregate-on-hls-vector ... 
Execute         clang_tidy -errorcheck -desc loop-label xilinx-label-all-loops,xilinx-aggregate-on-hls-vector,,xilinx-warn-mayneed-no-ctor-attribute /home/ven_903/sobel-update2/scripts/sobel_hls/solution1/.autopilot/db/sobel.pp.0.cpp std=gnu++14 -target fpga  
INFO-FLOW: run_clang exec: /tools/Xilinx/Vitis_HLS/2023.2/lnx64/tools/clang-3.9-csynth/bin/clang-tidy -export-fixes=/home/ven_903/sobel-update2/scripts/sobel_hls/solution1/.autopilot/db/sobel.pp.0.cpp.clang-tidy.loop-label.diag.yml -header-filter=.* --checks=-*,xilinx-label-all-loops,xilinx-aggregate-on-hls-vector,,xilinx-warn-mayneed-no-ctor-attribute -fix-errors /home/ven_903/sobel-update2/scripts/sobel_hls/solution1/.autopilot/db/sobel.pp.0.cpp -- -std=gnu++14 -target fpga -fhls -ferror-limit=0 > /home/ven_903/sobel-update2/scripts/sobel_hls/solution1/.autopilot/db/sobel.pp.0.cpp.clang-tidy.loop-label.out.log 2> /home/ven_903/sobel-update2/scripts/sobel_hls/solution1/.autopilot/db/sobel.pp.0.cpp.clang-tidy.loop-label.err.log
Execute           source /tools/Xilinx/Vitis_HLS/2023.2/tps/tcl/tcllib1.11.1/yaml/yaml.tcl 
Command         clang_tidy done; 0.83 sec.
INFO-FLOW: run_clang exec: /tools/Xilinx/Vitis_HLS/2023.2/lnx64/tools/clang-3.9-csynth/bin/xilinx-dataflow-lawyer -export-fixes=/home/ven_903/sobel-update2/scripts/sobel_hls/solution1/.autopilot/db/sobel.pp.0.cpp.xilinx-dataflow-lawyer.diag.yml /home/ven_903/sobel-update2/scripts/sobel_hls/solution1/.autopilot/db/sobel.pp.0.cpp -- -std=gnu++14 -target fpga -fhls -ferror-limit=0 -fstrict-dataflow > /home/ven_903/sobel-update2/scripts/sobel_hls/solution1/.autopilot/db/sobel.pp.0.cpp.xilinx-dataflow-lawyer.out.log 2> /home/ven_903/sobel-update2/scripts/sobel_hls/solution1/.autopilot/db/sobel.pp.0.cpp.xilinx-dataflow-lawyer.err.log
Execute         ap_part_info -name xcu280-fsvh2892-2L-e -data info 
INFO-FLOW: compiling source code to llvm bc
INFO-FLOW: run_clang exec: /tools/Xilinx/Vitis_HLS/2023.2/lnx64/tools/clang-3.9-csynth/bin/clang -foptimization-record-file=/home/ven_903/sobel-update2/scripts/sobel_hls/solution1/.autopilot/db/sobel.pp.0.cpp.clang.diag.yml -mllvm -pass-remarks-missed=reflow|pasta|unroll -mllvm -pass-remarks=reflow|pasta|unroll|inline -fno-limit-debug-info -fhls -flto -fno-exceptions -Wno-error=c++11-narrowing -hls-emit-hint-scope /home/ven_903/sobel-update2/scripts/sobel_hls/solution1/.autopilot/db/sobel.pp.0.cpp -fno-math-errno -c -emit-llvm -mllvm -disable-llvm-optzns -Werror=implicit-function-declaration -Werror=implicit-hls-streams -Werror=return-type -Wpragmas -Wunused-parameter -Wdump-hls-pragmas -Wno-error=dump-hls-pragmas -hls-clock-period=3.33 -fno-threadsafe-statics -fno-use-cxa-atexit -std=gnu++14 -target fpga64-xilinx-linux-gnu -D__VITIS_HLS__ -DAESL_SYN -D__SYNTHESIS__ -D__HLS_SYN__ -I /tools/Xilinx/Vitis_HLS/2023.2/common/technology/autopilot -I /tools/Xilinx/Vitis_HLS/2023.2/common/technology/autopilot/ap_sysc -include etc/autopilot_ssdm_op.h -D__DSP48E2__ -g -o /home/ven_903/sobel-update2/scripts/sobel_hls/solution1/.autopilot/db/sobel.bc -hls-platform-db-name=/tools/Xilinx/Vitis_HLS/2023.2/common/technology/xilinx/common/platform.db -hls-platform-name=virtexuplus_medium -device-resource-info=BRAM_4032.000000_DSP_9024.000000_FF_2607360.000000_LUT_1303680.000000_SLICE_162960.000000_SLR_3.000000_URAM_960.000000 -device-name-info=xcu280-fsvh2892-2L-e > /home/ven_903/sobel-update2/scripts/sobel_hls/solution1/.autopilot/db/sobel.pp.0.cpp.clang.out.log 2> /home/ven_903/sobel-update2/scripts/sobel_hls/solution1/.autopilot/db/sobel.pp.0.cpp.clang.err.log
INFO: [HLS 200-10] Analyzing design file '../src/kernel.cpp' ... 
INFO-FLOW: Compiling one TU...
INFO-FLOW: Handling ../src/kernel.cpp as C++
Execute         ap_part_info -name xcu280-fsvh2892-2L-e -data info 
INFO-FLOW: Running: GCC PP 39
INFO-FLOW: Source preprocessing
INFO-FLOW: run_clang exec: /tools/Xilinx/Vitis_HLS/2023.2/lnx64/tools/clang-3.9-csynth/bin/clang ../src/kernel.cpp -foptimization-record-file=/home/ven_903/sobel-update2/scripts/sobel_hls/solution1/.autopilot/db/kernel.cpp.clang.diag.yml -mllvm -pass-remarks-missed=reflow|pasta|unroll -mllvm -pass-remarks=reflow|pasta|unroll|inline -fno-limit-debug-info -gcc-toolchain /tools/Xilinx/Vitis_HLS/2023.2/tps/lnx64/gcc-8.3.0 -fhls -fno-exceptions -insert-hls-directive=/home/ven_903/sobel-update2/scripts/sobel_hls/solution1/.autopilot/db/all.directive.json -E -fno-math-errno -c -emit-llvm -mllvm -disable-llvm-optzns -Werror=implicit-function-declaration -Werror=implicit-hls-streams -Werror=return-type -Wpragmas -Wunused-parameter -Wdump-hls-pragmas -Wno-error=dump-hls-pragmas -hls-clock-period=3.33 -fno-threadsafe-statics -fno-use-cxa-atexit -std=gnu++14 -target fpga64-xilinx-linux-gnu -fno-threadsafe-statics -fno-use-cxa-atexit -D__VITIS_HLS__ -DAESL_SYN -D__SYNTHESIS__ -D__HLS_SYN__ -I /tools/Xilinx/Vitis_HLS/2023.2/common/technology/autopilot -I /tools/Xilinx/Vitis_HLS/2023.2/common/technology/autopilot/ap_sysc -include etc/autopilot_ssdm_op.h -D__DSP48E2__ -I /usr/include/x86_64-linux-gnu -o /home/ven_903/sobel-update2/scripts/sobel_hls/solution1/.autopilot/db/kernel.pp.0.cpp -hls-platform-db-name=/tools/Xilinx/Vitis_HLS/2023.2/common/technology/xilinx/common/platform.db -hls-platform-name=virtexuplus_medium -device-resource-info=BRAM_4032.000000_DSP_9024.000000_FF_2607360.000000_LUT_1303680.000000_SLICE_162960.000000_SLR_3.000000_URAM_960.000000 -device-name-info=xcu280-fsvh2892-2L-e > /home/ven_903/sobel-update2/scripts/sobel_hls/solution1/.autopilot/db/kernel.cpp.clang.out.log 2> /home/ven_903/sobel-update2/scripts/sobel_hls/solution1/.autopilot/db/kernel.cpp.clang.err.log
INFO-FLOW: Done: GCC PP 39 time: 0.2 seconds per iteration
INFO-FLOW: Source syntax check for synthesis
INFO-FLOW: run_clang exec: /tools/Xilinx/Vitis_HLS/2023.2/lnx64/tools/clang-3.9-csynth/bin/clang -foptimization-record-file=/home/ven_903/sobel-update2/scripts/sobel_hls/solution1/.autopilot/db/clang.diag.yml -mllvm -pass-remarks-missed=reflow|pasta|unroll -mllvm -pass-remarks=reflow|pasta|unroll|inline -fsyntax-only -fhls -target fpga64-xilinx-linux-gnu /home/ven_903/sobel-update2/scripts/sobel_hls/solution1/.autopilot/db/kernel.pp.0.cpp -hls-platform-db-name=/tools/Xilinx/Vitis_HLS/2023.2/common/technology/xilinx/common/platform.db -hls-platform-name=virtexuplus_medium -device-resource-info=BRAM_4032.000000_DSP_9024.000000_FF_2607360.000000_LUT_1303680.000000_SLICE_162960.000000_SLR_3.000000_URAM_960.000000 -device-name-info=xcu280-fsvh2892-2L-e > /home/ven_903/sobel-update2/scripts/sobel_hls/solution1/.autopilot/db/clang.out.log 2> /home/ven_903/sobel-update2/scripts/sobel_hls/solution1/.autopilot/db/clang.err.log
Execute         clang_tidy xilinx-systemc-detector -desc systemc-detector /home/ven_903/sobel-update2/scripts/sobel_hls/solution1/.autopilot/db/kernel.pp.0.cpp std=gnu++14 -target fpga  -directive=/home/ven_903/sobel-update2/scripts/sobel_hls/solution1/.autopilot/db/.systemc_flag 
INFO-FLOW: exec /tools/Xilinx/Vitis_HLS/2023.2/lnx64/tools/clang-3.9-csynth/bin/clang-tidy -header-filter=.* --checks=-*,xilinx-systemc-detector -import-directive=/home/ven_903/sobel-update2/scripts/sobel_hls/solution1/.autopilot/db/.systemc_flag -fix-errors /home/ven_903/sobel-update2/scripts/sobel_hls/solution1/.autopilot/db/kernel.pp.0.cpp -- -std=gnu++14 -target fpga -fhls -ferror-limit=0
Command         clang_tidy done; 0.39 sec.
INFO-FLOW: Running: clang-tidy CDT preprocess 39
Execute         clang_tidy xilinx-directive2pragma -desc directive2pragma /home/ven_903/sobel-update2/scripts/sobel_hls/solution1/.autopilot/db/kernel.pp.0.cpp std=gnu++14 -target fpga  -directive=/home/ven_903/sobel-update2/scripts/sobel_hls/solution1/.autopilot/db/all.directive.json 
INFO-FLOW: exec /tools/Xilinx/Vitis_HLS/2023.2/lnx64/tools/clang-3.9-csynth/bin/clang-tidy -header-filter=.* --checks=-*,xilinx-directive2pragma -import-directive=/home/ven_903/sobel-update2/scripts/sobel_hls/solution1/.autopilot/db/all.directive.json -fix-errors /home/ven_903/sobel-update2/scripts/sobel_hls/solution1/.autopilot/db/kernel.pp.0.cpp -- -std=gnu++14 -target fpga -fhls -ferror-limit=0
Command         clang_tidy done; 0.66 sec.
INFO-FLOW: Done: clang-tidy CDT preprocess 39 time: 0.7 seconds per iteration
INFO-FLOW: Calling xilinx-label-all-loops ... 
INFO-FLOW: Calling xilinx-aggregate-on-hls-vector ... 
Execute         clang_tidy -errorcheck -desc loop-label xilinx-label-all-loops,xilinx-aggregate-on-hls-vector,,xilinx-warn-mayneed-no-ctor-attribute /home/ven_903/sobel-update2/scripts/sobel_hls/solution1/.autopilot/db/kernel.pp.0.cpp std=gnu++14 -target fpga  
INFO-FLOW: run_clang exec: /tools/Xilinx/Vitis_HLS/2023.2/lnx64/tools/clang-3.9-csynth/bin/clang-tidy -export-fixes=/home/ven_903/sobel-update2/scripts/sobel_hls/solution1/.autopilot/db/kernel.pp.0.cpp.clang-tidy.loop-label.diag.yml -header-filter=.* --checks=-*,xilinx-label-all-loops,xilinx-aggregate-on-hls-vector,,xilinx-warn-mayneed-no-ctor-attribute -fix-errors /home/ven_903/sobel-update2/scripts/sobel_hls/solution1/.autopilot/db/kernel.pp.0.cpp -- -std=gnu++14 -target fpga -fhls -ferror-limit=0 > /home/ven_903/sobel-update2/scripts/sobel_hls/solution1/.autopilot/db/kernel.pp.0.cpp.clang-tidy.loop-label.out.log 2> /home/ven_903/sobel-update2/scripts/sobel_hls/solution1/.autopilot/db/kernel.pp.0.cpp.clang-tidy.loop-label.err.log
Command         clang_tidy done; 0.83 sec.
INFO-FLOW: run_clang exec: /tools/Xilinx/Vitis_HLS/2023.2/lnx64/tools/clang-3.9-csynth/bin/xilinx-dataflow-lawyer -export-fixes=/home/ven_903/sobel-update2/scripts/sobel_hls/solution1/.autopilot/db/kernel.pp.0.cpp.xilinx-dataflow-lawyer.diag.yml /home/ven_903/sobel-update2/scripts/sobel_hls/solution1/.autopilot/db/kernel.pp.0.cpp -- -std=gnu++14 -target fpga -fhls -ferror-limit=0 -fstrict-dataflow > /home/ven_903/sobel-update2/scripts/sobel_hls/solution1/.autopilot/db/kernel.pp.0.cpp.xilinx-dataflow-lawyer.out.log 2> /home/ven_903/sobel-update2/scripts/sobel_hls/solution1/.autopilot/db/kernel.pp.0.cpp.xilinx-dataflow-lawyer.err.log
WARNING: [HLS 214-114] Since the only kind of statements allowed in a canonical dataflow region are variable declarations and function calls, the compiler may not be able to correctly handle the region (../src/kernel.cpp:14:9)
Execute         send_msg_by_id WARNING @200-471@%s%s 1 ../src/kernel.cpp 
WARNING: [HLS 200-471] Dataflow form checks found 1 issue(s) in file ../src/kernel.cpp
Execute         ap_part_info -name xcu280-fsvh2892-2L-e -data info 
INFO-FLOW: compiling source code to llvm bc
INFO-FLOW: run_clang exec: /tools/Xilinx/Vitis_HLS/2023.2/lnx64/tools/clang-3.9-csynth/bin/clang -foptimization-record-file=/home/ven_903/sobel-update2/scripts/sobel_hls/solution1/.autopilot/db/kernel.pp.0.cpp.clang.diag.yml -mllvm -pass-remarks-missed=reflow|pasta|unroll -mllvm -pass-remarks=reflow|pasta|unroll|inline -fno-limit-debug-info -fhls -flto -fno-exceptions -Wno-error=c++11-narrowing -hls-emit-hint-scope /home/ven_903/sobel-update2/scripts/sobel_hls/solution1/.autopilot/db/kernel.pp.0.cpp -fno-math-errno -c -emit-llvm -mllvm -disable-llvm-optzns -Werror=implicit-function-declaration -Werror=implicit-hls-streams -Werror=return-type -Wpragmas -Wunused-parameter -Wdump-hls-pragmas -Wno-error=dump-hls-pragmas -hls-clock-period=3.33 -fno-threadsafe-statics -fno-use-cxa-atexit -std=gnu++14 -target fpga64-xilinx-linux-gnu -D__VITIS_HLS__ -DAESL_SYN -D__SYNTHESIS__ -D__HLS_SYN__ -I /tools/Xilinx/Vitis_HLS/2023.2/common/technology/autopilot -I /tools/Xilinx/Vitis_HLS/2023.2/common/technology/autopilot/ap_sysc -include etc/autopilot_ssdm_op.h -D__DSP48E2__ -g -o /home/ven_903/sobel-update2/scripts/sobel_hls/solution1/.autopilot/db/kernel.bc -hls-platform-db-name=/tools/Xilinx/Vitis_HLS/2023.2/common/technology/xilinx/common/platform.db -hls-platform-name=virtexuplus_medium -device-resource-info=BRAM_4032.000000_DSP_9024.000000_FF_2607360.000000_LUT_1303680.000000_SLICE_162960.000000_SLR_3.000000_URAM_960.000000 -device-name-info=xcu280-fsvh2892-2L-e > /home/ven_903/sobel-update2/scripts/sobel_hls/solution1/.autopilot/db/kernel.pp.0.cpp.clang.out.log 2> /home/ven_903/sobel-update2/scripts/sobel_hls/solution1/.autopilot/db/kernel.pp.0.cpp.clang.err.log
INFO: [HLS 200-111] Finished Source Code Analysis and Preprocessing: CPU user time: 5.68 seconds. CPU system time: 1.34 seconds. Elapsed time: 7.16 seconds; current allocated memory: 273.648 MB.
INFO-FLOW: Linking Debug ...
INFO-FLOW: Linking dut bc code.
Execute         run_link_or_opt -out /home/ven_903/sobel-update2/scripts/sobel_hls/solution1/.autopilot/db/a.g.ld.0.bc -args  "/home/ven_903/sobel-update2/scripts/sobel_hls/solution1/.autopilot/db/sobel.g.bc" "/home/ven_903/sobel-update2/scripts/sobel_hls/solution1/.autopilot/db/kernel.g.bc"  
INFO-FLOW: run_clang exec: /tools/Xilinx/Vitis_HLS/2023.2/lnx64/tools/clang-3.9-csynth/bin/llvm-link /home/ven_903/sobel-update2/scripts/sobel_hls/solution1/.autopilot/db/sobel.g.bc /home/ven_903/sobel-update2/scripts/sobel_hls/solution1/.autopilot/db/kernel.g.bc -o /home/ven_903/sobel-update2/scripts/sobel_hls/solution1/.autopilot/db/a.g.ld.0.bc > /home/ven_903/sobel-update2/scripts/sobel_hls/solution1/.autopilot/db/a.g.ld.0.bc.llvm-link.out.log 2> /home/ven_903/sobel-update2/scripts/sobel_hls/solution1/.autopilot/db/a.g.ld.0.bc.llvm-link.err.log
INFO-FLOW: 
Execute         run_link_or_opt -opt -out /home/ven_903/sobel-update2/scripts/sobel_hls/solution1/.autopilot/db/a.g.ld.1.lower.bc -args /home/ven_903/sobel-update2/scripts/sobel_hls/solution1/.autopilot/db/a.g.ld.0.bc -reflow-lower-math-intrinsics 
INFO-FLOW: run_clang exec: /tools/Xilinx/Vitis_HLS/2023.2/lnx64/tools/clang-3.9-csynth/bin/opt -pass-remarks-missed=reflow|pasta|unroll -pass-remarks=reflow|pasta|unroll|inline -pass-remarks-output=/home/ven_903/sobel-update2/scripts/sobel_hls/solution1/.autopilot/db/a.g.ld.1.lower.bc.opt.diag.yml /home/ven_903/sobel-update2/scripts/sobel_hls/solution1/.autopilot/db/a.g.ld.0.bc -reflow-lower-math-intrinsics -o /home/ven_903/sobel-update2/scripts/sobel_hls/solution1/.autopilot/db/a.g.ld.1.lower.bc > /home/ven_903/sobel-update2/scripts/sobel_hls/solution1/.autopilot/db/a.g.ld.1.lower.bc.opt.out.log 2> /home/ven_903/sobel-update2/scripts/sobel_hls/solution1/.autopilot/db/a.g.ld.1.lower.bc.opt.err.log
INFO-FLOW: 
INFO-FLOW: Running: gen_design_size_report post-opt
INFO-FLOW: Done: gen_design_size_report post-opt time: 0 seconds per iteration
INFO-FLOW: Linking math bc lib
Execute         run_link_or_opt -out /home/ven_903/sobel-update2/scripts/sobel_hls/solution1/.autopilot/db/a.g.ld.2.m1.bc -args /home/ven_903/sobel-update2/scripts/sobel_hls/solution1/.autopilot/db/a.g.ld.1.lower.bc -only-needed /tools/Xilinx/Vitis_HLS/2023.2/lnx64/lib/libhlsm_39.bc /tools/Xilinx/Vitis_HLS/2023.2/lnx64/lib/libhlsmc++_39.bc 
INFO-FLOW: run_clang exec: /tools/Xilinx/Vitis_HLS/2023.2/lnx64/tools/clang-3.9-csynth/bin/llvm-link /home/ven_903/sobel-update2/scripts/sobel_hls/solution1/.autopilot/db/a.g.ld.1.lower.bc -only-needed /tools/Xilinx/Vitis_HLS/2023.2/lnx64/lib/libhlsm_39.bc /tools/Xilinx/Vitis_HLS/2023.2/lnx64/lib/libhlsmc++_39.bc -o /home/ven_903/sobel-update2/scripts/sobel_hls/solution1/.autopilot/db/a.g.ld.2.m1.bc > /home/ven_903/sobel-update2/scripts/sobel_hls/solution1/.autopilot/db/a.g.ld.2.m1.bc.llvm-link.out.log 2> /home/ven_903/sobel-update2/scripts/sobel_hls/solution1/.autopilot/db/a.g.ld.2.m1.bc.llvm-link.err.log
INFO-FLOW: 
Command         run_link_or_opt done; 1.96 sec.
Execute         run_link_or_opt -opt -out /home/ven_903/sobel-update2/scripts/sobel_hls/solution1/.autopilot/db/a.g.ld.3.fpc.bc -args /home/ven_903/sobel-update2/scripts/sobel_hls/solution1/.autopilot/db/a.g.ld.2.m1.bc -reflow-globaldce -hls-top-function-name=sobel_accel -reflow-float-conversion 
INFO-FLOW: run_clang exec: /tools/Xilinx/Vitis_HLS/2023.2/lnx64/tools/clang-3.9-csynth/bin/opt -pass-remarks-missed=reflow|pasta|unroll -pass-remarks=reflow|pasta|unroll|inline -pass-remarks-output=/home/ven_903/sobel-update2/scripts/sobel_hls/solution1/.autopilot/db/a.g.ld.3.fpc.bc.opt.diag.yml /home/ven_903/sobel-update2/scripts/sobel_hls/solution1/.autopilot/db/a.g.ld.2.m1.bc -reflow-globaldce -hls-top-function-name=sobel_accel -reflow-float-conversion -o /home/ven_903/sobel-update2/scripts/sobel_hls/solution1/.autopilot/db/a.g.ld.3.fpc.bc > /home/ven_903/sobel-update2/scripts/sobel_hls/solution1/.autopilot/db/a.g.ld.3.fpc.bc.opt.out.log 2> /home/ven_903/sobel-update2/scripts/sobel_hls/solution1/.autopilot/db/a.g.ld.3.fpc.bc.opt.err.log
INFO-FLOW: 
INFO-FLOW: Running: gen_design_size_report post-opt
INFO-FLOW: Done: gen_design_size_report post-opt time: 0 seconds per iteration
Command         run_link_or_opt done; 0.81 sec.
Execute         run_link_or_opt -out /home/ven_903/sobel-update2/scripts/sobel_hls/solution1/.autopilot/db/a.g.ld.4.m2.bc -args /home/ven_903/sobel-update2/scripts/sobel_hls/solution1/.autopilot/db/a.g.ld.3.fpc.bc -only-needed /tools/Xilinx/Vitis_HLS/2023.2/lnx64/lib/libfloatconversion_39.bc 
INFO-FLOW: run_clang exec: /tools/Xilinx/Vitis_HLS/2023.2/lnx64/tools/clang-3.9-csynth/bin/llvm-link /home/ven_903/sobel-update2/scripts/sobel_hls/solution1/.autopilot/db/a.g.ld.3.fpc.bc -only-needed /tools/Xilinx/Vitis_HLS/2023.2/lnx64/lib/libfloatconversion_39.bc -o /home/ven_903/sobel-update2/scripts/sobel_hls/solution1/.autopilot/db/a.g.ld.4.m2.bc > /home/ven_903/sobel-update2/scripts/sobel_hls/solution1/.autopilot/db/a.g.ld.4.m2.bc.llvm-link.out.log 2> /home/ven_903/sobel-update2/scripts/sobel_hls/solution1/.autopilot/db/a.g.ld.4.m2.bc.llvm-link.err.log
INFO-FLOW: 
Execute         run_link_or_opt -opt -out /home/ven_903/sobel-update2/scripts/sobel_hls/solution1/.autopilot/db/a.g.ld.5.gdce.bc -args /home/ven_903/sobel-update2/scripts/sobel_hls/solution1/.autopilot/db/a.g.ld.4.m2.bc -reflow-globaldce -hls-top-function-name=sobel_accel 
INFO-FLOW: run_clang exec: /tools/Xilinx/Vitis_HLS/2023.2/lnx64/tools/clang-3.9-csynth/bin/opt -pass-remarks-missed=reflow|pasta|unroll -pass-remarks=reflow|pasta|unroll|inline -pass-remarks-output=/home/ven_903/sobel-update2/scripts/sobel_hls/solution1/.autopilot/db/a.g.ld.5.gdce.bc.opt.diag.yml /home/ven_903/sobel-update2/scripts/sobel_hls/solution1/.autopilot/db/a.g.ld.4.m2.bc -reflow-globaldce -hls-top-function-name=sobel_accel -o /home/ven_903/sobel-update2/scripts/sobel_hls/solution1/.autopilot/db/a.g.ld.5.gdce.bc > /home/ven_903/sobel-update2/scripts/sobel_hls/solution1/.autopilot/db/a.g.ld.5.gdce.bc.opt.out.log 2> /home/ven_903/sobel-update2/scripts/sobel_hls/solution1/.autopilot/db/a.g.ld.5.gdce.bc.opt.err.log
INFO-FLOW: 
INFO-FLOW: Running: gen_design_size_report post-opt
INFO-FLOW: Done: gen_design_size_report post-opt time: 0 seconds per iteration
Execute         send_msg_by_id INFO @200-777@%s Vivado 
INFO: [HLS 200-777] Using interface defaults for 'Vivado' flow target.
Execute         is_m_axi_addr64 
INFO-FLOW: Doing LTO.
INFO-FLOW: run_clang (background poll_ms 5000) exec: /tools/Xilinx/Vitis_HLS/2023.2/lnx64/tools/clang-3.9-csynth/bin/clang -foptimization-record-file=/home/ven_903/sobel-update2/scripts/sobel_hls/solution1/.autopilot/db/a.g.ld.0.bc.clang.reflow.diag.yml -mllvm -pass-remarks-missed=reflow|pasta|unroll -mllvm -pass-remarks=reflow|pasta|unroll|inline -fhls -mllvm -hls-top-function-name=sobel_accel -mllvm -hls-db-dir -mllvm /home/ven_903/sobel-update2/scripts/sobel_hls/solution1/.autopilot/db -emit-llvm -c -target fpga64-xilinx-none -mllvm -xcl-xmlinfo=/home/ven_903/sobel-update2/scripts/sobel_hls/solution1/.autopilot/db/../../../kernel.xml -mllvm -top-io-mapping-info=/home/ven_903/sobel-update2/scripts/sobel_hls/solution1/.autopilot/db/top-io-fe.xml -mllvm -hls-bitcode-version=3.1 -mllvm -reflow-enable-slave-interface-default-setting=true -mllvm -gen-kernel-xml=true -mllvm -default-maxi-offset=slave -mllvm -maxi-latency=0 -mllvm -hls-maxi-data-size-in-bits=8 -mllvm -hls-maxi-max-data-size-in-bits=1024 -mllvm -hls-max-widen-size-in-bits=0 -mllvm -xcl-kernel-max-mem-ports=0 -mllvm -maxi-read-trans=16 -mllvm -maxi-write-trans=16 -mllvm -maxi-read-burst-len=16 -mllvm -maxi-write-burst-len=16 -mllvm -reflow-enable-saxi-64bits=0 -mllvm -reflow-basic-block-instr-threshold=200000 -mllvm -reflow-auto-pipeline-threshold=64 -mllvm -reflow-enable-maxi-auto-id-channel=0 -mllvm -enable-fp-thr=0 -mllvm -reflow-bdd-simplify-threshold=1048576 -mllvm -reflow-fanout-threshold=16 -mllvm -assume-maxi-align=1 -mllvm -reflow-pipeline-style-llvm-setting=2 -mllvm -reflow-enable-dataflow-strict-mode-checking=1 -ftime-report -mllvm -time-passes -mllvm -reflow-auto-array-partition-mode=default -mllvm -reflow-enable-auto-array-partition=true -mllvm -reflow-enable-auto-parallel-performance-driven=true -mllvm -reflow-enable-partition-for-automation=true -mllvm -reflow-aggregate-bitwidth-threshold=4096 -mllvm -reflow-reserved-saxilite-registers=0 -mllvm -enable-reflow-auto-loop-pipeline -mllvm -reflow-max-unroll-threshold=409600 -mllvm -reflow-assume-no-address-wrap=true -mllvm -reflow-enable-occurrence-inference=true -mllvm -reflow-emit-hint-scope=true -mllvm -hls -mllvm -disable-inlined-alloca-merging=true -mllvm -default-clock-period=3.33 -x ir /home/ven_903/sobel-update2/scripts/sobel_hls/solution1/.autopilot/db/a.g.ld.5.gdce.bc -o /home/ven_903/sobel-update2/scripts/sobel_hls/solution1/.autopilot/db/a.g.lto.bc -hls-platform-db-name=/tools/Xilinx/Vitis_HLS/2023.2/common/technology/xilinx/common/platform.db -hls-platform-name=virtexuplus_medium -device-resource-info=BRAM_4032.000000_DSP_9024.000000_FF_2607360.000000_LUT_1303680.000000_SLICE_162960.000000_SLR_3.000000_URAM_960.000000 -device-name-info=xcu280-fsvh2892-2L-e 2> /home/ven_903/sobel-update2/scripts/sobel_hls/solution1/.autopilot/db/a.g.ld.0.bc.clang.reflow.err.log bg_poll_cmd: ::AP::poll_clang_39_closed_source
Execute         send_msg_by_id INFO @200-1995@%s%s%s 390 Compile/Link /home/ven_903/sobel-update2/scripts/sobel_hls/solution1/syn/report/csynth_design_size.rpt 
INFO: [HLS 200-1995] There were 390 instructions in the design after the 'Compile/Link' phase of compilation. See the Design Size Report for more details: /home/ven_903/sobel-update2/scripts/sobel_hls/solution1/syn/report/csynth_design_size.rpt
Execute         send_msg_by_id INFO @200-1995@%s%s%s 250 Unroll/Inline (step 1) /home/ven_903/sobel-update2/scripts/sobel_hls/solution1/syn/report/csynth_design_size.rpt 
INFO: [HLS 200-1995] There were 250 instructions in the design after the 'Unroll/Inline (step 1)' phase of compilation. See the Design Size Report for more details: /home/ven_903/sobel-update2/scripts/sobel_hls/solution1/syn/report/csynth_design_size.rpt
Execute         send_msg_by_id INFO @200-1995@%s%s%s 193 Unroll/Inline (step 2) /home/ven_903/sobel-update2/scripts/sobel_hls/solution1/syn/report/csynth_design_size.rpt 
INFO: [HLS 200-1995] There were 193 instructions in the design after the 'Unroll/Inline (step 2)' phase of compilation. See the Design Size Report for more details: /home/ven_903/sobel-update2/scripts/sobel_hls/solution1/syn/report/csynth_design_size.rpt
Execute         send_msg_by_id INFO @200-1995@%s%s%s 169 Unroll/Inline (step 3) /home/ven_903/sobel-update2/scripts/sobel_hls/solution1/syn/report/csynth_design_size.rpt 
INFO: [HLS 200-1995] There were 169 instructions in the design after the 'Unroll/Inline (step 3)' phase of compilation. See the Design Size Report for more details: /home/ven_903/sobel-update2/scripts/sobel_hls/solution1/syn/report/csynth_design_size.rpt
Execute         send_msg_by_id INFO @200-1995@%s%s%s 169 Unroll/Inline (step 4) /home/ven_903/sobel-update2/scripts/sobel_hls/solution1/syn/report/csynth_design_size.rpt 
INFO: [HLS 200-1995] There were 169 instructions in the design after the 'Unroll/Inline (step 4)' phase of compilation. See the Design Size Report for more details: /home/ven_903/sobel-update2/scripts/sobel_hls/solution1/syn/report/csynth_design_size.rpt
Execute         send_msg_by_id INFO @200-1995@%s%s%s 180 Array/Struct (step 1) /home/ven_903/sobel-update2/scripts/sobel_hls/solution1/syn/report/csynth_design_size.rpt 
INFO: [HLS 200-1995] There were 180 instructions in the design after the 'Array/Struct (step 1)' phase of compilation. See the Design Size Report for more details: /home/ven_903/sobel-update2/scripts/sobel_hls/solution1/syn/report/csynth_design_size.rpt
Execute         send_msg_by_id INFO @200-1995@%s%s%s 162 Array/Struct (step 2) /home/ven_903/sobel-update2/scripts/sobel_hls/solution1/syn/report/csynth_design_size.rpt 
INFO: [HLS 200-1995] There were 162 instructions in the design after the 'Array/Struct (step 2)' phase of compilation. See the Design Size Report for more details: /home/ven_903/sobel-update2/scripts/sobel_hls/solution1/syn/report/csynth_design_size.rpt
Execute         send_msg_by_id INFO @200-1995@%s%s%s 162 Array/Struct (step 3) /home/ven_903/sobel-update2/scripts/sobel_hls/solution1/syn/report/csynth_design_size.rpt 
INFO: [HLS 200-1995] There were 162 instructions in the design after the 'Array/Struct (step 3)' phase of compilation. See the Design Size Report for more details: /home/ven_903/sobel-update2/scripts/sobel_hls/solution1/syn/report/csynth_design_size.rpt
Execute         send_msg_by_id INFO @200-1995@%s%s%s 162 Array/Struct (step 4) /home/ven_903/sobel-update2/scripts/sobel_hls/solution1/syn/report/csynth_design_size.rpt 
INFO: [HLS 200-1995] There were 162 instructions in the design after the 'Array/Struct (step 4)' phase of compilation. See the Design Size Report for more details: /home/ven_903/sobel-update2/scripts/sobel_hls/solution1/syn/report/csynth_design_size.rpt
Execute         send_msg_by_id INFO @200-1995@%s%s%s 170 Array/Struct (step 5) /home/ven_903/sobel-update2/scripts/sobel_hls/solution1/syn/report/csynth_design_size.rpt 
INFO: [HLS 200-1995] There were 170 instructions in the design after the 'Array/Struct (step 5)' phase of compilation. See the Design Size Report for more details: /home/ven_903/sobel-update2/scripts/sobel_hls/solution1/syn/report/csynth_design_size.rpt
Execute         send_msg_by_id INFO @200-1995@%s%s%s 164 Performance (step 1) /home/ven_903/sobel-update2/scripts/sobel_hls/solution1/syn/report/csynth_design_size.rpt 
INFO: [HLS 200-1995] There were 164 instructions in the design after the 'Performance (step 1)' phase of compilation. See the Design Size Report for more details: /home/ven_903/sobel-update2/scripts/sobel_hls/solution1/syn/report/csynth_design_size.rpt
Execute         send_msg_by_id INFO @200-1995@%s%s%s 164 Performance (step 2) /home/ven_903/sobel-update2/scripts/sobel_hls/solution1/syn/report/csynth_design_size.rpt 
INFO: [HLS 200-1995] There were 164 instructions in the design after the 'Performance (step 2)' phase of compilation. See the Design Size Report for more details: /home/ven_903/sobel-update2/scripts/sobel_hls/solution1/syn/report/csynth_design_size.rpt
Execute         send_msg_by_id INFO @200-1995@%s%s%s 164 Performance (step 3) /home/ven_903/sobel-update2/scripts/sobel_hls/solution1/syn/report/csynth_design_size.rpt 
INFO: [HLS 200-1995] There were 164 instructions in the design after the 'Performance (step 3)' phase of compilation. See the Design Size Report for more details: /home/ven_903/sobel-update2/scripts/sobel_hls/solution1/syn/report/csynth_design_size.rpt
Execute         send_msg_by_id INFO @200-1995@%s%s%s 164 Performance (step 4) /home/ven_903/sobel-update2/scripts/sobel_hls/solution1/syn/report/csynth_design_size.rpt 
INFO: [HLS 200-1995] There were 164 instructions in the design after the 'Performance (step 4)' phase of compilation. See the Design Size Report for more details: /home/ven_903/sobel-update2/scripts/sobel_hls/solution1/syn/report/csynth_design_size.rpt
Execute         send_msg_by_id INFO @200-1995@%s%s%s 167 HW Transforms (step 1) /home/ven_903/sobel-update2/scripts/sobel_hls/solution1/syn/report/csynth_design_size.rpt 
INFO: [HLS 200-1995] There were 167 instructions in the design after the 'HW Transforms (step 1)' phase of compilation. See the Design Size Report for more details: /home/ven_903/sobel-update2/scripts/sobel_hls/solution1/syn/report/csynth_design_size.rpt
Execute         send_msg_by_id INFO @200-1995@%s%s%s 178 HW Transforms (step 2) /home/ven_903/sobel-update2/scripts/sobel_hls/solution1/syn/report/csynth_design_size.rpt 
INFO: [HLS 200-1995] There were 178 instructions in the design after the 'HW Transforms (step 2)' phase of compilation. See the Design Size Report for more details: /home/ven_903/sobel-update2/scripts/sobel_hls/solution1/syn/report/csynth_design_size.rpt
WARNING: [HLS 214-386] A depth specification is required for MAXI interface port 'in' for cosimulation. (../src/kernel.cpp:4:0)
WARNING: [HLS 214-386] A depth specification is required for MAXI interface port 'out' for cosimulation. (../src/kernel.cpp:4:0)
INFO: [HLS 214-291] Loop 'Compute' is marked as complete unroll implied by the pipeline pragma (../src/sobel.cpp:71:13)
INFO: [HLS 214-291] Loop 'VITIS_LOOP_72_1' is marked as complete unroll implied by the pipeline pragma (../src/sobel.cpp:72:34)
INFO: [HLS 214-186] Unrolling loop 'Compute' (../src/sobel.cpp:71:13) in function 'sobel_filter' completely with a factor of 3 (../src/sobel.cpp:6:0)
INFO: [HLS 214-186] Unrolling loop 'VITIS_LOOP_72_1' (../src/sobel.cpp:72:34) in function 'sobel_filter' completely with a factor of 3 (../src/sobel.cpp:6:0)
INFO: [HLS 214-248] Applying array_partition to 'linebuf': Complete partitioning on dimension 1. (../src/sobel.cpp:25:13)
INFO: [HLS 214-115] Multiple burst reads of length 262144 and bit width 8 in loop 'LoadLoop'(../src/kernel.cpp:18:5) has been inferred on bundle 'gmem'. These burst requests might be further partitioned into multiple requests during RTL generation, based on max_read_burst_length or max_write_burst_length settings. (../src/kernel.cpp:18:9)
INFO: [HLS 214-115] Multiple burst writes of length 262144 and bit width 8 in loop 'StoreLoop'(../src/kernel.cpp:30:5) has been inferred on bundle 'gmem'. These burst requests might be further partitioned into multiple requests during RTL generation, based on max_read_burst_length or max_write_burst_length settings. (../src/kernel.cpp:30:9)
INFO-FLOW: DBG:PUTS: copy_raw_kernel_xml ap_link_39: copying raw kernel.xml: /home/ven_903/sobel-update2/scripts/sobel_hls/solution1/.autopilot/db/../../../kernel.xml -> /home/ven_903/sobel-update2/scripts/sobel_hls/solution1/.autopilot/db/kernel.internal.xml
INFO: [HLS 200-111] Finished Compiling Optimization and Transform: CPU user time: 2.93 seconds. CPU system time: 0.51 seconds. Elapsed time: 8.1 seconds; current allocated memory: 275.684 MB.
INFO: [HLS 200-111] Finished Checking Pragmas: CPU user time: 0 seconds. CPU system time: 0 seconds. Elapsed time: 0 seconds; current allocated memory: 275.684 MB.
Execute         opt_and_import_c a -opt_level=2 -skip_syncheck=0 -ng=0 -keep_printf=0 
Execute           cleanup_all_models 
INFO: [HLS 200-10] Starting code transformations ...
INFO-FLOW: Running Standard Transforms...
Execute           transform -hls -share-std-xform -demangle-name -inline-byval-memcpy -always-inline -promote-dbg-pointer -interface-preproc -mem2reg -scalarrepl -mem2reg -keep-read-access -instcombine -dce -promote-dbg-pointer -bitop-raise -loop-simplify -indvarspre -indvars -loop-simplify -xunroll -constprop -instcombine -simplifycfg -indvars -simplifycfg -dce -globaldce -basicaa -simplifycfg -mem2reg -globalopt -global-constprop -deadargelim -instcombine -simplifycfg -scalarrepl -instcombine -reassociate -licm -simplifycfg -loop-simplify -indvars -instcombine -simplifycfg -mem2reg -loop-simplify -indvars -instcombine -gvn -gvn -instcombine -adce -break-crit-edges -simplifycfg -loop-delete -global-array-opt -dce -dse -adce -find-syn-modules -top sobel_accel -deadargelim -mem2reg -instcombine -dce -presyn-prepare -interface-preproc -syn-check -check-rec-only -find-region -simplifycfg -func-extr -function-inline -globaldce -mem2reg -instcombine -dce -gvn -globaldce -adce -adse -constprop -instcombine -bit-constprop -instcombine -dce -simplifycfg -bitop-raise -simplifycfg -dce -loop-delete -reassociate -globalopt -global-privatize -mem2reg -dce -global-constprop -pointer-simplify -constprop -dce -auto-shift-reg-idiom -promote-dbg-pointer -norm-name /home/ven_903/sobel-update2/scripts/sobel_hls/solution1/.autopilot/db/a.g.0.bc -o /home/ven_903/sobel-update2/scripts/sobel_hls/solution1/.autopilot/db/a.g.1.bc -f -phase std-opt 
INFO: [HLS 200-111] Finished Standard Transforms: CPU user time: 0.02 seconds. CPU system time: 0 seconds. Elapsed time: 0.02 seconds; current allocated memory: 275.941 MB.
INFO: [HLS 200-10] Checking synthesizability ...
INFO-FLOW: Checking Synthesizability 1/2..
Execute           transform -hls -syn-check -check-rec-only -scalarrepl -norm-name -dce -mem2reg -instcombine -directive-preproc -mem2reg -dse -dce -dce -pag -array-normalize -instcombine -dce -array-seg-normalize -instcombine -dce -data-pack -instcombine -dce -inst-simplify -array-flatten -instcombine -dce -array-burst -dce -deadargelim -promote-global-argument -simplifycfg -mem2reg -globaldce -dce -deadargelim -dce -instcombine -function-inline -globaldce -dce -doublePtrSimplify -doublePtrElim -dce -doublePtrSimplify -promote-dbg-pointer -dce -scalarrepl -dse -adse -instcombine -ptrLegalization -simplifycfg -dce -instcombine -pointer-simplify -ptrArgReplace -dce -instcombine -resolve-double-ptr -scalarrepl -norm-name -dce -mem2reg -instcombine -ptrLegalization -simplifycfg -deadargelim -instcombine -dce -inst-simplify -directive-preproc -mem2reg -dse -dce -globaldce /home/ven_903/sobel-update2/scripts/sobel_hls/solution1/.autopilot/db/a.g.1.bc -o /home/ven_903/sobel-update2/scripts/sobel_hls/solution1/.autopilot/db/a.g.2.prechk.bc -f 
INFO-FLOW: Checking Synthesizability 2/2..
Execute           transform -syn-check /home/ven_903/sobel-update2/scripts/sobel_hls/solution1/.autopilot/db/a.g.2.prechk.bc -o /home/ven_903/sobel-update2/scripts/sobel_hls/solution1/.autopilot/db/a.g.2.bc -f -phase syn-check 
INFO: [HLS 200-111] Finished Checking Synthesizability: CPU user time: 0.03 seconds. CPU system time: 0 seconds. Elapsed time: 0.03 seconds; current allocated memory: 276.000 MB.
INFO-FLOW: Compiler optimizing ...
INFO-FLOW: Share syncheck's 1.bc for syn flow: copy /home/ven_903/sobel-update2/scripts/sobel_hls/solution1/.autopilot/db/a.g.1.bc to /home/ven_903/sobel-update2/scripts/sobel_hls/solution1/.autopilot/db/a.o.1.bc
INFO-FLOW: Presyn 1...
Execute           transform -hls -tmp /home/ven_903/sobel-update2/scripts/sobel_hls/solution1/.autopilot/db -interface-port-rename -directive-preproc -mem2reg -dse -dce -scalarrepl -norm-name -deadargelim -mem2reg -instcombine -dce -simplifycfg -dce -resource-proc -clib-intrinsic-prepare -dce -func-buffer -dce -pag -array-normalize -func-legal -instcombine -gvn -constprop -dce -simplifycfg -mem2reg -globaldce -resolve-double-ptr -dce -deadargelim -dce -instcombine -ptrArgReplace -mem2reg -dce -array-seg-normalize -deadargelim -instcombine -dce -directive-preproc -mem2reg -dse -dce -pointer-simplify -dce -port-alignment -dce -interface-preproc -data-pack -instcombine -dce -basicaa -aggr-aa -aggrmodref-aa -aggr-aa -gvn -gvn -basicaa -aggr-aa -aggrmodref-aa -aggr-aa -dse -adse -adce -loop-simplify -indvars -instcombine -gvn -loop-simplify -mem2reg -dce -find-region -instcombine -inst-simplify -interface-preproc -cfgopt -instcombine -indvars -auto-loop-unroll -loop-simplify -loop-bound -xunroll -constprop -instcombine -simplifycfg -indvars -simplifycfg -dce -globaldce -clean-region -attach-range -gvn -inst-simplify -constprop -simplifycfg -dce -pointer-simplify -dce -globalopt -constprop -dce -array-promote -scalar-auto-dep-elim -constprop -dce -ptrArgReplace -mem2reg -simplifycfg -dce -instcombine -dce -array-transform-check -array-reshape -instcombine -simplifycfg -dce -ptrArgReplace -deadargelim -mem2reg -instcombine -simplifycfg -dce -indvars -loop-simplify -loop-bound -xunroll -constprop -instcombine -simplifycfg -indvars -simplifycfg -dce -globaldce -basicaa -aggr-aa -aggrmodref-aa -aggr-aa -dse -duplicate-dataflow-processes -globaldce -instcombine -array-partition -prepare-dynamic-array-partition -instcombine -simplifycfg -dce -ptrArgReplace -global-constprop -deadargelim -mem2reg -func-legal -dce -global-constprop -deadargelim -mem2reg -simplifycfg -dce -merge-param -deadargelim -globalopt -constprop -dce -array-promote -scalar-auto-dep-elim -constprop -dce -ptrArgReplace -mem2reg -simplifycfg -dce -mem-intrinsic-preproc -dce -global-internalize -global-privatize -mem2reg -globaldce -promote-global-argument -ptrArgReplace -mem2reg -dce -globalopt -mergereturn -simplify-global-access -mem2reg -dce -pointer-simplify -dce -functionattrs -basicaa -aggr-aa -aggrmodref-aa -aggr-aa -gvn -gvn -basicaa -aggr-aa -aggrmodref-aa -aggr-aa -dse -adse -adce -dce -norm-name -basicaa -aggr-aa -aggrmodref-aa -aggr-aa -accesses-merge -function-inline -complex-op-raise -inst-simplify -globaldce -func-legal -dce -loop-bound -arraycheck -bitwidthmin2 -bitwidthmin2 -on-by-dataflow -loop-delete -instcombine -simplifycfg -globaldce -dce -gvn -deadargelim -dce -loop-simplify -clean-region -simplifycfg -propagate-stable-arguments -loop-stream -instcombine -simplifycfg -dce -globaldce -duplicate-dataflow-processes -stream-intrinsic-preproc -dce -check-ap-stream -loop-simplify -eliminate-keepreads -extract-dataflow-in-loop -loop-simplify -dce -gvn -deadargelim -dse -duplicate-dataflow-processes -check-dataflow-syntax -legalize-stream-variable -globaldce -legalize-global -extract-subproc -dce -dead-channel-elimination -canonicalize-gep -globaldce -dce -gvn -hls-dead-arg-elim -deadargelim -directive-preproc -canonicalize-dataflow -dce -globaldce -scalar-preprocessing -scalar-propagation2 -scalar-stream -deadargelim -globaldce -mem2reg -check-dataflow-channels -function-stream -dce -globaldce -prop-fifo-spec -internal-stream-gen -canonicalize-gep -globaldce -dce -gvn -deadargelim -mergereturn -indvars -loop-simplify -instcombine -array-stream -array-seg-normalize -array-partition -clean-array-spec -func-legal -instcombine -simplifycfg -dce -bundle-memfifo-ops -deadargelim -directive-preproc -mem2reg -dse -dce -group-axi-access -licm -simplifycfg -dce -loop-delete -hls-display -norm-name /home/ven_903/sobel-update2/scripts/sobel_hls/solution1/.autopilot/db/a.o.1.bc -o /home/ven_903/sobel-update2/scripts/sobel_hls/solution1/.autopilot/db/a.o.1.tmp.bc -f 
INFO: [XFORM 203-721] Changing loop 'Loop_LoadLoop_proc' (../src/kernel.cpp:18) to a process function for dataflow in function 'sobel_accel'.
INFO: [XFORM 203-721] Changing loop 'Loop_StoreLoop_proc' (../src/kernel.cpp:30) to a process function for dataflow in function 'sobel_accel'.
INFO: [XFORM 203-712] Applying dataflow to function 'sobel_accel' (../src/kernel.cpp:4:1), detected/extracted 4 process function(s): 
	 'entry_proc'
	 'Loop_LoadLoop_proc'
	 'sobel_filter'
	 'Loop_StoreLoop_proc'.
INFO-FLOW: Presyn 2...
Execute           transform -hls -keep-callgraph -scalarrepl -mem2reg -port-alignment -attach-range -dce -pipe-mux-gen -indvars -loop-bound -inst-simplify -instcombine -dce -merge-array-access -mem2reg -dce -clean-region -mergereturn -if-conv -instcombine -dce -constprop -basicaa -aggr-aa -aggrmodref-aa -aggr-aa -gvn -gvn -basicaa -aggr-aa -aggrmodref-aa -aggr-aa -dse -adse -adce -scalarrepl -mem2reg -global-constprop -deadargelim -deadargelim -instcombine -dce -simplifycfg -ptrArgReplace -mem2reg -function-inline -globaldce -mem2reg -instcombine -dce -expr-balance -instcombine -dce -bitwidthmin2 -bitwidthmin2 -interface-preproc -directive-preproc -inst-rectify -instcombine -dce -functionattrs -constprop -instcombine -bit-constprop -simplify-global-access -globalopt -globaldce -inst-simplify -instcombine -elimdeaddata -dce -loop-delete -simplifycfg -loop-simplify -barrier -norm-name /home/ven_903/sobel-update2/scripts/sobel_hls/solution1/.autopilot/db/a.o.1.tmp.bc -o /home/ven_903/sobel-update2/scripts/sobel_hls/solution1/.autopilot/db/a.o.2.bc -f -phase presyn 
INFO: [XFORM 203-401] Performing if-conversion on hyperblock from (../src/sobel.cpp:35:9) to (../src/sobel.cpp:62:23) in function 'sobel_filter'... converting 5 basic blocks.
INFO: [XFORM 203-11] Balancing expressions in function 'sobel_filter' (../src/sobel.cpp:25:9)...3 expression(s) balanced.
INFO: [HLS 200-111] Finished Loop, function and other optimizations: CPU user time: 0.07 seconds. CPU system time: 0.01 seconds. Elapsed time: 0.09 seconds; current allocated memory: 298.121 MB.
INFO-FLOW: Building ssdm...
Execute           transform -hls -auto-function-inline -globaldce -ptrArgReplace -mem2reg -dce -reset-lda -loop-simplify -indvars -aggr-aa -licm -loop-dep -loop-bound -licm -loop-simplify -loop-sink-hoist -flattenloopnest -array-flatten -gvn -instcombine -dce -array-map -dce -func-legal -gvn -adce -instcombine -cfgopt -simplifycfg-lite -loop-simplify -array-burst -promote-global-argument -dce -array-seg-normalize -basicaa -aggrmodref-aa -globalsmodref-aa -aggr-aa -gvn -gvn -basicaa -aggrmodref-aa -globalsmodref-aa -aggr-aa -dse -adse -adce -licm -inst-simplify -dce -globaldce -instcombine -array-stream -eliminate-keepreads -instcombine -dce -deadargelim -doublePtrSimplify -doublePtrElim -dce -doublePtrSimplify -promote-dbg-pointer -dce -scalarrepl -mem2reg -norm-name -mem2reg -instcombine -dse -adse -adce -ptrLegalization -dce -array-flatten -dce -instcombine -check-doubleptr -loop-rot -constprop -cfgopt -simplifycfg-lite -loop-simplify -indvars -pointer-simplify -dce -loop-bound -loop-simplify -loop-preproc -constprop -global-constprop -gvn -mem2reg -instcombine -dce -loop-bound -loop-merge -dce -deadargelim -dce -canonicalize-dataflow -dce -deadargelim -globaldce -mem2reg -bram-byte-enable -inst-simplify -inst-rectify -instcombine -adce -deadargelim -load-elim -read-loop-dep -loop-simplify -loop-extract-inner -directive-preproc -bitwidthmin2 -bitwidthmin2 -read-loop-dep -interface-preproc -directive-preproc -interface-gen -bram-byte-enable-spec-prop -deadargelim -inst-simplify -dce -mem2reg -instcombine -gvn -dce -adse -loop-bound -instcombine -cfgopt -simplifycfg-lite -loop-simplify -clean-region -io-protocol -find-region -mem2reg -bitop-raise -complex-op-raise -inst-simplify -inst-rectify -instcombine -adce -deadargelim -float-op-raise -loop-simplify -phi-opt -bitop-raise -cfgopt -simplifycfg-lite -strip-dead-prototypes -interface-lower -bitop-lower -intrinsic-lower -auto-function-inline -basicaa -aggrmodref-aa -globalsmodref-aa -aggr-aa -inst-simplify -simplifycfg-lite -loop-simplify -mergereturn -inst-simplify -inst-rectify -globaldce -dce -load-elim -bitop-lower -float-op-raise -fma-raise -loop-rewind -pointer-simplify -dce -cfgopt -dce -loop-bound -loop-dep -read-loop-dep -dce -dyn-mem-reuse -dce -recurrence-min -dce -share-scalar-alloca -deadargelim -dce -check-stream -norm-name -legalize -validate-dataflow -inst-clarity -bitwidth -dce -dump-loop-dep-to-ir -check-all-ssdm -dump-complexity-metric -cdfg-build /home/ven_903/sobel-update2/scripts/sobel_hls/solution1/.autopilot/db/a.o.2.bc -o /home/ven_903/sobel-update2/scripts/sobel_hls/solution1/.autopilot/db/a.o.3.bc -f -phase build-ssdm 
INFO: [HLS 200-2061] Successfully converted nested loops 'RowLoop'(../src/sobel.cpp:32:5) and 'ColLoop'(../src/sobel.cpp:34:9) in function 'sobel_filter' into perfectly nested loops.
INFO: [HLS 200-2061] Successfully converted nested loops 'StoreLoop'(../src/kernel.cpp:30:5) and 'VITIS_LOOP_31_2'(../src/kernel.cpp:31:26) in function 'Loop_StoreLoop_proc' into perfectly nested loops.
INFO: [HLS 200-2061] Successfully converted nested loops 'LoadLoop'(../src/kernel.cpp:18:5) and 'VITIS_LOOP_19_1'(../src/kernel.cpp:19:26) in function 'Loop_LoadLoop_proc' into perfectly nested loops.
INFO: [XFORM 203-541] Flattening a loop nest 'RowLoop' (../src/sobel.cpp:32:5) in function 'sobel_filter'.
INFO: [XFORM 203-541] Flattening a loop nest 'StoreLoop' (../src/kernel.cpp:30:5) in function 'Loop_StoreLoop_proc'.
INFO: [XFORM 203-541] Flattening a loop nest 'LoadLoop' (../src/kernel.cpp:18:5) in function 'Loop_LoadLoop_proc'.
Execute             auto_get_db
INFO: [HLS 200-111] Finished Architecture Synthesis: CPU user time: 0.06 seconds. CPU system time: 0.03 seconds. Elapsed time: 0.09 seconds; current allocated memory: 328.023 MB.
INFO-FLOW: Finish building internal data model.
Command         opt_and_import_c done; 0.23 sec.
Command       elaborate done; 15.5 sec.
Execute       ap_eval exec zip -j /home/ven_903/sobel-update2/scripts/sobel_hls/solution1/.autopilot/db/dut.hcp $dbDir/a.o.3.bc $dbDir/${topname}.rtl_wrap.cfg.tcl $dbDir/apatb_${topname}.cpp $dbDir/apatb_${topname}_util.cpp $dbDir/apatb_${topname}_ir.ll $dbDir/mapper_${topname}.cpp $dbDir/top-io-fe.xml $dbDir/kernel.internal.xml $workdir/../hls.app 
Execute       autosyn -from_csynth_design=1 
INFO: [HLS 200-10] Starting hardware synthesis ...
INFO-FLOW: Synthesizing C/C++ design ...
INFO: [HLS 200-10] Synthesizing 'sobel_accel' ...
Execute         ap_set_top_model sobel_accel 
Execute         get_model_list sobel_accel -filter all-wo-channel -topdown 
Execute         preproc_iomode -model sobel_accel 
Execute         preproc_iomode -model Loop_StoreLoop_proc 
Execute         preproc_iomode -model sobel_filter 
Execute         preproc_iomode -model Loop_LoadLoop_proc 
Execute         preproc_iomode -model entry_proc 
Execute         get_model_list sobel_accel -filter all-wo-channel 
INFO-FLOW: Model list for configure: entry_proc Loop_LoadLoop_proc sobel_filter Loop_StoreLoop_proc sobel_accel
INFO-FLOW: Configuring Module : entry_proc ...
Execute         set_default_model entry_proc 
Execute         apply_spec_resource_limit entry_proc 
INFO-FLOW: Configuring Module : Loop_LoadLoop_proc ...
Execute         set_default_model Loop_LoadLoop_proc 
Execute         apply_spec_resource_limit Loop_LoadLoop_proc 
INFO-FLOW: Configuring Module : sobel_filter ...
Execute         set_default_model sobel_filter 
Execute         apply_spec_resource_limit sobel_filter 
INFO-FLOW: Configuring Module : Loop_StoreLoop_proc ...
Execute         set_default_model Loop_StoreLoop_proc 
Execute         apply_spec_resource_limit Loop_StoreLoop_proc 
INFO-FLOW: Configuring Module : sobel_accel ...
Execute         set_default_model sobel_accel 
Execute         apply_spec_resource_limit sobel_accel 
INFO-FLOW: Model list for preprocess: entry_proc Loop_LoadLoop_proc sobel_filter Loop_StoreLoop_proc sobel_accel
INFO-FLOW: Preprocessing Module: entry_proc ...
Execute         set_default_model entry_proc 
Execute         cdfg_preprocess -model entry_proc 
Execute         rtl_gen_preprocess entry_proc 
INFO-FLOW: Preprocessing Module: Loop_LoadLoop_proc ...
Execute         set_default_model Loop_LoadLoop_proc 
Execute         cdfg_preprocess -model Loop_LoadLoop_proc 
Execute         rtl_gen_preprocess Loop_LoadLoop_proc 
INFO-FLOW: Preprocessing Module: sobel_filter ...
Execute         set_default_model sobel_filter 
Execute         cdfg_preprocess -model sobel_filter 
Execute         rtl_gen_preprocess sobel_filter 
INFO-FLOW: Preprocessing Module: Loop_StoreLoop_proc ...
Execute         set_default_model Loop_StoreLoop_proc 
Execute         cdfg_preprocess -model Loop_StoreLoop_proc 
Execute         rtl_gen_preprocess Loop_StoreLoop_proc 
INFO-FLOW: Preprocessing Module: sobel_accel ...
Execute         set_default_model sobel_accel 
Execute         cdfg_preprocess -model sobel_accel 
Execute         rtl_gen_preprocess sobel_accel 
INFO-FLOW: Model list for synthesis: entry_proc Loop_LoadLoop_proc sobel_filter Loop_StoreLoop_proc sobel_accel
INFO: [HLS 200-10] ----------------------------------------------------------------
INFO: [HLS 200-42] -- Implementing module 'entry_proc' 
INFO: [HLS 200-10] ----------------------------------------------------------------
Execute         set_default_model entry_proc 
Execute         schedule -model entry_proc 
INFO: [SCHED 204-11] Starting scheduling ...
INFO: [SCHED 204-11] Finished scheduling.
INFO: [HLS 200-111] Finished Scheduling: CPU user time: 0.03 seconds. CPU system time: 0.02 seconds. Elapsed time: 0.06 seconds; current allocated memory: 328.387 MB.
Execute         syn_report -verbosereport -o /home/ven_903/sobel-update2/scripts/sobel_hls/solution1/.autopilot/db/entry_proc.verbose.sched.rpt 
Execute           list_part -family xcu280-fsvh2892-2L-e 
Execute             ap_family_info -name xcu280-fsvh2892-2L-e -data names 
Execute             ap_part_info -quiet -name xcu280-fsvh2892-2L-e -data family 
Execute         db_write -o /home/ven_903/sobel-update2/scripts/sobel_hls/solution1/.autopilot/db/entry_proc.sched.adb -f 
INFO-FLOW: Finish scheduling entry_proc.
Execute         set_default_model entry_proc 
Execute         bind -model entry_proc 
INFO: [BIND 205-100] Starting micro-architecture generation ...
INFO: [BIND 205-101] Performing variable lifetime analysis.
INFO: [BIND 205-101] Exploring resource sharing.
INFO: [BIND 205-101] Binding ...
INFO: [BIND 205-100] Finished micro-architecture generation.
INFO: [HLS 200-111] Finished Binding: CPU user time: 0.01 seconds. CPU system time: 0 seconds. Elapsed time: 0.01 seconds; current allocated memory: 328.480 MB.
Execute         syn_report -verbosereport -o /home/ven_903/sobel-update2/scripts/sobel_hls/solution1/.autopilot/db/entry_proc.verbose.bind.rpt 
Execute           list_part -family xcu280-fsvh2892-2L-e 
Execute             ap_family_info -name xcu280-fsvh2892-2L-e -data names 
Execute             ap_part_info -quiet -name xcu280-fsvh2892-2L-e -data family 
Execute         db_write -o /home/ven_903/sobel-update2/scripts/sobel_hls/solution1/.autopilot/db/entry_proc.bind.adb -f 
INFO-FLOW: Finish binding entry_proc.
INFO: [HLS 200-10] ----------------------------------------------------------------
INFO: [HLS 200-42] -- Implementing module 'Loop_LoadLoop_proc' 
INFO: [HLS 200-10] ----------------------------------------------------------------
Execute         set_default_model Loop_LoadLoop_proc 
Execute         schedule -model Loop_LoadLoop_proc 
INFO: [SCHED 204-11] Starting scheduling ...
INFO: [SCHED 204-61] Pipelining loop 'LoadLoop_VITIS_LOOP_19_1'.
INFO: [HLS 200-1470] Pipelining result : Target II = 1, Final II = 1, Depth = 11, loop 'LoadLoop_VITIS_LOOP_19_1'
WARNING: [HLS 200-871] Estimated clock period (2.527 ns) exceeds the target (target clock period: 3.330 ns, clock uncertainty: 0.899 ns, effective delay budget: 2.431 ns).
WARNING: [HLS 200-1016] The critical path in module 'Loop_LoadLoop_proc' consists of the following:
	'store' operation 0 bit ('c_write_ln19', ../src/kernel.cpp:19) of constant 0 on local variable 'c', ../src/kernel.cpp:19 [11]  (0.387 ns)
	'load' operation 10 bit ('c_load', ../src/kernel.cpp:19) on local variable 'c', ../src/kernel.cpp:19 [26]  (0.000 ns)
	'icmp' operation 1 bit ('icmp_ln19', ../src/kernel.cpp:19) [31]  (0.725 ns)
	'select' operation 10 bit ('select_ln18', ../src/kernel.cpp:18) [32]  (0.303 ns)
	'add' operation 10 bit ('add_ln19', ../src/kernel.cpp:19) [43]  (0.725 ns)
	'store' operation 0 bit ('c_write_ln19', ../src/kernel.cpp:19) of variable 'add_ln19', ../src/kernel.cpp:19 on local variable 'c', ../src/kernel.cpp:19 [46]  (0.387 ns)

INFO: [SCHED 204-11] Finished scheduling.
INFO: [HLS 200-111] Finished Scheduling: CPU user time: 0.06 seconds. CPU system time: 0 seconds. Elapsed time: 0.06 seconds; current allocated memory: 329.785 MB.
Execute         syn_report -verbosereport -o /home/ven_903/sobel-update2/scripts/sobel_hls/solution1/.autopilot/db/Loop_LoadLoop_proc.verbose.sched.rpt 
Execute           list_part -family xcu280-fsvh2892-2L-e 
Execute             ap_family_info -name xcu280-fsvh2892-2L-e -data names 
Execute             ap_part_info -quiet -name xcu280-fsvh2892-2L-e -data family 
Execute         db_write -o /home/ven_903/sobel-update2/scripts/sobel_hls/solution1/.autopilot/db/Loop_LoadLoop_proc.sched.adb -f 
INFO-FLOW: Finish scheduling Loop_LoadLoop_proc.
Execute         set_default_model Loop_LoadLoop_proc 
Execute         bind -model Loop_LoadLoop_proc 
INFO: [BIND 205-100] Starting micro-architecture generation ...
INFO: [BIND 205-101] Performing variable lifetime analysis.
INFO: [BIND 205-101] Exploring resource sharing.
INFO: [BIND 205-101] Binding ...
INFO: [BIND 205-100] Finished micro-architecture generation.
INFO: [HLS 200-111] Finished Binding: CPU user time: 0.01 seconds. CPU system time: 0 seconds. Elapsed time: 0.02 seconds; current allocated memory: 329.785 MB.
Execute         syn_report -verbosereport -o /home/ven_903/sobel-update2/scripts/sobel_hls/solution1/.autopilot/db/Loop_LoadLoop_proc.verbose.bind.rpt 
Execute           list_part -family xcu280-fsvh2892-2L-e 
Execute             ap_family_info -name xcu280-fsvh2892-2L-e -data names 
Execute             ap_part_info -quiet -name xcu280-fsvh2892-2L-e -data family 
Execute         db_write -o /home/ven_903/sobel-update2/scripts/sobel_hls/solution1/.autopilot/db/Loop_LoadLoop_proc.bind.adb -f 
INFO-FLOW: Finish binding Loop_LoadLoop_proc.
INFO: [HLS 200-10] ----------------------------------------------------------------
INFO: [HLS 200-42] -- Implementing module 'sobel_filter' 
INFO: [HLS 200-10] ----------------------------------------------------------------
Execute         set_default_model sobel_filter 
Execute         schedule -model sobel_filter 
INFO: [SCHED 204-11] Starting scheduling ...
INFO: [SCHED 204-61] Pipelining loop 'RowLoop_ColLoop'.
INFO: [HLS 200-1470] Pipelining result : Target II = 1, Final II = 1, Depth = 6, loop 'RowLoop_ColLoop'
WARNING: [HLS 200-871] Estimated clock period (2.639 ns) exceeds the target (target clock period: 3.330 ns, clock uncertainty: 0.899 ns, effective delay budget: 2.431 ns).
WARNING: [HLS 200-1016] The critical path in module 'sobel_filter' consists of the following:
	'store' operation 0 bit ('r_write_ln32', ../src/sobel.cpp:32) of constant 0 on local variable 'r', ../src/sobel.cpp:32 [15]  (0.387 ns)
	'load' operation 10 bit ('r_load', ../src/sobel.cpp:32) on local variable 'r', ../src/sobel.cpp:32 [28]  (0.000 ns)
	'add' operation 10 bit ('add_ln32', ../src/sobel.cpp:32) [29]  (0.725 ns)
	'select' operation 10 bit ('select_ln32_1', ../src/sobel.cpp:32) [34]  (0.303 ns)
	'icmp' operation 1 bit ('icmp28', ../src/sobel.cpp:32) [39]  (0.715 ns)
	'or' operation 1 bit ('or_ln62', ../src/sobel.cpp:62) [58]  (0.122 ns)
	multiplexor before 'phi' operation 8 bit ('storemerge', ../src/sobel.cpp:85) with incoming values : ('select_ln85', ../src/sobel.cpp:85) [107]  (0.387 ns)

INFO: [SCHED 204-11] Finished scheduling.
INFO: [HLS 200-111] Finished Scheduling: CPU user time: 0.1 seconds. CPU system time: 0 seconds. Elapsed time: 0.11 seconds; current allocated memory: 331.238 MB.
Execute         syn_report -verbosereport -o /home/ven_903/sobel-update2/scripts/sobel_hls/solution1/.autopilot/db/sobel_filter.verbose.sched.rpt 
Execute           list_part -family xcu280-fsvh2892-2L-e 
Execute             ap_family_info -name xcu280-fsvh2892-2L-e -data names 
Execute             ap_part_info -quiet -name xcu280-fsvh2892-2L-e -data family 
Execute         db_write -o /home/ven_903/sobel-update2/scripts/sobel_hls/solution1/.autopilot/db/sobel_filter.sched.adb -f 
INFO-FLOW: Finish scheduling sobel_filter.
Execute         set_default_model sobel_filter 
Execute         bind -model sobel_filter 
INFO: [BIND 205-100] Starting micro-architecture generation ...
INFO: [BIND 205-101] Performing variable lifetime analysis.
INFO: [BIND 205-101] Exploring resource sharing.
INFO: [BIND 205-101] Binding ...
INFO: [BIND 205-100] Finished micro-architecture generation.
INFO: [HLS 200-111] Finished Binding: CPU user time: 0.02 seconds. CPU system time: 0 seconds. Elapsed time: 0.02 seconds; current allocated memory: 331.238 MB.
Execute         syn_report -verbosereport -o /home/ven_903/sobel-update2/scripts/sobel_hls/solution1/.autopilot/db/sobel_filter.verbose.bind.rpt 
Execute           list_part -family xcu280-fsvh2892-2L-e 
Execute             ap_family_info -name xcu280-fsvh2892-2L-e -data names 
Execute             ap_part_info -quiet -name xcu280-fsvh2892-2L-e -data family 
Execute         db_write -o /home/ven_903/sobel-update2/scripts/sobel_hls/solution1/.autopilot/db/sobel_filter.bind.adb -f 
INFO-FLOW: Finish binding sobel_filter.
INFO: [HLS 200-10] ----------------------------------------------------------------
INFO: [HLS 200-42] -- Implementing module 'Loop_StoreLoop_proc' 
INFO: [HLS 200-10] ----------------------------------------------------------------
Execute         set_default_model Loop_StoreLoop_proc 
Execute         schedule -model Loop_StoreLoop_proc 
INFO: [SCHED 204-11] Starting scheduling ...
INFO: [SCHED 204-61] Pipelining loop 'StoreLoop_VITIS_LOOP_31_2'.
INFO: [HLS 200-1470] Pipelining result : Target II = 1, Final II = 1, Depth = 9, loop 'StoreLoop_VITIS_LOOP_31_2'
WARNING: [HLS 200-871] Estimated clock period (2.527 ns) exceeds the target (target clock period: 3.330 ns, clock uncertainty: 0.899 ns, effective delay budget: 2.431 ns).
WARNING: [HLS 200-1016] The critical path in module 'Loop_StoreLoop_proc' consists of the following:
	'store' operation 0 bit ('c_write_ln31', ../src/kernel.cpp:31) of constant 0 on local variable 'c', ../src/kernel.cpp:31 [12]  (0.387 ns)
	'load' operation 10 bit ('c_load', ../src/kernel.cpp:31) on local variable 'c', ../src/kernel.cpp:31 [29]  (0.000 ns)
	'icmp' operation 1 bit ('icmp_ln31', ../src/kernel.cpp:31) [35]  (0.725 ns)
	'select' operation 10 bit ('select_ln30', ../src/kernel.cpp:30) [36]  (0.303 ns)
	'add' operation 10 bit ('add_ln31', ../src/kernel.cpp:31) [48]  (0.725 ns)
	'store' operation 0 bit ('c_write_ln31', ../src/kernel.cpp:31) of variable 'add_ln31', ../src/kernel.cpp:31 on local variable 'c', ../src/kernel.cpp:31 [57]  (0.387 ns)

INFO: [SCHED 204-11] Finished scheduling.
INFO: [HLS 200-111] Finished Scheduling: CPU user time: 0.04 seconds. CPU system time: 0.01 seconds. Elapsed time: 0.05 seconds; current allocated memory: 331.250 MB.
Execute         syn_report -verbosereport -o /home/ven_903/sobel-update2/scripts/sobel_hls/solution1/.autopilot/db/Loop_StoreLoop_proc.verbose.sched.rpt 
Execute           list_part -family xcu280-fsvh2892-2L-e 
Execute             ap_family_info -name xcu280-fsvh2892-2L-e -data names 
Execute             ap_part_info -quiet -name xcu280-fsvh2892-2L-e -data family 
Execute         db_write -o /home/ven_903/sobel-update2/scripts/sobel_hls/solution1/.autopilot/db/Loop_StoreLoop_proc.sched.adb -f 
INFO-FLOW: Finish scheduling Loop_StoreLoop_proc.
Execute         set_default_model Loop_StoreLoop_proc 
Execute         bind -model Loop_StoreLoop_proc 
INFO: [BIND 205-100] Starting micro-architecture generation ...
INFO: [BIND 205-101] Performing variable lifetime analysis.
INFO: [BIND 205-101] Exploring resource sharing.
INFO: [BIND 205-101] Binding ...
INFO: [BIND 205-100] Finished micro-architecture generation.
INFO: [HLS 200-111] Finished Binding: CPU user time: 0.01 seconds. CPU system time: 0 seconds. Elapsed time: 0.01 seconds; current allocated memory: 331.250 MB.
Execute         syn_report -verbosereport -o /home/ven_903/sobel-update2/scripts/sobel_hls/solution1/.autopilot/db/Loop_StoreLoop_proc.verbose.bind.rpt 
Execute           list_part -family xcu280-fsvh2892-2L-e 
Execute             ap_family_info -name xcu280-fsvh2892-2L-e -data names 
Execute             ap_part_info -quiet -name xcu280-fsvh2892-2L-e -data family 
Execute         db_write -o /home/ven_903/sobel-update2/scripts/sobel_hls/solution1/.autopilot/db/Loop_StoreLoop_proc.bind.adb -f 
INFO-FLOW: Finish binding Loop_StoreLoop_proc.
INFO: [HLS 200-10] ----------------------------------------------------------------
INFO: [HLS 200-42] -- Implementing module 'sobel_accel' 
INFO: [HLS 200-10] ----------------------------------------------------------------
Execute         set_default_model sobel_accel 
Execute         schedule -model sobel_accel 
INFO: [SCHED 204-11] Starting scheduling ...
INFO: [SCHED 204-11] Finished scheduling.
INFO: [HLS 200-111] Finished Scheduling: CPU user time: 0.02 seconds. CPU system time: 0 seconds. Elapsed time: 0.02 seconds; current allocated memory: 331.508 MB.
Execute         syn_report -verbosereport -o /home/ven_903/sobel-update2/scripts/sobel_hls/solution1/.autopilot/db/sobel_accel.verbose.sched.rpt 
Execute           list_part -family xcu280-fsvh2892-2L-e 
Execute             ap_family_info -name xcu280-fsvh2892-2L-e -data names 
Execute             ap_part_info -quiet -name xcu280-fsvh2892-2L-e -data family 
Execute         db_write -o /home/ven_903/sobel-update2/scripts/sobel_hls/solution1/.autopilot/db/sobel_accel.sched.adb -f 
INFO-FLOW: Finish scheduling sobel_accel.
Execute         set_default_model sobel_accel 
Execute         bind -model sobel_accel 
INFO: [BIND 205-100] Starting micro-architecture generation ...
INFO: [BIND 205-101] Performing variable lifetime analysis.
INFO: [BIND 205-101] Exploring resource sharing.
INFO: [BIND 205-101] Binding ...
INFO: [BIND 205-100] Finished micro-architecture generation.
INFO: [HLS 200-111] Finished Binding: CPU user time: 0.02 seconds. CPU system time: 0 seconds. Elapsed time: 0.01 seconds; current allocated memory: 331.508 MB.
Execute         syn_report -verbosereport -o /home/ven_903/sobel-update2/scripts/sobel_hls/solution1/.autopilot/db/sobel_accel.verbose.bind.rpt 
Execute           list_part -family xcu280-fsvh2892-2L-e 
Execute             ap_family_info -name xcu280-fsvh2892-2L-e -data names 
Execute             ap_part_info -quiet -name xcu280-fsvh2892-2L-e -data family 
Execute         db_write -o /home/ven_903/sobel-update2/scripts/sobel_hls/solution1/.autopilot/db/sobel_accel.bind.adb -f 
INFO-FLOW: Finish binding sobel_accel.
Execute         get_model_list sobel_accel -filter all-wo-channel 
INFO-FLOW: Preprocessing for RTLGen ...
Execute         rtl_gen_preprocess entry_proc 
Execute         rtl_gen_preprocess Loop_LoadLoop_proc 
Execute         rtl_gen_preprocess sobel_filter 
Execute         rtl_gen_preprocess Loop_StoreLoop_proc 
Execute         rtl_gen_preprocess sobel_accel 
INFO-FLOW: Model list for RTL generation: entry_proc Loop_LoadLoop_proc sobel_filter Loop_StoreLoop_proc sobel_accel
INFO: [HLS 200-10] ----------------------------------------------------------------
INFO: [HLS 200-10] -- Generating RTL for module 'entry_proc' 
INFO: [HLS 200-10] ----------------------------------------------------------------
Execute         create_rtl_model entry_proc -top_prefix sobel_accel_ -sub_prefix sobel_accel_ -mg_file /home/ven_903/sobel-update2/scripts/sobel_hls/solution1/.autopilot/db/entry_proc.compgen.tcl 
INFO: [RTGEN 206-100] Finished creating RTL model for 'entry_proc'.
INFO: [HLS 200-111] Finished Creating RTL model: CPU user time: 0.02 seconds. CPU system time: 0 seconds. Elapsed time: 0.02 seconds; current allocated memory: 331.508 MB.
Execute         source /home/ven_903/sobel-update2/scripts/sobel_hls/solution1/.autopilot/db/sobel_accel.rtl_wrap.cfg.tcl 
Execute         gen_rtl entry_proc -style xilinx -f -lang vhdl -o /home/ven_903/sobel-update2/scripts/sobel_hls/solution1/syn/vhdl/sobel_accel_entry_proc 
Execute         gen_rtl entry_proc -style xilinx -f -lang vlog -o /home/ven_903/sobel-update2/scripts/sobel_hls/solution1/syn/verilog/sobel_accel_entry_proc 
Execute         syn_report -csynth -model entry_proc -o /home/ven_903/sobel-update2/scripts/sobel_hls/solution1/syn/report/entry_proc_csynth.rpt 
Execute           list_part -family xcu280-fsvh2892-2L-e 
Execute             ap_family_info -name xcu280-fsvh2892-2L-e -data names 
Execute             ap_part_info -quiet -name xcu280-fsvh2892-2L-e -data family 
Execute         syn_report -rtlxml -model entry_proc -o /home/ven_903/sobel-update2/scripts/sobel_hls/solution1/syn/report/entry_proc_csynth.xml 
Execute           list_part -family xcu280-fsvh2892-2L-e 
Execute             ap_family_info -name xcu280-fsvh2892-2L-e -data names 
Execute             ap_part_info -quiet -name xcu280-fsvh2892-2L-e -data family 
Execute         syn_report -verbosereport -model entry_proc -o /home/ven_903/sobel-update2/scripts/sobel_hls/solution1/.autopilot/db/entry_proc.verbose.rpt 
Execute           list_part -family xcu280-fsvh2892-2L-e 
Execute             ap_family_info -name xcu280-fsvh2892-2L-e -data names 
Execute             ap_part_info -quiet -name xcu280-fsvh2892-2L-e -data family 
Execute         db_write -model entry_proc -f -o /home/ven_903/sobel-update2/scripts/sobel_hls/solution1/.autopilot/db/entry_proc.adb 
Execute         db_write -model entry_proc -bindview -o /home/ven_903/sobel-update2/scripts/sobel_hls/solution1/.autopilot/db/design.bindinfo.xml 
Execute         gen_tb_info entry_proc -p /home/ven_903/sobel-update2/scripts/sobel_hls/solution1/.autopilot/db -o /home/ven_903/sobel-update2/scripts/sobel_hls/solution1/.autopilot/db/entry_proc 
INFO: [HLS 200-10] ----------------------------------------------------------------
INFO: [HLS 200-10] -- Generating RTL for module 'Loop_LoadLoop_proc' 
INFO: [HLS 200-10] ----------------------------------------------------------------
Execute         create_rtl_model Loop_LoadLoop_proc -top_prefix sobel_accel_ -sub_prefix sobel_accel_ -mg_file /home/ven_903/sobel-update2/scripts/sobel_hls/solution1/.autopilot/db/Loop_LoadLoop_proc.compgen.tcl 
INFO: [HLS 200-1030] Apply Unified Pipeline Control on module 'Loop_LoadLoop_proc' pipeline 'LoadLoop_VITIS_LOOP_19_1' pipeline type 'loop pipeline'
INFO: [RTGEN 206-100] Finished creating RTL model for 'Loop_LoadLoop_proc'.
INFO: [HLS 200-111] Finished Creating RTL model: CPU user time: 0.03 seconds. CPU system time: 0.01 seconds. Elapsed time: 0.04 seconds; current allocated memory: 331.785 MB.
Execute         source /home/ven_903/sobel-update2/scripts/sobel_hls/solution1/.autopilot/db/sobel_accel.rtl_wrap.cfg.tcl 
Execute         gen_rtl Loop_LoadLoop_proc -style xilinx -f -lang vhdl -o /home/ven_903/sobel-update2/scripts/sobel_hls/solution1/syn/vhdl/sobel_accel_Loop_LoadLoop_proc 
Execute         gen_rtl Loop_LoadLoop_proc -style xilinx -f -lang vlog -o /home/ven_903/sobel-update2/scripts/sobel_hls/solution1/syn/verilog/sobel_accel_Loop_LoadLoop_proc 
Execute         syn_report -csynth -model Loop_LoadLoop_proc -o /home/ven_903/sobel-update2/scripts/sobel_hls/solution1/syn/report/Loop_LoadLoop_proc_csynth.rpt 
Execute           list_part -family xcu280-fsvh2892-2L-e 
Execute             ap_family_info -name xcu280-fsvh2892-2L-e -data names 
Execute             ap_part_info -quiet -name xcu280-fsvh2892-2L-e -data family 
Execute         syn_report -rtlxml -model Loop_LoadLoop_proc -o /home/ven_903/sobel-update2/scripts/sobel_hls/solution1/syn/report/Loop_LoadLoop_proc_csynth.xml 
Execute           list_part -family xcu280-fsvh2892-2L-e 
Execute             ap_family_info -name xcu280-fsvh2892-2L-e -data names 
Execute             ap_part_info -quiet -name xcu280-fsvh2892-2L-e -data family 
Execute         syn_report -verbosereport -model Loop_LoadLoop_proc -o /home/ven_903/sobel-update2/scripts/sobel_hls/solution1/.autopilot/db/Loop_LoadLoop_proc.verbose.rpt 
Execute           list_part -family xcu280-fsvh2892-2L-e 
Execute             ap_family_info -name xcu280-fsvh2892-2L-e -data names 
Execute             ap_part_info -quiet -name xcu280-fsvh2892-2L-e -data family 
Execute         db_write -model Loop_LoadLoop_proc -f -o /home/ven_903/sobel-update2/scripts/sobel_hls/solution1/.autopilot/db/Loop_LoadLoop_proc.adb 
Execute         db_write -model Loop_LoadLoop_proc -bindview -o /home/ven_903/sobel-update2/scripts/sobel_hls/solution1/.autopilot/db/design.bindinfo.xml 
Execute         gen_tb_info Loop_LoadLoop_proc -p /home/ven_903/sobel-update2/scripts/sobel_hls/solution1/.autopilot/db -o /home/ven_903/sobel-update2/scripts/sobel_hls/solution1/.autopilot/db/Loop_LoadLoop_proc 
INFO: [HLS 200-10] ----------------------------------------------------------------
INFO: [HLS 200-10] -- Generating RTL for module 'sobel_filter' 
INFO: [HLS 200-10] ----------------------------------------------------------------
Execute         create_rtl_model sobel_filter -top_prefix sobel_accel_ -sub_prefix sobel_accel_ -mg_file /home/ven_903/sobel-update2/scripts/sobel_hls/solution1/.autopilot/db/sobel_filter.compgen.tcl 
INFO: [HLS 200-1030] Apply Unified Pipeline Control on module 'sobel_filter' pipeline 'RowLoop_ColLoop' pipeline type 'loop pipeline'
INFO: [RTGEN 206-100] Finished creating RTL model for 'sobel_filter'.
INFO: [RTMG 210-278] Implementing memory 'sobel_accel_sobel_filter_linebuf_RAM_AUTO_1R1W' using auto RAMs.
INFO: [HLS 200-111] Finished Creating RTL model: CPU user time: 0.07 seconds. CPU system time: 0 seconds. Elapsed time: 0.06 seconds; current allocated memory: 333.586 MB.
Execute         source /home/ven_903/sobel-update2/scripts/sobel_hls/solution1/.autopilot/db/sobel_accel.rtl_wrap.cfg.tcl 
Execute         gen_rtl sobel_filter -style xilinx -f -lang vhdl -o /home/ven_903/sobel-update2/scripts/sobel_hls/solution1/syn/vhdl/sobel_accel_sobel_filter 
Execute         gen_rtl sobel_filter -style xilinx -f -lang vlog -o /home/ven_903/sobel-update2/scripts/sobel_hls/solution1/syn/verilog/sobel_accel_sobel_filter 
Execute         syn_report -csynth -model sobel_filter -o /home/ven_903/sobel-update2/scripts/sobel_hls/solution1/syn/report/sobel_filter_csynth.rpt 
Execute           list_part -family xcu280-fsvh2892-2L-e 
Execute             ap_family_info -name xcu280-fsvh2892-2L-e -data names 
Execute             ap_part_info -quiet -name xcu280-fsvh2892-2L-e -data family 
Execute         syn_report -rtlxml -model sobel_filter -o /home/ven_903/sobel-update2/scripts/sobel_hls/solution1/syn/report/sobel_filter_csynth.xml 
Execute           list_part -family xcu280-fsvh2892-2L-e 
Execute             ap_family_info -name xcu280-fsvh2892-2L-e -data names 
Execute             ap_part_info -quiet -name xcu280-fsvh2892-2L-e -data family 
Execute         syn_report -verbosereport -model sobel_filter -o /home/ven_903/sobel-update2/scripts/sobel_hls/solution1/.autopilot/db/sobel_filter.verbose.rpt 
Execute           list_part -family xcu280-fsvh2892-2L-e 
Execute             ap_family_info -name xcu280-fsvh2892-2L-e -data names 
Execute             ap_part_info -quiet -name xcu280-fsvh2892-2L-e -data family 
Execute         db_write -model sobel_filter -f -o /home/ven_903/sobel-update2/scripts/sobel_hls/solution1/.autopilot/db/sobel_filter.adb 
Execute         db_write -model sobel_filter -bindview -o /home/ven_903/sobel-update2/scripts/sobel_hls/solution1/.autopilot/db/design.bindinfo.xml 
Execute         gen_tb_info sobel_filter -p /home/ven_903/sobel-update2/scripts/sobel_hls/solution1/.autopilot/db -o /home/ven_903/sobel-update2/scripts/sobel_hls/solution1/.autopilot/db/sobel_filter 
INFO: [HLS 200-10] ----------------------------------------------------------------
INFO: [HLS 200-10] -- Generating RTL for module 'Loop_StoreLoop_proc' 
INFO: [HLS 200-10] ----------------------------------------------------------------
Execute         create_rtl_model Loop_StoreLoop_proc -top_prefix sobel_accel_ -sub_prefix sobel_accel_ -mg_file /home/ven_903/sobel-update2/scripts/sobel_hls/solution1/.autopilot/db/Loop_StoreLoop_proc.compgen.tcl 
INFO: [HLS 200-1030] Apply Unified Pipeline Control on module 'Loop_StoreLoop_proc' pipeline 'StoreLoop_VITIS_LOOP_31_2' pipeline type 'loop pipeline'
INFO: [RTGEN 206-100] Finished creating RTL model for 'Loop_StoreLoop_proc'.
INFO: [HLS 200-111] Finished Creating RTL model: CPU user time: 0.07 seconds. CPU system time: 0.01 seconds. Elapsed time: 0.08 seconds; current allocated memory: 336.090 MB.
Execute         source /home/ven_903/sobel-update2/scripts/sobel_hls/solution1/.autopilot/db/sobel_accel.rtl_wrap.cfg.tcl 
Execute         gen_rtl Loop_StoreLoop_proc -style xilinx -f -lang vhdl -o /home/ven_903/sobel-update2/scripts/sobel_hls/solution1/syn/vhdl/sobel_accel_Loop_StoreLoop_proc 
Execute         gen_rtl Loop_StoreLoop_proc -style xilinx -f -lang vlog -o /home/ven_903/sobel-update2/scripts/sobel_hls/solution1/syn/verilog/sobel_accel_Loop_StoreLoop_proc 
Execute         syn_report -csynth -model Loop_StoreLoop_proc -o /home/ven_903/sobel-update2/scripts/sobel_hls/solution1/syn/report/Loop_StoreLoop_proc_csynth.rpt 
Execute           list_part -family xcu280-fsvh2892-2L-e 
Execute             ap_family_info -name xcu280-fsvh2892-2L-e -data names 
Execute             ap_part_info -quiet -name xcu280-fsvh2892-2L-e -data family 
Execute         syn_report -rtlxml -model Loop_StoreLoop_proc -o /home/ven_903/sobel-update2/scripts/sobel_hls/solution1/syn/report/Loop_StoreLoop_proc_csynth.xml 
Execute           list_part -family xcu280-fsvh2892-2L-e 
Execute             ap_family_info -name xcu280-fsvh2892-2L-e -data names 
Execute             ap_part_info -quiet -name xcu280-fsvh2892-2L-e -data family 
Execute         syn_report -verbosereport -model Loop_StoreLoop_proc -o /home/ven_903/sobel-update2/scripts/sobel_hls/solution1/.autopilot/db/Loop_StoreLoop_proc.verbose.rpt 
Execute           list_part -family xcu280-fsvh2892-2L-e 
Execute             ap_family_info -name xcu280-fsvh2892-2L-e -data names 
Execute             ap_part_info -quiet -name xcu280-fsvh2892-2L-e -data family 
Execute         db_write -model Loop_StoreLoop_proc -f -o /home/ven_903/sobel-update2/scripts/sobel_hls/solution1/.autopilot/db/Loop_StoreLoop_proc.adb 
Execute         db_write -model Loop_StoreLoop_proc -bindview -o /home/ven_903/sobel-update2/scripts/sobel_hls/solution1/.autopilot/db/design.bindinfo.xml 
Execute         gen_tb_info Loop_StoreLoop_proc -p /home/ven_903/sobel-update2/scripts/sobel_hls/solution1/.autopilot/db -o /home/ven_903/sobel-update2/scripts/sobel_hls/solution1/.autopilot/db/Loop_StoreLoop_proc 
INFO: [HLS 200-10] ----------------------------------------------------------------
INFO: [HLS 200-10] -- Generating RTL for module 'sobel_accel' 
INFO: [HLS 200-10] ----------------------------------------------------------------
Execute         create_rtl_model sobel_accel -top_prefix  -sub_prefix sobel_accel_ -mg_file /home/ven_903/sobel-update2/scripts/sobel_hls/solution1/.autopilot/db/sobel_accel.compgen.tcl 
WARNING: [RTGEN 206-101] Design contains AXI ports. Reset is fixed to synchronous and active low.
INFO: [RTGEN 206-500] Setting interface mode on port 'sobel_accel/gmem' to 'm_axi'.
INFO: [RTGEN 206-500] Setting interface mode on port 'sobel_accel/in_r' to 's_axilite & ap_none'.
INFO: [RTGEN 206-500] Setting interface mode on port 'sobel_accel/out_r' to 's_axilite & ap_none'.
INFO: [RTGEN 206-500] Setting interface mode on function 'sobel_accel' to 's_axilite & ap_ctrl_hs'.
INFO: [RTGEN 206-100] Bundling port 'in_r', 'out_r' and 'return' to AXI-Lite port control.
WARNING: [HLS 200-656] Deadlocks can occur since process Loop_LoadLoop_proc is instantiated in a dataflow region with ap_ctrl_none or without start propagation and contains an auto-rewind pipeline.
INFO: [RTGEN 206-100] Finished creating RTL model for 'sobel_accel'.
INFO: [HLS 200-741] Implementing PIPO sobel_accel_in_img_RAM_AUTO_1R1W using a single memory for all blocks
INFO: [RTMG 210-278] Implementing memory 'sobel_accel_in_img_RAM_AUTO_1R1W_memcore' using auto RAMs.
INFO: [RTMG 210-285] Implementing FIFO 'out_r_c_U(sobel_accel_fifo_w64_d4_S)' using Shift Registers.
INFO: [HLS 200-111] Finished Creating RTL model: CPU user time: 0.07 seconds. CPU system time: 0 seconds. Elapsed time: 0.07 seconds; current allocated memory: 338.293 MB.
Execute         source /home/ven_903/sobel-update2/scripts/sobel_hls/solution1/.autopilot/db/sobel_accel.rtl_wrap.cfg.tcl 
Execute         gen_rtl sobel_accel -istop -style xilinx -f -lang vhdl -o /home/ven_903/sobel-update2/scripts/sobel_hls/solution1/syn/vhdl/sobel_accel 
Execute         gen_rtl sobel_accel -istop -style xilinx -f -lang vlog -o /home/ven_903/sobel-update2/scripts/sobel_hls/solution1/syn/verilog/sobel_accel 
Execute         syn_report -csynth -model sobel_accel -o /home/ven_903/sobel-update2/scripts/sobel_hls/solution1/syn/report/sobel_accel_csynth.rpt 
Execute           list_part -family xcu280-fsvh2892-2L-e 
Execute             ap_family_info -name xcu280-fsvh2892-2L-e -data names 
Execute             ap_part_info -quiet -name xcu280-fsvh2892-2L-e -data family 
Execute         syn_report -rtlxml -model sobel_accel -o /home/ven_903/sobel-update2/scripts/sobel_hls/solution1/syn/report/sobel_accel_csynth.xml 
Execute           list_part -family xcu280-fsvh2892-2L-e 
Execute             ap_family_info -name xcu280-fsvh2892-2L-e -data names 
Execute             ap_part_info -quiet -name xcu280-fsvh2892-2L-e -data family 
Execute         syn_report -verbosereport -model sobel_accel -o /home/ven_903/sobel-update2/scripts/sobel_hls/solution1/.autopilot/db/sobel_accel.verbose.rpt 
Execute           list_part -family xcu280-fsvh2892-2L-e 
Execute             ap_family_info -name xcu280-fsvh2892-2L-e -data names 
Execute             ap_part_info -quiet -name xcu280-fsvh2892-2L-e -data family 
Execute         db_write -model sobel_accel -f -o /home/ven_903/sobel-update2/scripts/sobel_hls/solution1/.autopilot/db/sobel_accel.adb 
Execute         db_write -model sobel_accel -bindview -o /home/ven_903/sobel-update2/scripts/sobel_hls/solution1/.autopilot/db/design.bindinfo.xml 
Execute         gen_tb_info sobel_accel -p /home/ven_903/sobel-update2/scripts/sobel_hls/solution1/.autopilot/db -o /home/ven_903/sobel-update2/scripts/sobel_hls/solution1/.autopilot/db/sobel_accel 
Execute         export_constraint_db -f -tool general -o /home/ven_903/sobel-update2/scripts/sobel_hls/solution1/.autopilot/db/sobel_accel.constraint.tcl 
Execute         syn_report -designview -model sobel_accel -o /home/ven_903/sobel-update2/scripts/sobel_hls/solution1/.autopilot/db/sobel_accel.design.xml 
Execute         syn_report -csynthDesign -model sobel_accel -o /home/ven_903/sobel-update2/scripts/sobel_hls/solution1/syn/report/csynth.rpt -MHOut /home/ven_903/sobel-update2/scripts/sobel_hls/solution1/.autopilot/db/kernel_module_hierarchy.tcl 
Execute           list_part -family xcu280-fsvh2892-2L-e 
Execute             ap_family_info -name xcu280-fsvh2892-2L-e -data names 
Execute             ap_part_info -quiet -name xcu280-fsvh2892-2L-e -data family 
Execute         syn_report -wcfg -model sobel_accel -o /home/ven_903/sobel-update2/scripts/sobel_hls/solution1/.autopilot/db/sobel_accel_dataflow_ana.wcfg 
Execute         syn_report -protoinst -model sobel_accel -o /home/ven_903/sobel-update2/scripts/sobel_hls/solution1/.autopilot/db/sobel_accel.protoinst 
Execute         sc_get_clocks sobel_accel 
Execute         sc_get_portdomain sobel_accel 
INFO-FLOW: Model list for RTL component generation: entry_proc Loop_LoadLoop_proc sobel_filter Loop_StoreLoop_proc sobel_accel
INFO-FLOW: Handling components in module [entry_proc] ... 
Execute         source /home/ven_903/sobel-update2/scripts/sobel_hls/solution1/.autopilot/db/entry_proc.compgen.tcl 
INFO-FLOW: Handling components in module [Loop_LoadLoop_proc] ... 
Execute         source /home/ven_903/sobel-update2/scripts/sobel_hls/solution1/.autopilot/db/Loop_LoadLoop_proc.compgen.tcl 
INFO-FLOW: Found component sobel_accel_flow_control_loop_pipe.
INFO-FLOW: Append model sobel_accel_flow_control_loop_pipe
INFO-FLOW: Handling components in module [sobel_filter] ... 
Execute         source /home/ven_903/sobel-update2/scripts/sobel_hls/solution1/.autopilot/db/sobel_filter.compgen.tcl 
INFO-FLOW: Found component sobel_accel_sobel_filter_linebuf_RAM_AUTO_1R1W.
INFO-FLOW: Append model sobel_accel_sobel_filter_linebuf_RAM_AUTO_1R1W
INFO-FLOW: Found component sobel_accel_flow_control_loop_pipe.
INFO-FLOW: Append model sobel_accel_flow_control_loop_pipe
INFO-FLOW: Handling components in module [Loop_StoreLoop_proc] ... 
Execute         source /home/ven_903/sobel-update2/scripts/sobel_hls/solution1/.autopilot/db/Loop_StoreLoop_proc.compgen.tcl 
INFO-FLOW: Found component sobel_accel_flow_control_loop_pipe.
INFO-FLOW: Append model sobel_accel_flow_control_loop_pipe
INFO-FLOW: Handling components in module [sobel_accel] ... 
Execute         source /home/ven_903/sobel-update2/scripts/sobel_hls/solution1/.autopilot/db/sobel_accel.compgen.tcl 
INFO-FLOW: Found component sobel_accel_in_img_RAM_AUTO_1R1W_memcore.
INFO-FLOW: Append model sobel_accel_in_img_RAM_AUTO_1R1W_memcore
INFO-FLOW: Found component sobel_accel_in_img_RAM_AUTO_1R1W.
INFO-FLOW: Append model sobel_accel_in_img_RAM_AUTO_1R1W
INFO-FLOW: Found component sobel_accel_fifo_w64_d4_S.
INFO-FLOW: Append model sobel_accel_fifo_w64_d4_S
INFO-FLOW: Found component sobel_accel_gmem_m_axi.
INFO-FLOW: Append model sobel_accel_gmem_m_axi
INFO-FLOW: Found component sobel_accel_control_s_axi.
INFO-FLOW: Append model sobel_accel_control_s_axi
INFO-FLOW: Append model entry_proc
INFO-FLOW: Append model Loop_LoadLoop_proc
INFO-FLOW: Append model sobel_filter
INFO-FLOW: Append model Loop_StoreLoop_proc
INFO-FLOW: Append model sobel_accel
INFO-FLOW: Generating RTL model list ...
INFO-FLOW: All models in this session: sobel_accel_flow_control_loop_pipe sobel_accel_sobel_filter_linebuf_RAM_AUTO_1R1W sobel_accel_flow_control_loop_pipe sobel_accel_flow_control_loop_pipe sobel_accel_in_img_RAM_AUTO_1R1W_memcore sobel_accel_in_img_RAM_AUTO_1R1W sobel_accel_fifo_w64_d4_S sobel_accel_gmem_m_axi sobel_accel_control_s_axi entry_proc Loop_LoadLoop_proc sobel_filter Loop_StoreLoop_proc sobel_accel
INFO-FLOW: Generating /home/ven_903/sobel-update2/scripts/sobel_hls/solution1/.autopilot/db/autopilot.rtl.models.txt file...
INFO-FLOW: To file: write model sobel_accel_flow_control_loop_pipe
INFO-FLOW: To file: write model sobel_accel_sobel_filter_linebuf_RAM_AUTO_1R1W
INFO-FLOW: To file: write model sobel_accel_flow_control_loop_pipe
INFO-FLOW: To file: write model sobel_accel_flow_control_loop_pipe
INFO-FLOW: To file: write model sobel_accel_in_img_RAM_AUTO_1R1W_memcore
INFO-FLOW: To file: write model sobel_accel_in_img_RAM_AUTO_1R1W
INFO-FLOW: To file: write model sobel_accel_fifo_w64_d4_S
INFO-FLOW: To file: write model sobel_accel_gmem_m_axi
INFO-FLOW: To file: write model sobel_accel_control_s_axi
INFO-FLOW: To file: write model entry_proc
INFO-FLOW: To file: write model Loop_LoadLoop_proc
INFO-FLOW: To file: write model sobel_filter
INFO-FLOW: To file: write model Loop_StoreLoop_proc
INFO-FLOW: To file: write model sobel_accel
INFO-FLOW: Generating /home/ven_903/sobel-update2/scripts/sobel_hls/solution1/.autopilot/db/autopilot.rtl.models.tcl file...
INFO-FLOW: Finished generating RTL model list.


INFO-FLOW: RTL Generation done.
INFO-FLOW: CAS Generation done.
INFO-FLOW: CBC Generation done.
INFO-FLOW: DBG:PROC: ::AESL_AUTOMG::auto_generate_csynth_design
INFO-FLOW: DBG:PUTS: read_platform_lib /home/ven_903/sobel-update2/scripts/sobel_hls/solution1/.autopilot/db/global.setting.tcl
Execute         source /tools/Xilinx/Vitis_HLS/2023.2/common/technology/generic/autopilot/common.gen 
Execute           source /tools/Xilinx/Vitis_HLS/2023.2/common/technology/generic/autopilot/APCoreGen.gen 
Execute         source /tools/Xilinx/Vitis_HLS/2023.2/common/technology/generic/autopilot/op.gen 
Execute         source /tools/Xilinx/Vitis_HLS/2023.2/common/technology/generic/autopilot/op_simcore.gen 
Execute         source /tools/Xilinx/Vitis_HLS/2023.2/common/technology/generic/autopilot/interface.gen 
Execute         source /home/ven_903/sobel-update2/scripts/sobel_hls/solution1/.autopilot/db/global.setting.tcl 
Execute         source /tools/Xilinx/Vitis_HLS/2023.2/common/technology/xilinx/common/xilinx.gen 
Execute           source /tools/Xilinx/Vitis_HLS/2023.2/common/technology/xilinx/interface/plb46.gen 
Execute           source /tools/Xilinx/Vitis_HLS/2023.2/common/technology/xilinx/interface/axi4.gen 
Execute           source /tools/Xilinx/Vitis_HLS/2023.2/common/technology/xilinx/interface/nativeAXI4.gen 
Execute             source /tools/Xilinx/Vitis_HLS/2023.2/common/technology/xilinx/interface/saxilite.gen 
Execute           source /tools/Xilinx/Vitis_HLS/2023.2/common/technology/xilinx/scripts/xilinxcoregen.gen 
Execute           source /tools/Xilinx/Vitis_HLS/2023.2/common/technology/xilinx/interface/XilEDKCoreGen.gen 
Execute           source /tools/Xilinx/Vitis_HLS/2023.2/common/technology/xilinx/ip/xfft.gen 
Execute           source /tools/Xilinx/Vitis_HLS/2023.2/common/technology/xilinx/ip/util.gen 
Execute           source /tools/Xilinx/Vitis_HLS/2023.2/common/technology/xilinx/ip/dds_compiler.gen 
Execute           source /tools/Xilinx/Vitis_HLS/2023.2/common/technology/xilinx/ip/xfir.gen 
Execute           source /tools/Xilinx/Vitis_HLS/2023.2/common/technology/xilinx/DSP48/dsp48.gen 
INFO-FLOW: DBG:PUTS:   using AESL_AUTOCG::g_clock_period=3.330 (was NA)
INFO-FLOW: DBG:PROC: ::AESL_AUTOMG::generate_ip_cores gen_sim_model='1' gen_fp_models='0' gen_for_export='0' dstSCDir='' dstVhdlDir='/home/ven_903/sobel-update2/scripts/sobel_hls/solution1/.autopilot/db/vhdl' dstVlogDir='/home/ven_903/sobel-update2/scripts/sobel_hls/solution1/.autopilot/db/vlog' tclDir='/home/ven_903/sobel-update2/scripts/sobel_hls/solution1/.autopilot/db' modelList='sobel_accel_flow_control_loop_pipe
sobel_accel_sobel_filter_linebuf_RAM_AUTO_1R1W
sobel_accel_flow_control_loop_pipe
sobel_accel_flow_control_loop_pipe
sobel_accel_in_img_RAM_AUTO_1R1W_memcore
sobel_accel_in_img_RAM_AUTO_1R1W
sobel_accel_fifo_w64_d4_S
sobel_accel_gmem_m_axi
sobel_accel_control_s_axi
entry_proc
Loop_LoadLoop_proc
sobel_filter
Loop_StoreLoop_proc
sobel_accel
' expOnly='0'
Execute         source /home/ven_903/sobel-update2/scripts/sobel_hls/solution1/.autopilot/db/global.setting.tcl 
Execute         ap_part_info -name xcu280-fsvh2892-2L-e -data names -quiet 
Execute         ap_part_info -name xcu280-fsvh2892-2L-e -data info -quiet 
Execute         source /home/ven_903/sobel-update2/scripts/sobel_hls/solution1/.autopilot/db/global.setting.tcl 
Execute         source /home/ven_903/sobel-update2/scripts/sobel_hls/solution1/.autopilot/db/global.setting.tcl 
Execute         source /home/ven_903/sobel-update2/scripts/sobel_hls/solution1/.autopilot/db/entry_proc.compgen.tcl 
Execute         source /home/ven_903/sobel-update2/scripts/sobel_hls/solution1/.autopilot/db/Loop_LoadLoop_proc.compgen.tcl 
Execute         source /home/ven_903/sobel-update2/scripts/sobel_hls/solution1/.autopilot/db/sobel_filter.compgen.tcl 
Execute         source /home/ven_903/sobel-update2/scripts/sobel_hls/solution1/.autopilot/db/Loop_StoreLoop_proc.compgen.tcl 
Execute         source /home/ven_903/sobel-update2/scripts/sobel_hls/solution1/.autopilot/db/sobel_accel.compgen.tcl 
Execute           source ./control.slave.tcl 
INFO: [HLS 200-111] Finished Generating all RTL models: CPU user time: 0.22 seconds. CPU system time: 0.02 seconds. Elapsed time: 0.24 seconds; current allocated memory: 341.738 MB.
INFO-FLOW: DBG:PROC: ::HLSREPORTS::create_csynth_xml bind_info_var='bind_info' RtlSubPrefix='sobel_accel_' outfile=''
INFO-FLOW: Running: create_csynth_xml read xml data
INFO-FLOW: Done: create_csynth_xml read xml data time: 0 seconds per iteration
INFO-FLOW: Running: create_csynth_xml bind info
INFO-FLOW: No bind nodes found for module_name entry_proc
INFO-FLOW: Done: create_csynth_xml bind info time: 0 seconds per iteration
INFO-FLOW: Running: create_csynth_xml config info
INFO-FLOW: Done: create_csynth_xml config info time: 0 seconds per iteration
INFO-FLOW: Running: create_csynth_xml write xml
INFO-FLOW: Done: create_csynth_xml write xml time: 0 seconds per iteration
INFO-FLOW: DBG:PUTS:      create_csynth_xml wrote csynth_xml=/home/ven_903/sobel-update2/scripts/sobel_hls/solution1/syn/report/csynth.xml
INFO-FLOW: DBG:PROC: ::AP::DESIGN_DATA::generate_json generate_bd_files='0' generate_xo_files='0' modelList='sobel_accel_flow_control_loop_pipe
sobel_accel_sobel_filter_linebuf_RAM_AUTO_1R1W
sobel_accel_flow_control_loop_pipe
sobel_accel_flow_control_loop_pipe
sobel_accel_in_img_RAM_AUTO_1R1W_memcore
sobel_accel_in_img_RAM_AUTO_1R1W
sobel_accel_fifo_w64_d4_S
sobel_accel_gmem_m_axi
sobel_accel_control_s_axi
entry_proc
Loop_LoadLoop_proc
sobel_filter
Loop_StoreLoop_proc
sobel_accel
' rtl_lang='both' bootstrap_tcl='false' outdir='' outfilename=''
Execute         source /home/ven_903/sobel-update2/scripts/sobel_hls/solution1/.autopilot/db/global.setting.tcl 
Execute         source /home/ven_903/sobel-update2/scripts/sobel_hls/solution1/.autopilot/db/global.setting.tcl 
Execute         source /home/ven_903/sobel-update2/scripts/sobel_hls/solution1/.autopilot/db/top-io-be.tcl 
Execute         source /home/ven_903/sobel-update2/scripts/sobel_hls/solution1/.autopilot/db/sobel_accel.tbgen.tcl 
Execute         source /home/ven_903/sobel-update2/scripts/sobel_hls/solution1/.autopilot/db/sobel_accel.compgen.dataonly.tcl 
Execute         source /home/ven_903/sobel-update2/scripts/sobel_hls/solution1/.autopilot/db/sobel_accel.compgen.dataonly.tcl 
Execute         source /home/ven_903/sobel-update2/scripts/sobel_hls/solution1/.autopilot/db/sobel_accel.rtl_wrap.cfg.tcl 
Execute         source /home/ven_903/sobel-update2/scripts/sobel_hls/solution1/.autopilot/db/sobel_accel.compgen.dataonly.tcl 
Execute         source /home/ven_903/sobel-update2/scripts/sobel_hls/solution1/.autopilot/db/entry_proc.tbgen.tcl 
Execute         source /home/ven_903/sobel-update2/scripts/sobel_hls/solution1/.autopilot/db/Loop_LoadLoop_proc.tbgen.tcl 
Execute         source /home/ven_903/sobel-update2/scripts/sobel_hls/solution1/.autopilot/db/sobel_filter.tbgen.tcl 
Execute         source /home/ven_903/sobel-update2/scripts/sobel_hls/solution1/.autopilot/db/Loop_StoreLoop_proc.tbgen.tcl 
Execute         source /home/ven_903/sobel-update2/scripts/sobel_hls/solution1/.autopilot/db/sobel_accel.tbgen.tcl 
Execute         source /home/ven_903/sobel-update2/scripts/sobel_hls/solution1/.autopilot/db/global.setting.tcl 
Execute         ap_part_info -name xcu280-fsvh2892-2L-e -data names -quiet 
Execute         ap_part_info -name xcu280-fsvh2892-2L-e -data info -quiet 
Execute         source /home/ven_903/sobel-update2/scripts/sobel_hls/solution1/.autopilot/db/sobel_accel.constraint.tcl 
Execute         sc_get_clocks sobel_accel 
Execute         source /home/ven_903/sobel-update2/scripts/sobel_hls/solution1/.autopilot/db/global.setting.tcl 
INFO-FLOW: DBG:PROC: ::HLSREPORTS::add_csynth_report_sections bind_info_dict='adapter_nodes {{BINDTYPE adapter ID {} IMPL {} LATENCY {} OPTYPE {} PRAGMA {} RTLNAME control_s_axi_U SOURCE {} VARIABLE {} LOOP {} BUNDLEDNAME control DSP 0 BRAM 0 URAM 0 STORAGESUBTYPE s_axilite STORAGESIZE {} STORAGEUSAGE interface DISPNAME {bind_adapter }} {BINDTYPE adapter ID {} IMPL {} LATENCY {} OPTYPE {} PRAGMA {} RTLNAME gmem_m_axi_U SOURCE {} VARIABLE {} LOOP {} BUNDLEDNAME gmem DSP 0 BRAM 2 URAM 0 STORAGESUBTYPE m_axi STORAGESIZE {} STORAGEUSAGE interface DISPNAME {bind_adapter }}} report_dict {TOPINST sobel_accel MODULE2INSTS {sobel_accel sobel_accel entry_proc entry_proc_U0 Loop_LoadLoop_proc Loop_LoadLoop_proc_U0 sobel_filter sobel_filter_U0 Loop_StoreLoop_proc Loop_StoreLoop_proc_U0} INST2MODULE {sobel_accel sobel_accel entry_proc_U0 entry_proc Loop_LoadLoop_proc_U0 Loop_LoadLoop_proc sobel_filter_U0 sobel_filter Loop_StoreLoop_proc_U0 Loop_StoreLoop_proc} INSTDATA {sobel_accel {DEPTH 1 CHILDREN {entry_proc_U0 Loop_LoadLoop_proc_U0 sobel_filter_U0 Loop_StoreLoop_proc_U0}} entry_proc_U0 {DEPTH 2 CHILDREN {}} Loop_LoadLoop_proc_U0 {DEPTH 2 CHILDREN {}} sobel_filter_U0 {DEPTH 2 CHILDREN {}} Loop_StoreLoop_proc_U0 {DEPTH 2 CHILDREN {}}} MODULEDATA {Loop_LoadLoop_proc {BINDINFO {{BINDTYPE op ID {} IMPL fabric LATENCY 0 OPTYPE add PRAGMA {} RTLNAME add_ln18_1_fu_143_p2 SOURCE ../src/kernel.cpp:18 VARIABLE add_ln18_1 LOOP LoadLoop_VITIS_LOOP_19_1 BUNDLEDNAME {} DSP 0 BRAM 0 URAM 0 STORAGESUBTYPE {} DISPNAME {bind_op add}} {BINDTYPE op ID {} IMPL fabric LATENCY 0 OPTYPE add PRAGMA {} RTLNAME add_ln18_fu_166_p2 SOURCE ../src/kernel.cpp:18 VARIABLE add_ln18 LOOP LoadLoop_VITIS_LOOP_19_1 BUNDLEDNAME {} DSP 0 BRAM 0 URAM 0 STORAGESUBTYPE {} DISPNAME {bind_op add}} {BINDTYPE op ID {} IMPL fabric LATENCY 0 OPTYPE add PRAGMA {} RTLNAME add_ln21_fu_210_p2 SOURCE ../src/kernel.cpp:21 VARIABLE add_ln21 LOOP LoadLoop_VITIS_LOOP_19_1 BUNDLEDNAME {} DSP 0 BRAM 0 URAM 0 STORAGESUBTYPE {} DISPNAME {bind_op add}} {BINDTYPE op ID {} IMPL fabric LATENCY 0 OPTYPE add PRAGMA {} RTLNAME add_ln19_fu_216_p2 SOURCE ../src/kernel.cpp:19 VARIABLE add_ln19 LOOP LoadLoop_VITIS_LOOP_19_1 BUNDLEDNAME {} DSP 0 BRAM 0 URAM 0 STORAGESUBTYPE {} DISPNAME {bind_op add}}} AREA {DSP 0 BRAM 0 URAM 0}} sobel_filter {BINDINFO {{BINDTYPE storage ID {} IMPL auto LATENCY 1 OPTYPE ram_s2p PRAGMA {} RTLNAME linebuf_U SOURCE ../src/sobel.cpp:25 VARIABLE linebuf LOOP {} BUNDLEDNAME {} DSP 0 BRAM 1 URAM 0 STORAGESUBTYPE {} STORAGESIZE {8 512 1} STORAGEUSAGE {ram_s2p array} DISPNAME {bind_storage ram_s2p}} {BINDTYPE storage ID {} IMPL auto LATENCY 1 OPTYPE ram_s2p PRAGMA {} RTLNAME linebuf_1_U SOURCE ../src/sobel.cpp:25 VARIABLE linebuf_1 LOOP {} BUNDLEDNAME {} DSP 0 BRAM 1 URAM 0 STORAGESUBTYPE {} STORAGESIZE {8 512 1} STORAGEUSAGE {ram_s2p array} DISPNAME {bind_storage ram_s2p}} {BINDTYPE op ID {} IMPL fabric LATENCY 0 OPTYPE add PRAGMA {} RTLNAME add_ln32_1_fu_211_p2 SOURCE ../src/sobel.cpp:32 VARIABLE add_ln32_1 LOOP RowLoop_ColLoop BUNDLEDNAME {} DSP 0 BRAM 0 URAM 0 STORAGESUBTYPE {} DISPNAME {bind_op add}} {BINDTYPE op ID {} IMPL fabric LATENCY 0 OPTYPE add PRAGMA {} RTLNAME add_ln32_fu_223_p2 SOURCE ../src/sobel.cpp:32 VARIABLE add_ln32 LOOP RowLoop_ColLoop BUNDLEDNAME {} DSP 0 BRAM 0 URAM 0 STORAGESUBTYPE {} DISPNAME {bind_op add}} {BINDTYPE op ID {} IMPL fabric LATENCY 0 OPTYPE add PRAGMA {} RTLNAME add_ln49_fu_295_p2 SOURCE ../src/sobel.cpp:49 VARIABLE add_ln49 LOOP RowLoop_ColLoop BUNDLEDNAME {} DSP 0 BRAM 0 URAM 0 STORAGESUBTYPE {} DISPNAME {bind_op add}} {BINDTYPE op ID {} IMPL fabric LATENCY 0 OPTYPE sub PRAGMA {} RTLNAME sub_ln74_fu_397_p2 SOURCE ../src/sobel.cpp:74 VARIABLE sub_ln74 LOOP RowLoop_ColLoop BUNDLEDNAME {} DSP 0 BRAM 0 URAM 0 STORAGESUBTYPE {} DISPNAME {bind_op sub}} {BINDTYPE op ID {} IMPL fabric LATENCY 0 OPTYPE sub PRAGMA {} RTLNAME sub_ln74_1_fu_415_p2 SOURCE ../src/sobel.cpp:74 VARIABLE sub_ln74_1 LOOP RowLoop_ColLoop BUNDLEDNAME {} DSP 0 BRAM 0 URAM 0 STORAGESUBTYPE {} DISPNAME {bind_op sub}} {BINDTYPE op ID {} IMPL fabric LATENCY 0 OPTYPE sub PRAGMA {} RTLNAME sub_ln74_2_fu_436_p2 SOURCE ../src/sobel.cpp:74 VARIABLE sub_ln74_2 LOOP RowLoop_ColLoop BUNDLEDNAME {} DSP 0 BRAM 0 URAM 0 STORAGESUBTYPE {} DISPNAME {bind_op sub}} {BINDTYPE op ID {} IMPL fabric LATENCY 0 OPTYPE add PRAGMA {} RTLNAME add_ln74_1_fu_450_p2 SOURCE ../src/sobel.cpp:74 VARIABLE add_ln74_1 LOOP RowLoop_ColLoop BUNDLEDNAME {} DSP 0 BRAM 0 URAM 0 STORAGESUBTYPE {} DISPNAME {bind_op add}} {BINDTYPE op ID {} IMPL fabric LATENCY 0 OPTYPE sub PRAGMA {} RTLNAME tmp_fu_456_p2 SOURCE ../src/sobel.cpp:73 VARIABLE tmp LOOP RowLoop_ColLoop BUNDLEDNAME {} DSP 0 BRAM 0 URAM 0 STORAGESUBTYPE {} DISPNAME {bind_op sub}} {BINDTYPE op ID {} IMPL fabric LATENCY 0 OPTYPE add PRAGMA {} RTLNAME add_ln75_fu_474_p2 SOURCE ../src/sobel.cpp:75 VARIABLE add_ln75 LOOP RowLoop_ColLoop BUNDLEDNAME {} DSP 0 BRAM 0 URAM 0 STORAGESUBTYPE {} DISPNAME {bind_op add}} {BINDTYPE op ID {} IMPL fabric LATENCY 0 OPTYPE sub PRAGMA {} RTLNAME sub_ln79_fu_556_p2 SOURCE ../src/sobel.cpp:79 VARIABLE sub_ln79 LOOP RowLoop_ColLoop BUNDLEDNAME {} DSP 0 BRAM 0 URAM 0 STORAGESUBTYPE {} DISPNAME {bind_op sub}} {BINDTYPE op ID {} IMPL fabric LATENCY 0 OPTYPE sub PRAGMA {} RTLNAME sub_ln80_fu_582_p2 SOURCE ../src/sobel.cpp:80 VARIABLE sub_ln80 LOOP RowLoop_ColLoop BUNDLEDNAME {} DSP 0 BRAM 0 URAM 0 STORAGESUBTYPE {} DISPNAME {bind_op sub}} {BINDTYPE op ID {} IMPL fabric LATENCY 0 OPTYPE add PRAGMA {} RTLNAME mag_fu_600_p2 SOURCE ../src/sobel.cpp:82 VARIABLE mag LOOP RowLoop_ColLoop BUNDLEDNAME {} DSP 0 BRAM 0 URAM 0 STORAGESUBTYPE {} DISPNAME {bind_op add}} {BINDTYPE op ID {} IMPL fabric LATENCY 0 OPTYPE add PRAGMA {} RTLNAME add_ln34_fu_323_p2 SOURCE ../src/sobel.cpp:34 VARIABLE add_ln34 LOOP RowLoop_ColLoop BUNDLEDNAME {} DSP 0 BRAM 0 URAM 0 STORAGESUBTYPE {} DISPNAME {bind_op add}}} AREA {DSP 0 BRAM 2 URAM 0}} Loop_StoreLoop_proc {BINDINFO {{BINDTYPE op ID {} IMPL fabric LATENCY 0 OPTYPE add PRAGMA {} RTLNAME add_ln30_1_fu_165_p2 SOURCE ../src/kernel.cpp:30 VARIABLE add_ln30_1 LOOP StoreLoop_VITIS_LOOP_31_2 BUNDLEDNAME {} DSP 0 BRAM 0 URAM 0 STORAGESUBTYPE {} DISPNAME {bind_op add}} {BINDTYPE op ID {} IMPL fabric LATENCY 0 OPTYPE add PRAGMA {} RTLNAME add_ln30_fu_177_p2 SOURCE ../src/kernel.cpp:30 VARIABLE add_ln30 LOOP StoreLoop_VITIS_LOOP_31_2 BUNDLEDNAME {} DSP 0 BRAM 0 URAM 0 STORAGESUBTYPE {} DISPNAME {bind_op add}} {BINDTYPE op ID {} IMPL fabric LATENCY 0 OPTYPE add PRAGMA {} RTLNAME add_ln33_fu_221_p2 SOURCE ../src/kernel.cpp:33 VARIABLE add_ln33 LOOP StoreLoop_VITIS_LOOP_31_2 BUNDLEDNAME {} DSP 0 BRAM 0 URAM 0 STORAGESUBTYPE {} DISPNAME {bind_op add}} {BINDTYPE op ID {} IMPL fabric LATENCY 0 OPTYPE add PRAGMA {} RTLNAME add_ln31_fu_227_p2 SOURCE ../src/kernel.cpp:31 VARIABLE add_ln31 LOOP StoreLoop_VITIS_LOOP_31_2 BUNDLEDNAME {} DSP 0 BRAM 0 URAM 0 STORAGESUBTYPE {} DISPNAME {bind_op add}}} AREA {DSP 0 BRAM 0 URAM 0}} sobel_accel {BINDINFO {{BINDTYPE storage ID {} IMPL srl LATENCY 0 OPTYPE fifo PRAGMA {} RTLNAME out_r_c_U SOURCE ../src/kernel.cpp:14 VARIABLE out_r_c LOOP {} BUNDLEDNAME {} DSP 0 BRAM 0 URAM 0 STORAGESUBTYPE {scalar prop} STORAGESIZE {64 4 1} STORAGEUSAGE {fifo channel} DISPNAME {bind_storage fifo}} {BINDTYPE storage ID {} IMPL auto LATENCY 1 OPTYPE ram_1p PRAGMA {} RTLNAME in_img_U SOURCE :0 VARIABLE in_img LOOP {} BUNDLEDNAME {} DSP 0 BRAM 256 URAM 0 STORAGESUBTYPE pipo STORAGESIZE {8 262144 2} STORAGEUSAGE {ram_1p channel} DISPNAME {bind_storage ram_1p}} {BINDTYPE storage ID {} IMPL auto LATENCY 1 OPTYPE ram_1p PRAGMA {} RTLNAME out_img_U SOURCE ../src/kernel.cpp:12 VARIABLE out_img LOOP {} BUNDLEDNAME {} DSP 0 BRAM 256 URAM 0 STORAGESUBTYPE pipo STORAGESIZE {8 262144 2} STORAGEUSAGE {ram_1p channel} DISPNAME {bind_storage ram_1p}}} AREA {DSP 0 BRAM 516 URAM 0}} entry_proc {AREA {DSP 0 BRAM 0 URAM 0}}}}'
INFO-FLOW: DBG:PUTS:      update_csynth_reports json2rpt_hw_sw_interfaces
Execute         send_msg_by_id INFO @200-1603@%s  and missed bursts 
INFO: [HLS 200-1603] Design has inferred MAXI bursts and missed bursts, see Vitis HLS GUI synthesis summary report for detailed information.
INFO-FLOW: Running: gen_csynth_sec_pragma
INFO-FLOW: Done: gen_csynth_sec_pragma time: 0 seconds per iteration
INFO-FLOW: DBG:PUTS:      update_csynth_reports wrote xml
INFO-FLOW: DBG:PUTS:      update_csynth_reports appended to csynth rpt file
INFO: [HLS 200-111] Finished Updating report files: CPU user time: 0.42 seconds. CPU system time: 0.03 seconds. Elapsed time: 0.45 seconds; current allocated memory: 347.383 MB.
INFO: [VHDL 208-304] Generating VHDL RTL for sobel_accel.
INFO: [VLOG 209-307] Generating Verilog RTL for sobel_accel.
Execute         syn_report -model sobel_accel -printsummary 
INFO: [HLS 200-790] **** Loop Constraint Status: All loop constraints were satisfied.
INFO: [HLS 200-789] **** Estimated Fmax: 378.93 MHz
Command       autosyn done; 1.35 sec.
Command     csynth_design done; 16.95 sec.
INFO: [HLS 200-111] Finished Command csynth_design CPU user time: 10.08 seconds. CPU system time: 2.01 seconds. Elapsed time: 16.95 seconds; current allocated memory: 76.500 MB.
Execute     export_design -format xo -output sobel.xo 
INFO: [HLS 200-1510] Running: export_design -format xo -output sobel.xo 
Execute       config_export -format=xo -output=sobel.xo 
INFO-FLOW: DBG:PUTS: export_design_wrap: -format xo -rtl verilog
Execute       source /home/ven_903/sobel-update2/scripts/sobel_hls/solution1/.autopilot/db/global.setting.tcl 
INFO-FLOW: DBG:PUTS:   auto_impl: pack: -export -rtl verilog
INFO-FLOW: DBG:PROC: ::AESL_AUTOIMPL::auto_impl args='-export -rtl verilog'
Execute       source /home/ven_903/sobel-update2/scripts/sobel_hls/solution1/.autopilot/db/global.setting.tcl 
INFO: [IMPL 213-8] Exporting RTL as a Vivado IP.
INFO-FLOW: DBG:PUTS: automg_wrap -export -pcore_version 1.00.a -rtl vlog -tool Vivado -impltomg_flag
INFO-FLOW: DBG:PROC: ::AESL_AUTOMG::auto_generate args='-export -pcore_version 1.00.a -rtl vlog -tool Vivado -impltomg_flag'
INFO-FLOW: DBG:PUTS:     auto_generate -export -pcore_version 1.00.a -rtl vlog -tool Vivado -impltomg_flag
Execute       source /home/ven_903/sobel-update2/scripts/sobel_hls/solution1/.autopilot/db/global.setting.tcl 
INFO-FLOW: DBG:PUTS: read_platform_lib /home/ven_903/sobel-update2/scripts/sobel_hls/solution1/.autopilot/db/global.setting.tcl
Execute       source /tools/Xilinx/Vitis_HLS/2023.2/common/technology/generic/autopilot/common.gen 
Execute         source /tools/Xilinx/Vitis_HLS/2023.2/common/technology/generic/autopilot/APCoreGen.gen 
Execute       source /tools/Xilinx/Vitis_HLS/2023.2/common/technology/generic/autopilot/op.gen 
Execute       source /tools/Xilinx/Vitis_HLS/2023.2/common/technology/generic/autopilot/op_simcore.gen 
Execute       source /tools/Xilinx/Vitis_HLS/2023.2/common/technology/generic/autopilot/interface.gen 
Execute       source /home/ven_903/sobel-update2/scripts/sobel_hls/solution1/.autopilot/db/global.setting.tcl 
Execute       source /tools/Xilinx/Vitis_HLS/2023.2/common/technology/xilinx/common/xilinx.gen 
Execute         source /tools/Xilinx/Vitis_HLS/2023.2/common/technology/xilinx/interface/plb46.gen 
Execute         source /tools/Xilinx/Vitis_HLS/2023.2/common/technology/xilinx/interface/axi4.gen 
Execute         source /tools/Xilinx/Vitis_HLS/2023.2/common/technology/xilinx/interface/nativeAXI4.gen 
Execute           source /tools/Xilinx/Vitis_HLS/2023.2/common/technology/xilinx/interface/saxilite.gen 
Execute         source /tools/Xilinx/Vitis_HLS/2023.2/common/technology/xilinx/scripts/xilinxcoregen.gen 
Execute         source /tools/Xilinx/Vitis_HLS/2023.2/common/technology/xilinx/interface/XilEDKCoreGen.gen 
Execute         source /tools/Xilinx/Vitis_HLS/2023.2/common/technology/xilinx/ip/xfft.gen 
Execute         source /tools/Xilinx/Vitis_HLS/2023.2/common/technology/xilinx/ip/util.gen 
Execute         source /tools/Xilinx/Vitis_HLS/2023.2/common/technology/xilinx/ip/dds_compiler.gen 
Execute         source /tools/Xilinx/Vitis_HLS/2023.2/common/technology/xilinx/ip/xfir.gen 
Execute         source /tools/Xilinx/Vitis_HLS/2023.2/common/technology/xilinx/DSP48/dsp48.gen 
INFO-FLOW: DBG:PUTS:       initCTypeInfo top_module=sobel_accel xml_exists=1
Execute       source /home/ven_903/sobel-update2/scripts/sobel_hls/solution1/.autopilot/db/sobel_accel.rtl_wrap.cfg.tcl 
Execute       source /home/ven_903/sobel-update2/scripts/sobel_hls/solution1/.autopilot/db/sobel_accel.rtl_wrap.cfg.tcl 
Execute       source /home/ven_903/sobel-update2/scripts/sobel_hls/solution1/.autopilot/db/sobel_accel.rtl_wrap.cfg.tcl 
Execute       source /home/ven_903/sobel-update2/scripts/sobel_hls/solution1/.autopilot/db/sobel_accel.tbgen.tcl 
Execute       source /home/ven_903/sobel-update2/scripts/sobel_hls/solution1/.autopilot/db/sobel_accel.tbgen.tcl 
Execute       source /home/ven_903/sobel-update2/scripts/sobel_hls/solution1/.autopilot/db/global.setting.tcl 
Execute       source /home/ven_903/sobel-update2/scripts/sobel_hls/solution1/.autopilot/db/sobel_accel.tbgen.tcl 
INFO-FLOW: DBG:PUTS:       cosim_export_main adding deadlock detection to sobel_accel
INFO-FLOW: DBG:PUTS:       kernel.xml check internal_kernel_xml(1)=/home/ven_903/sobel-update2/scripts/sobel_hls/solution1/.autopilot/db/kernel.internal.xml top=sobel_accel
INFO-FLOW: DBG:PUTS:       kernel.xml check proj_kernel_xml    (1)=/home/ven_903/sobel-update2/scripts/sobel_hls/solution1/.autopilot/db/../../../kernel.xml
INFO-FLOW: DBG:PUTS:       copy internal kernel.xml to project: /home/ven_903/sobel-update2/scripts/sobel_hls/solution1/.autopilot/db/../../../kernel.xml
INFO-FLOW: DBG:PUTS:       update_final_kernel_xml /home/ven_903/sobel-update2/scripts/sobel_hls/solution1/.autopilot/db/../../../kernel.xml
INFO-FLOW: DBG:PUTS: Updating /home/ven_903/sobel-update2/scripts/sobel_hls/solution1/.autopilot/db/../../../kernel.xml with values: interrupt true debug false compileOptions {} name sobel_accel vlnv xilinx.com:hls:sobel_accel:1.0 swReset false mailbox none countedAutoRestart 0 deadlockDetection local
INFO-FLOW: DBG:PUTS: Skipping loadAnalyze_DB, #g_database=3
INFO-FLOW: DBG:PUTS:       generate_json generate_bd_files=0 generate_xo_files=true #modelList=14 #gSsdmPorts=0
INFO-FLOW: DBG:PROC: ::AP::DESIGN_DATA::generate_json generate_bd_files='0' generate_xo_files='true' modelList='sobel_accel_flow_control_loop_pipe
sobel_accel_sobel_filter_linebuf_RAM_AUTO_1R1W
sobel_accel_flow_control_loop_pipe
sobel_accel_flow_control_loop_pipe
sobel_accel_in_img_RAM_AUTO_1R1W_memcore
sobel_accel_in_img_RAM_AUTO_1R1W
sobel_accel_fifo_w64_d4_S
sobel_accel_gmem_m_axi
sobel_accel_control_s_axi
entry_proc
Loop_LoadLoop_proc
sobel_filter
Loop_StoreLoop_proc
sobel_accel
' rtl_lang='vlog' bootstrap_tcl='false' outdir='' outfilename=''
Execute       source /home/ven_903/sobel-update2/scripts/sobel_hls/solution1/.autopilot/db/global.setting.tcl 
Execute       source /home/ven_903/sobel-update2/scripts/sobel_hls/solution1/.autopilot/db/global.setting.tcl 
Execute       source /home/ven_903/sobel-update2/scripts/sobel_hls/solution1/.autopilot/db/top-io-be.tcl 
Execute       source /home/ven_903/sobel-update2/scripts/sobel_hls/solution1/.autopilot/db/sobel_accel.tbgen.tcl 
Execute       source /home/ven_903/sobel-update2/scripts/sobel_hls/solution1/.autopilot/db/sobel_accel.compgen.dataonly.tcl 
Execute       source /home/ven_903/sobel-update2/scripts/sobel_hls/solution1/.autopilot/db/sobel_accel.compgen.dataonly.tcl 
Execute       source /home/ven_903/sobel-update2/scripts/sobel_hls/solution1/.autopilot/db/sobel_accel.rtl_wrap.cfg.tcl 
Execute       source /home/ven_903/sobel-update2/scripts/sobel_hls/solution1/.autopilot/db/sobel_accel.compgen.dataonly.tcl 
Execute       source /home/ven_903/sobel-update2/scripts/sobel_hls/solution1/.autopilot/db/entry_proc.tbgen.tcl 
Execute       source /home/ven_903/sobel-update2/scripts/sobel_hls/solution1/.autopilot/db/Loop_LoadLoop_proc.tbgen.tcl 
Execute       source /home/ven_903/sobel-update2/scripts/sobel_hls/solution1/.autopilot/db/sobel_filter.tbgen.tcl 
Execute       source /home/ven_903/sobel-update2/scripts/sobel_hls/solution1/.autopilot/db/Loop_StoreLoop_proc.tbgen.tcl 
Execute       source /home/ven_903/sobel-update2/scripts/sobel_hls/solution1/.autopilot/db/sobel_accel.tbgen.tcl 
Execute       source /home/ven_903/sobel-update2/scripts/sobel_hls/solution1/.autopilot/db/global.setting.tcl 
Execute       ap_part_info -name xcu280-fsvh2892-2L-e -data names -quiet 
Execute       ap_part_info -name xcu280-fsvh2892-2L-e -data info -quiet 
Execute       source /home/ven_903/sobel-update2/scripts/sobel_hls/solution1/.autopilot/db/sobel_accel.constraint.tcl 
Execute       sc_get_clocks sobel_accel 
Execute       source /home/ven_903/sobel-update2/scripts/sobel_hls/solution1/.autopilot/db/global.setting.tcl 
Execute       source /home/ven_903/sobel-update2/scripts/sobel_hls/solution1/.autopilot/db/global.setting.tcl 
Execute       source /home/ven_903/sobel-update2/scripts/sobel_hls/solution1/.autopilot/db/sobel_accel.tbgen.tcl 
INFO-FLOW: DBG:PUTS:       cosim_export_main adding deadlock detection to sobel_accel
INFO-FLOW: DBG:PUTS:       copy ip_driver_dir 1_0 /home/ven_903/sobel-update2/scripts/sobel_hls/solution1/.autopilot/db/driver
INFO-FLOW: DBG:PUTS:       generate_ip_script #gSsdmPorts=0 g_lang=vlog is_sdaccel=true is_sdsoc=true xo_file=/home/ven_903/sobel-update2/scripts/sobel.xo
Execute       ap_part_info -name xcu280-fsvh2892-2L-e -data names -quiet 
Execute       ap_part_info -name xcu280-fsvh2892-2L-e -data info -quiet 
Execute       ap_part_info -name xcu280-fsvh2892-2L-e -data names -quiet 
Execute       ap_part_info -name xcu280-fsvh2892-2L-e -data info -quiet 
Execute       source /home/ven_903/sobel-update2/scripts/sobel_hls/solution1/.autopilot/db/global.setting.tcl 
Execute       source /home/ven_903/sobel-update2/scripts/sobel_hls/solution1/.autopilot/db/sobel_accel.tbgen.tcl 
Execute       source /home/ven_903/sobel-update2/scripts/sobel_hls/solution1/.autopilot/db/sobel_accel.compgen.dataonly.tcl 
Execute       source /home/ven_903/sobel-update2/scripts/sobel_hls/solution1/.autopilot/db/sobel_accel.compgen.dataonly.tcl 
Execute       source /home/ven_903/sobel-update2/scripts/sobel_hls/solution1/.autopilot/db/global.setting.tcl 
INFO-FLOW: DBG:PUTS:       generate_top_info
INFO-FLOW: DBG:PUTS:       prepArgInfo -> loadAnalyze_DB top_module=sobel_accel
Execute       source /home/ven_903/sobel-update2/scripts/sobel_hls/solution1/.autopilot/db/sobel_accel.rtl_wrap.cfg.tcl 
Execute       source /home/ven_903/sobel-update2/scripts/sobel_hls/solution1/.autopilot/db/sobel_accel.rtl_wrap.cfg.tcl 
Execute       source /home/ven_903/sobel-update2/scripts/sobel_hls/solution1/.autopilot/db/sobel_accel.rtl_wrap.cfg.tcl 
Execute       source /home/ven_903/sobel-update2/scripts/sobel_hls/solution1/.autopilot/db/sobel_accel.tbgen.tcl 
Execute       source /home/ven_903/sobel-update2/scripts/sobel_hls/solution1/.autopilot/db/sobel_accel.tbgen.tcl 
Execute       ap_part_info -name xcu280-fsvh2892-2L-e -data names -quiet 
Execute       ap_part_info -name xcu280-fsvh2892-2L-e -data info -quiet 
Execute       source /home/ven_903/sobel-update2/scripts/sobel_hls/solution1/.autopilot/db/global.setting.tcl 
Execute       ap_part_info -name xcu280-fsvh2892-2L-e -data names -quiet 
Execute       ap_part_info -name xcu280-fsvh2892-2L-e -data info -quiet 
Execute       ap_part_info -name xcu280-fsvh2892-2L-e -data names -quiet 
Execute       ap_part_info -name xcu280-fsvh2892-2L-e -data info -quiet 
Execute       source /home/ven_903/sobel-update2/scripts/sobel_hls/solution1/.autopilot/db/sobel_accel.tbgen.tcl 
Execute       source /home/ven_903/sobel-update2/scripts/sobel_hls/solution1/.autopilot/db/global.setting.tcl 
Execute       source /home/ven_903/sobel-update2/scripts/sobel_hls/solution1/.autopilot/db/sobel_accel.constraint.tcl 
INFO-FLOW: DBG:PUTS:       generate_syn_sh
Execute       ap_part_info -name xcu280-fsvh2892-2L-e -data names -quiet 
Execute       ap_part_info -name xcu280-fsvh2892-2L-e -data info -quiet 
Execute       source /home/ven_903/sobel-update2/scripts/sobel_hls/solution1/.autopilot/db/global.setting.tcl 
INFO-FLOW: DBG:PUTS:       generate_imp_constraints
Execute       ap_part_info -name xcu280-fsvh2892-2L-e -data names -quiet 
Execute       ap_part_info -name xcu280-fsvh2892-2L-e -data info -quiet 
Execute       source /home/ven_903/sobel-update2/scripts/sobel_hls/solution1/.autopilot/db/sobel_accel.constraint.tcl 
Execute       source /home/ven_903/sobel-update2/scripts/sobel_hls/solution1/.autopilot/db/sobel_accel.tbgen.tcl 
INFO-FLOW: DBG:PUTS:       delete-temp-dirs (skipped for debug)
Execute       ap_part_info -name xcu280-fsvh2892-2L-e -data names -quiet 
Execute       ap_part_info -name xcu280-fsvh2892-2L-e -data info -quiet 
INFO-FLOW: DBG:PUTS: read_platform_lib /home/ven_903/sobel-update2/scripts/sobel_hls/solution1/.autopilot/db/global.setting.tcl
Execute       source /tools/Xilinx/Vitis_HLS/2023.2/common/technology/generic/autopilot/common.gen 
Execute         source /tools/Xilinx/Vitis_HLS/2023.2/common/technology/generic/autopilot/APCoreGen.gen 
Execute       source /tools/Xilinx/Vitis_HLS/2023.2/common/technology/generic/autopilot/op.gen 
Execute       source /tools/Xilinx/Vitis_HLS/2023.2/common/technology/generic/autopilot/op_simcore.gen 
Execute       source /tools/Xilinx/Vitis_HLS/2023.2/common/technology/generic/autopilot/interface.gen 
Execute       source /home/ven_903/sobel-update2/scripts/sobel_hls/solution1/.autopilot/db/global.setting.tcl 
Execute       source /tools/Xilinx/Vitis_HLS/2023.2/common/technology/xilinx/common/xilinx.gen 
Execute         source /tools/Xilinx/Vitis_HLS/2023.2/common/technology/xilinx/interface/plb46.gen 
Execute         source /tools/Xilinx/Vitis_HLS/2023.2/common/technology/xilinx/interface/axi4.gen 
Execute         source /tools/Xilinx/Vitis_HLS/2023.2/common/technology/xilinx/interface/nativeAXI4.gen 
Execute           source /tools/Xilinx/Vitis_HLS/2023.2/common/technology/xilinx/interface/saxilite.gen 
Execute         source /tools/Xilinx/Vitis_HLS/2023.2/common/technology/xilinx/scripts/xilinxcoregen.gen 
Execute         source /tools/Xilinx/Vitis_HLS/2023.2/common/technology/xilinx/interface/XilEDKCoreGen.gen 
Execute         source /tools/Xilinx/Vitis_HLS/2023.2/common/technology/xilinx/ip/xfft.gen 
Execute         source /tools/Xilinx/Vitis_HLS/2023.2/common/technology/xilinx/ip/util.gen 
Execute         source /tools/Xilinx/Vitis_HLS/2023.2/common/technology/xilinx/ip/dds_compiler.gen 
Execute         source /tools/Xilinx/Vitis_HLS/2023.2/common/technology/xilinx/ip/xfir.gen 
Execute         source /tools/Xilinx/Vitis_HLS/2023.2/common/technology/xilinx/DSP48/dsp48.gen 
INFO-FLOW: DBG:PUTS:     IP package: exec /home/ven_903/sobel-update2/scripts/sobel_hls/solution1/impl/ip/pack.sh
INFO-FLOW: DBG:PUTS:     IP package: success /home/ven_903/sobel-update2/scripts/sobel_hls/solution1/impl/ip/pack.sh
Execute       send_msg_by_id INFO @200-802@%s sobel.xo 
INFO: [HLS 200-802] Generated output file sobel.xo
Command     export_design done; 114.1 sec.
INFO: [HLS 200-111] Finished Command export_design CPU user time: 16.86 seconds. CPU system time: 3.7 seconds. Elapsed time: 114.1 seconds; current allocated memory: 6.133 MB.
Execute     cleanup_all 
