

================================================================
== Vitis HLS Report for 'sobel_filter'
================================================================
* Date:           Fri Nov 21 01:08:01 2025

* Version:        2023.2 (Build 4023990 on Oct 11 2023)
* Project:        sobel_hls
* Solution:       solution1 (Vivado IP Flow Target)
* Product family: virtexuplusHBM
* Target device:  xcu280-fsvh2892-2L-e


================================================================
== Performance Estimates
================================================================
+ Timing: 
    * Summary: 
    +--------+---------+----------+------------+
    |  Clock |  Target | Estimated| Uncertainty|
    +--------+---------+----------+------------+
    |ap_clk  |  3.33 ns|  2.639 ns|     0.90 ns|
    +--------+---------+----------+------------+

+ Latency: 
    * Summary: 
    +---------+---------+----------+----------+--------+--------+---------+
    |  Latency (cycles) |  Latency (absolute) |     Interval    | Pipeline|
    |   min   |   max   |    min   |    max   |   min  |   max  |   Type  |
    +---------+---------+----------+----------+--------+--------+---------+
    |   262150|   262150|  0.873 ms|  0.873 ms|  262150|  262150|       no|
    +---------+---------+----------+----------+--------+--------+---------+

    + Detail: 
        * Instance: 
        N/A

        * Loop: 
        +-------------------+---------+---------+----------+-----------+-----------+--------+----------+
        |                   |  Latency (cycles) | Iteration|  Initiation Interval  |  Trip  |          |
        |     Loop Name     |   min   |   max   |  Latency |  achieved |   target  |  Count | Pipelined|
        +-------------------+---------+---------+----------+-----------+-----------+--------+----------+
        |- RowLoop_ColLoop  |   262148|   262148|         6|          1|          1|  262144|       yes|
        +-------------------+---------+---------+----------+-----------+-----------+--------+----------+



================================================================
== Utilization Estimates
================================================================
* Summary: 
+---------------------+---------+------+---------+---------+-----+
|         Name        | BRAM_18K|  DSP |    FF   |   LUT   | URAM|
+---------------------+---------+------+---------+---------+-----+
|DSP                  |        -|     -|        -|        -|    -|
|Expression           |        -|     -|        0|      488|    -|
|FIFO                 |        -|     -|        -|        -|    -|
|Instance             |        -|     -|        -|        -|    -|
|Memory               |        2|     -|        0|        0|    0|
|Multiplexer          |        -|     -|        -|       90|    -|
|Register             |        -|     -|      476|       96|    -|
+---------------------+---------+------+---------+---------+-----+
|Total                |        2|     0|      476|      674|    0|
+---------------------+---------+------+---------+---------+-----+
|Available SLR        |     1344|  3008|   869120|   434560|  320|
+---------------------+---------+------+---------+---------+-----+
|Utilization SLR (%)  |       ~0|     0|       ~0|       ~0|    0|
+---------------------+---------+------+---------+---------+-----+
|Available            |     4032|  9024|  2607360|  1303680|  960|
+---------------------+---------+------+---------+---------+-----+
|Utilization (%)      |       ~0|     0|       ~0|       ~0|    0|
+---------------------+---------+------+---------+---------+-----+

+ Detail: 
    * Instance: 
    N/A

    * DSP: 
    N/A

    * Memory: 
    +-------------+------------------------------------+---------+---+----+-----+------+-----+------+-------------+
    |    Memory   |               Module               | BRAM_18K| FF| LUT| URAM| Words| Bits| Banks| W*Bits*Banks|
    +-------------+------------------------------------+---------+---+----+-----+------+-----+------+-------------+
    |linebuf_U    |sobel_filter_linebuf_RAM_AUTO_1R1W  |        1|  0|   0|    0|   512|    8|     1|         4096|
    |linebuf_1_U  |sobel_filter_linebuf_RAM_AUTO_1R1W  |        1|  0|   0|    0|   512|    8|     1|         4096|
    +-------------+------------------------------------+---------+---+----+-----+------+-----+------+-------------+
    |Total        |                                    |        2|  0|   0|    0|  1024|   16|     2|         8192|
    +-------------+------------------------------------+---------+---+----+-----+------+-----+------+-------------+

    * FIFO: 
    N/A

    * Expression: 
    +---------------------------+----------+----+---+----+------------+------------+
    |       Variable Name       | Operation| DSP| FF| LUT| Bitwidth P0| Bitwidth P1|
    +---------------------------+----------+----+---+----+------------+------------+
    |add_ln32_1_fu_211_p2       |         +|   0|  0|  26|          19|           1|
    |add_ln32_fu_223_p2         |         +|   0|  0|  17|          10|           1|
    |add_ln34_fu_323_p2         |         +|   0|  0|  17|          10|           1|
    |add_ln49_fu_295_p2         |         +|   0|  0|  25|          18|          18|
    |add_ln74_1_fu_450_p2       |         +|   0|  0|  17|          10|          10|
    |add_ln74_fu_515_p2         |         +|   0|  0|  17|          11|          11|
    |add_ln75_fu_474_p2         |         +|   0|  0|  18|          11|          11|
    |gx_fu_523_p2               |         +|   0|  0|  17|          11|          11|
    |gy_fu_538_p2               |         +|   0|  0|  17|          11|          11|
    |mag_fu_600_p2              |         +|   0|  0|  19|          12|          12|
    |gy_3_fu_533_p2             |         -|   0|  0|  17|          11|          11|
    |sub_ln74_1_fu_415_p2       |         -|   0|  0|  17|           1|          10|
    |sub_ln74_2_fu_436_p2       |         -|   0|  0|  18|          11|          11|
    |sub_ln74_fu_397_p2         |         -|   0|  0|  16|           9|           9|
    |sub_ln79_fu_556_p2         |         -|   0|  0|  17|           1|          10|
    |sub_ln80_fu_582_p2         |         -|   0|  0|  18|           1|          11|
    |tmp_fu_456_p2              |         -|   0|  0|  16|           9|           9|
    |ap_condition_186           |       and|   0|  0|   2|           1|           1|
    |cmp5_fu_263_p2             |      icmp|   0|  0|  17|          10|           1|
    |icmp28_fu_279_p2           |      icmp|   0|  0|  16|           9|           1|
    |icmp_ln32_fu_205_p2        |      icmp|   0|  0|  27|          19|          20|
    |icmp_ln34_fu_229_p2        |      icmp|   0|  0|  18|          10|          11|
    |icmp_ln62_fu_311_p2        |      icmp|   0|  0|  16|           9|           1|
    |icmp_ln83_fu_620_p2        |      icmp|   0|  0|  12|           4|           1|
    |ap_block_pp0_stage0_11001  |        or|   0|  0|   2|           1|           1|
    |or_ln62_fu_317_p2          |        or|   0|  0|   2|           1|           1|
    |abs_gx_fu_562_p3           |    select|   0|  0|  10|           1|          10|
    |abs_gy_fu_588_p3           |    select|   0|  0|  11|           1|          11|
    |pix_2_fu_349_p3            |    select|   0|  0|   8|           1|           1|
    |pix_fu_365_p3              |    select|   0|  0|   8|           1|           1|
    |select_ln32_1_fu_243_p3    |    select|   0|  0|  10|           1|          10|
    |select_ln32_fu_235_p3      |    select|   0|  0|  10|           1|           1|
    |select_ln85_fu_625_p3      |    select|   0|  0|   8|           1|           2|
    |ap_enable_pp0              |       xor|   0|  0|   2|           1|           2|
    +---------------------------+----------+----+---+----+------------+------------+
    |Total                      |          |   0|  0| 488|         238|         234|
    +---------------------------+----------+----+---+----+------------+------------+

    * Multiplexer: 
    +-----------------------------------------+----+-----------+-----+-----------+
    |                   Name                  | LUT| Input Size| Bits| Total Bits|
    +-----------------------------------------+----+-----------+-----+-----------+
    |ap_done_int                              |   9|          2|    1|          2|
    |ap_enable_reg_pp0_iter3                  |   9|          2|    1|          2|
    |ap_phi_reg_pp0_iter1_storemerge_reg_175  |   9|          2|    8|         16|
    |ap_phi_reg_pp0_iter5_storemerge_reg_175  |   9|          2|    8|         16|
    |ap_sig_allocacmp_c_load                  |   9|          2|   10|         20|
    |ap_sig_allocacmp_indvar_flatten_load     |   9|          2|   19|         38|
    |ap_sig_allocacmp_r_load                  |   9|          2|   10|         20|
    |c_fu_84                                  |   9|          2|   10|         20|
    |indvar_flatten_fu_92                     |   9|          2|   19|         38|
    |r_fu_88                                  |   9|          2|   10|         20|
    +-----------------------------------------+----+-----------+-----+-----------+
    |Total                                    |  90|         20|   96|        192|
    +-----------------------------------------+----+-----------+-----+-----------+

    * Register: 
    +-----------------------------------------+----+----+-----+-----------+
    |                   Name                  | FF | LUT| Bits| Const Bits|
    +-----------------------------------------+----+----+-----+-----------+
    |add_ln49_reg_703                         |  18|   0|   18|          0|
    |add_ln74_1_reg_756                       |  10|   0|   10|          0|
    |add_ln75_reg_761                         |  11|   0|   11|          0|
    |ap_CS_fsm                                |   1|   0|    1|          0|
    |ap_done_reg                              |   1|   0|    1|          0|
    |ap_enable_reg_pp0_iter1                  |   1|   0|    1|          0|
    |ap_enable_reg_pp0_iter2                  |   1|   0|    1|          0|
    |ap_enable_reg_pp0_iter3                  |   1|   0|    1|          0|
    |ap_enable_reg_pp0_iter4                  |   1|   0|    1|          0|
    |ap_enable_reg_pp0_iter5                  |   1|   0|    1|          0|
    |ap_loop_exit_ready_pp0_iter1_reg         |   1|   0|    1|          0|
    |ap_loop_exit_ready_pp0_iter2_reg         |   1|   0|    1|          0|
    |ap_loop_exit_ready_pp0_iter3_reg         |   1|   0|    1|          0|
    |ap_loop_exit_ready_pp0_iter4_reg         |   1|   0|    1|          0|
    |ap_phi_reg_pp0_iter1_storemerge_reg_175  |   8|   0|    8|          0|
    |ap_phi_reg_pp0_iter2_storemerge_reg_175  |   8|   0|    8|          0|
    |ap_phi_reg_pp0_iter3_storemerge_reg_175  |   8|   0|    8|          0|
    |ap_phi_reg_pp0_iter4_storemerge_reg_175  |   8|   0|    8|          0|
    |ap_phi_reg_pp0_iter5_storemerge_reg_175  |   8|   0|    8|          0|
    |c_fu_84                                  |  10|   0|   10|          0|
    |cmp5_reg_693                             |   1|   0|    1|          0|
    |cmp5_reg_693_pp0_iter1_reg               |   1|   0|    1|          0|
    |gy_1_fu_72                               |   8|   0|    8|          0|
    |icmp28_reg_698                           |   1|   0|    1|          0|
    |icmp_ln32_reg_689                        |   1|   0|    1|          0|
    |indvar_flatten_fu_92                     |  19|   0|   19|          0|
    |linebuf_1_addr_reg_714                   |   9|   0|    9|          0|
    |linebuf_1_addr_reg_714_pp0_iter1_reg     |   9|   0|    9|          0|
    |linebuf_addr_reg_708                     |   9|   0|    9|          0|
    |linebuf_addr_reg_708_pp0_iter1_reg       |   9|   0|    9|          0|
    |or_ln62_reg_720                          |   1|   0|    1|          0|
    |out_img_addr_reg_729                     |  18|   0|   18|          0|
    |p_0_0_04328_fu_100                       |   8|   0|    8|          0|
    |p_0_0_04426_fu_96                        |   8|   0|    8|          0|
    |p_0_0_05130_fu_104                       |   8|   0|    8|          0|
    |pix_1_fu_76                              |   8|   0|    8|          0|
    |pix_2_reg_734                            |   8|   0|    8|          0|
    |pix_3_fu_80                              |   8|   0|    8|          0|
    |pix_4_reg_741                            |   8|   0|    8|          0|
    |r_fu_88                                  |  10|   0|   10|          0|
    |sub_ln74_2_reg_751                       |  11|   0|   11|          0|
    |sub_ln74_reg_746                         |   9|   0|    9|          0|
    |tmp_7_reg_766                            |   4|   0|    4|          0|
    |trunc_ln85_reg_771                       |   8|   0|    8|          0|
    |icmp_ln32_reg_689                        |  64|  32|    1|          0|
    |or_ln62_reg_720                          |  64|  32|    1|          0|
    |out_img_addr_reg_729                     |  64|  32|   18|          0|
    +-----------------------------------------+----+----+-----+-----------+
    |Total                                    | 476|  96|  304|          0|
    +-----------------------------------------+----+----+-----+-----------+



================================================================
== Interface
================================================================
* Summary: 
+------------------+-----+-----+------------+--------------+--------------+
|     RTL Ports    | Dir | Bits|  Protocol  | Source Object|    C Type    |
+------------------+-----+-----+------------+--------------+--------------+
|ap_clk            |   in|    1|  ap_ctrl_hs|  sobel_filter|  return value|
|ap_rst            |   in|    1|  ap_ctrl_hs|  sobel_filter|  return value|
|ap_start          |   in|    1|  ap_ctrl_hs|  sobel_filter|  return value|
|ap_done           |  out|    1|  ap_ctrl_hs|  sobel_filter|  return value|
|ap_continue       |   in|    1|  ap_ctrl_hs|  sobel_filter|  return value|
|ap_idle           |  out|    1|  ap_ctrl_hs|  sobel_filter|  return value|
|ap_ready          |  out|    1|  ap_ctrl_hs|  sobel_filter|  return value|
|in_img_address0   |  out|   18|   ap_memory|        in_img|         array|
|in_img_ce0        |  out|    1|   ap_memory|        in_img|         array|
|in_img_q0         |   in|    8|   ap_memory|        in_img|         array|
|out_img_address0  |  out|   18|   ap_memory|       out_img|         array|
|out_img_ce0       |  out|    1|   ap_memory|       out_img|         array|
|out_img_we0       |  out|    1|   ap_memory|       out_img|         array|
|out_img_d0        |  out|    8|   ap_memory|       out_img|         array|
+------------------+-----+-----+------------+--------------+--------------+

============================================================
+ Verbose Summary: Synthesis Manager
============================================================
InlineROM: 1
ExposeGlobal: 0
============================================================
+ Verbose Summary: CDFG Model
============================================================
IsTopModel: 0
ResetActiveHigh: 1
IsCombinational: 2
IsDatapathOnly: 0
HasWiredReturn: 1
HasMFsm: 2
HasVarLatency: 1
IsPipeline: 0
IsRtlPipelined: 0
IsInstanceOverlapped: 0
IsDontTouch: 0
HasImplIP: 0
IsGatedGlobalClock: 0

+ Individual pipeline summary: 
  * Pipeline-0: initiation interval (II) = 1, depth = 6


============================================================
+ Verbose Summary: Schedule
============================================================
* Number of FSM states : 6
* Pipeline : 1
  Pipeline-0 : II = 1, D = 6, States = { 1 2 3 4 5 6 }
* Dataflow Pipeline: 0

* FSM state transitions: 
1 --> 2 
2 --> 3 
3 --> 4 
4 --> 5 
5 --> 6 
6 --> 

* FSM state operations: 

State 1 <SV = 0> <Delay = 2.63>
ST_1 : Operation 9 [1/1] (0.00ns)   --->   "%gy_1 = alloca i32 1" [../src/sobel.cpp:68]   --->   Operation 9 'alloca' 'gy_1' <Predicate = true> <Delay = 0.00>
ST_1 : Operation 10 [1/1] (0.00ns)   --->   "%pix_1 = alloca i32 1" [../src/sobel.cpp:73]   --->   Operation 10 'alloca' 'pix_1' <Predicate = true> <Delay = 0.00>
ST_1 : Operation 11 [1/1] (0.00ns)   --->   "%pix_3 = alloca i32 1" [../src/sobel.cpp:73]   --->   Operation 11 'alloca' 'pix_3' <Predicate = true> <Delay = 0.00>
ST_1 : Operation 12 [1/1] (0.00ns)   --->   "%c = alloca i32 1" [../src/sobel.cpp:34]   --->   Operation 12 'alloca' 'c' <Predicate = true> <Delay = 0.00>
ST_1 : Operation 13 [1/1] (0.00ns)   --->   "%r = alloca i32 1" [../src/sobel.cpp:32]   --->   Operation 13 'alloca' 'r' <Predicate = true> <Delay = 0.00>
ST_1 : Operation 14 [1/1] (0.00ns)   --->   "%indvar_flatten = alloca i32 1"   --->   Operation 14 'alloca' 'indvar_flatten' <Predicate = true> <Delay = 0.00>
ST_1 : Operation 15 [1/1] (0.00ns)   --->   "%p_0_0_04426 = alloca i32 1"   --->   Operation 15 'alloca' 'p_0_0_04426' <Predicate = true> <Delay = 0.00>
ST_1 : Operation 16 [1/1] (0.00ns)   --->   "%p_0_0_04328 = alloca i32 1"   --->   Operation 16 'alloca' 'p_0_0_04328' <Predicate = true> <Delay = 0.00>
ST_1 : Operation 17 [1/1] (0.00ns)   --->   "%p_0_0_05130 = alloca i32 1"   --->   Operation 17 'alloca' 'p_0_0_05130' <Predicate = true> <Delay = 0.00>
ST_1 : Operation 18 [1/1] (1.17ns)   --->   "%linebuf = alloca i64 1" [../src/sobel.cpp:25]   --->   Operation 18 'alloca' 'linebuf' <Predicate = true> <Delay = 1.17> <CoreInst = "RAM">   --->   Core 83 'RAM' <Latency = 1> <II = 1> <Delay = 1.17> <Storage> <Opcode : 'load' 'store'> <Ports = 2> <Width = 8> <Depth = 512> <RAM>
ST_1 : Operation 19 [1/1] (1.17ns)   --->   "%linebuf_1 = alloca i64 1" [../src/sobel.cpp:25]   --->   Operation 19 'alloca' 'linebuf_1' <Predicate = true> <Delay = 1.17> <CoreInst = "RAM">   --->   Core 83 'RAM' <Latency = 1> <II = 1> <Delay = 1.17> <Storage> <Opcode : 'load' 'store'> <Ports = 2> <Width = 8> <Depth = 512> <RAM>
ST_1 : Operation 20 [1/1] (0.38ns)   --->   "%store_ln0 = store i19 0, i19 %indvar_flatten"   --->   Operation 20 'store' 'store_ln0' <Predicate = true> <Delay = 0.38>
ST_1 : Operation 21 [1/1] (0.38ns)   --->   "%store_ln32 = store i10 0, i10 %r" [../src/sobel.cpp:32]   --->   Operation 21 'store' 'store_ln32' <Predicate = true> <Delay = 0.38>
ST_1 : Operation 22 [1/1] (0.38ns)   --->   "%store_ln34 = store i10 0, i10 %c" [../src/sobel.cpp:34]   --->   Operation 22 'store' 'store_ln34' <Predicate = true> <Delay = 0.38>
ST_1 : Operation 23 [1/1] (0.00ns)   --->   "%br_ln32 = br void %for.body4" [../src/sobel.cpp:32]   --->   Operation 23 'br' 'br_ln32' <Predicate = true> <Delay = 0.00>
ST_1 : Operation 24 [1/1] (0.00ns)   --->   "%indvar_flatten_load = load i19 %indvar_flatten" [../src/sobel.cpp:32]   --->   Operation 24 'load' 'indvar_flatten_load' <Predicate = true> <Delay = 0.00>
ST_1 : Operation 25 [1/1] (0.80ns)   --->   "%icmp_ln32 = icmp_eq  i19 %indvar_flatten_load, i19 262144" [../src/sobel.cpp:32]   --->   Operation 25 'icmp' 'icmp_ln32' <Predicate = true> <Delay = 0.80> <CoreInst = "Cmp">   --->   Core 9 'Cmp' <Latency = 0> <II = 1> <Delay = 0.80> <FuncUnit> <Opcode : 'icmp'> <InPorts = 2> <OutPorts = 1>
ST_1 : Operation 26 [1/1] (0.80ns)   --->   "%add_ln32_1 = add i19 %indvar_flatten_load, i19 1" [../src/sobel.cpp:32]   --->   Operation 26 'add' 'add_ln32_1' <Predicate = true> <Delay = 0.80> <CoreInst = "Adder">   --->   Core 1 'Adder' <Latency = 0> <II = 1> <Delay = 0.80> <FuncUnit> <Opcode : 'add' 'sub'> <InPorts = 2> <OutPorts = 1>
ST_1 : Operation 27 [1/1] (0.00ns)   --->   "%br_ln32 = br i1 %icmp_ln32, void %for.inc126, void %for.end128" [../src/sobel.cpp:32]   --->   Operation 27 'br' 'br_ln32' <Predicate = true> <Delay = 0.00>
ST_1 : Operation 28 [1/1] (0.00ns)   --->   "%c_load = load i10 %c" [../src/sobel.cpp:34]   --->   Operation 28 'load' 'c_load' <Predicate = (!icmp_ln32)> <Delay = 0.00>
ST_1 : Operation 29 [1/1] (0.00ns)   --->   "%r_load = load i10 %r" [../src/sobel.cpp:32]   --->   Operation 29 'load' 'r_load' <Predicate = (!icmp_ln32)> <Delay = 0.00>
ST_1 : Operation 30 [1/1] (0.72ns)   --->   "%add_ln32 = add i10 %r_load, i10 1" [../src/sobel.cpp:32]   --->   Operation 30 'add' 'add_ln32' <Predicate = (!icmp_ln32)> <Delay = 0.72> <CoreInst = "Adder">   --->   Core 1 'Adder' <Latency = 0> <II = 1> <Delay = 0.72> <FuncUnit> <Opcode : 'add' 'sub'> <InPorts = 2> <OutPorts = 1>
ST_1 : Operation 31 [1/1] (0.72ns)   --->   "%icmp_ln34 = icmp_eq  i10 %c_load, i10 512" [../src/sobel.cpp:34]   --->   Operation 31 'icmp' 'icmp_ln34' <Predicate = (!icmp_ln32)> <Delay = 0.72> <CoreInst = "Cmp">   --->   Core 9 'Cmp' <Latency = 0> <II = 1> <Delay = 0.73> <FuncUnit> <Opcode : 'icmp'> <InPorts = 2> <OutPorts = 1>
ST_1 : Operation 32 [1/1] (0.30ns)   --->   "%select_ln32 = select i1 %icmp_ln34, i10 0, i10 %c_load" [../src/sobel.cpp:32]   --->   Operation 32 'select' 'select_ln32' <Predicate = (!icmp_ln32)> <Delay = 0.30> <CoreInst = "Sel">   --->   Core 73 'Sel' <Latency = 0> <II = 1> <Delay = 0.30> <FuncUnit> <Opcode : 'select'> <InPorts = 3> <OutPorts = 1>
ST_1 : Operation 33 [1/1] (0.30ns)   --->   "%select_ln32_1 = select i1 %icmp_ln34, i10 %add_ln32, i10 %r_load" [../src/sobel.cpp:32]   --->   Operation 33 'select' 'select_ln32_1' <Predicate = (!icmp_ln32)> <Delay = 0.30> <CoreInst = "Sel">   --->   Core 73 'Sel' <Latency = 0> <II = 1> <Delay = 0.30> <FuncUnit> <Opcode : 'select'> <InPorts = 3> <OutPorts = 1>
ST_1 : Operation 34 [1/1] (0.00ns)   --->   "%trunc_ln49 = trunc i10 %select_ln32_1" [../src/sobel.cpp:49]   --->   Operation 34 'trunc' 'trunc_ln49' <Predicate = (!icmp_ln32)> <Delay = 0.00>
ST_1 : Operation 35 [1/1] (0.00ns)   --->   "%tmp_1 = bitconcatenate i18 @_ssdm_op_BitConcatenate.i18.i9.i9, i9 %trunc_ln49, i9 0" [../src/sobel.cpp:49]   --->   Operation 35 'bitconcatenate' 'tmp_1' <Predicate = (!icmp_ln32)> <Delay = 0.00>
ST_1 : Operation 36 [1/1] (0.72ns)   --->   "%cmp5 = icmp_eq  i10 %select_ln32_1, i10 0" [../src/sobel.cpp:32]   --->   Operation 36 'icmp' 'cmp5' <Predicate = (!icmp_ln32)> <Delay = 0.72> <CoreInst = "Cmp">   --->   Core 9 'Cmp' <Latency = 0> <II = 1> <Delay = 0.72> <FuncUnit> <Opcode : 'icmp'> <InPorts = 2> <OutPorts = 1>
ST_1 : Operation 37 [1/1] (0.00ns)   --->   "%tmp_3 = partselect i9 @_ssdm_op_PartSelect.i9.i10.i32.i32, i10 %select_ln32_1, i32 1, i32 9" [../src/sobel.cpp:32]   --->   Operation 37 'partselect' 'tmp_3' <Predicate = (!icmp_ln32)> <Delay = 0.00>
ST_1 : Operation 38 [1/1] (0.71ns)   --->   "%icmp28 = icmp_eq  i9 %tmp_3, i9 0" [../src/sobel.cpp:32]   --->   Operation 38 'icmp' 'icmp28' <Predicate = (!icmp_ln32)> <Delay = 0.71> <CoreInst = "Cmp">   --->   Core 9 'Cmp' <Latency = 0> <II = 1> <Delay = 0.71> <FuncUnit> <Opcode : 'icmp'> <InPorts = 2> <OutPorts = 1>
ST_1 : Operation 39 [1/1] (0.00ns)   --->   "%zext_ln34 = zext i10 %select_ln32" [../src/sobel.cpp:34]   --->   Operation 39 'zext' 'zext_ln34' <Predicate = (!icmp_ln32)> <Delay = 0.00>
ST_1 : Operation 40 [1/1] (0.00ns)   --->   "%zext_ln49 = zext i10 %select_ln32" [../src/sobel.cpp:49]   --->   Operation 40 'zext' 'zext_ln49' <Predicate = (!icmp_ln32)> <Delay = 0.00>
ST_1 : Operation 41 [1/1] (0.79ns)   --->   "%add_ln49 = add i18 %tmp_1, i18 %zext_ln49" [../src/sobel.cpp:49]   --->   Operation 41 'add' 'add_ln49' <Predicate = (!icmp_ln32)> <Delay = 0.79> <CoreInst = "Adder">   --->   Core 1 'Adder' <Latency = 0> <II = 1> <Delay = 0.79> <FuncUnit> <Opcode : 'add' 'sub'> <InPorts = 2> <OutPorts = 1>
ST_1 : Operation 42 [1/1] (0.00ns)   --->   "%linebuf_addr = getelementptr i8 %linebuf, i64 0, i64 %zext_ln34" [../src/sobel.cpp:40]   --->   Operation 42 'getelementptr' 'linebuf_addr' <Predicate = (!icmp_ln32)> <Delay = 0.00>
ST_1 : Operation 43 [1/1] (0.00ns)   --->   "%linebuf_1_addr = getelementptr i8 %linebuf_1, i64 0, i64 %zext_ln34" [../src/sobel.cpp:46]   --->   Operation 43 'getelementptr' 'linebuf_1_addr' <Predicate = (!icmp_ln32)> <Delay = 0.00>
ST_1 : Operation 44 [2/2] (1.17ns)   --->   "%linebuf_1_load = load i9 %linebuf_1_addr" [../src/sobel.cpp:46]   --->   Operation 44 'load' 'linebuf_1_load' <Predicate = (!icmp_ln32)> <Delay = 1.17> <CoreInst = "RAM">   --->   Core 83 'RAM' <Latency = 1> <II = 1> <Delay = 1.17> <Storage> <Opcode : 'load' 'store'> <Ports = 2> <Width = 8> <Depth = 512> <RAM>
ST_1 : Operation 45 [1/1] (0.00ns)   --->   "%tmp_4 = partselect i9 @_ssdm_op_PartSelect.i9.i10.i32.i32, i10 %select_ln32, i32 1, i32 9" [../src/sobel.cpp:62]   --->   Operation 45 'partselect' 'tmp_4' <Predicate = (!icmp_ln32)> <Delay = 0.00>
ST_1 : Operation 46 [1/1] (0.71ns)   --->   "%icmp_ln62 = icmp_eq  i9 %tmp_4, i9 0" [../src/sobel.cpp:62]   --->   Operation 46 'icmp' 'icmp_ln62' <Predicate = (!icmp_ln32)> <Delay = 0.71> <CoreInst = "Cmp">   --->   Core 9 'Cmp' <Latency = 0> <II = 1> <Delay = 0.71> <FuncUnit> <Opcode : 'icmp'> <InPorts = 2> <OutPorts = 1>
ST_1 : Operation 47 [1/1] (0.12ns)   --->   "%or_ln62 = or i1 %icmp28, i1 %icmp_ln62" [../src/sobel.cpp:62]   --->   Operation 47 'or' 'or_ln62' <Predicate = (!icmp_ln32)> <Delay = 0.12> <CoreInst = "LogicGate">   --->   Core 74 'LogicGate' <Latency = 0> <II = 1> <Delay = 0.12> <FuncUnit> <Opcode : 'and' 'or' 'xor'> <InPorts = 2> <OutPorts = 1>
ST_1 : Operation 48 [1/1] (0.38ns)   --->   "%br_ln62 = br i1 %or_ln62, void %for.inc, void %for.inc123" [../src/sobel.cpp:62]   --->   Operation 48 'br' 'br_ln62' <Predicate = (!icmp_ln32)> <Delay = 0.38>
ST_1 : Operation 49 [1/1] (0.72ns)   --->   "%add_ln34 = add i10 %select_ln32, i10 1" [../src/sobel.cpp:34]   --->   Operation 49 'add' 'add_ln34' <Predicate = (!icmp_ln32)> <Delay = 0.72> <CoreInst = "Adder">   --->   Core 1 'Adder' <Latency = 0> <II = 1> <Delay = 0.72> <FuncUnit> <Opcode : 'add' 'sub'> <InPorts = 2> <OutPorts = 1>
ST_1 : Operation 50 [1/1] (0.38ns)   --->   "%store_ln32 = store i19 %add_ln32_1, i19 %indvar_flatten" [../src/sobel.cpp:32]   --->   Operation 50 'store' 'store_ln32' <Predicate = (!icmp_ln32)> <Delay = 0.38>
ST_1 : Operation 51 [1/1] (0.38ns)   --->   "%store_ln32 = store i10 %select_ln32_1, i10 %r" [../src/sobel.cpp:32]   --->   Operation 51 'store' 'store_ln32' <Predicate = (!icmp_ln32)> <Delay = 0.38>
ST_1 : Operation 52 [1/1] (0.38ns)   --->   "%store_ln34 = store i10 %add_ln34, i10 %c" [../src/sobel.cpp:34]   --->   Operation 52 'store' 'store_ln34' <Predicate = (!icmp_ln32)> <Delay = 0.38>

State 2 <SV = 1> <Delay = 1.47>
ST_2 : Operation 53 [1/1] (0.00ns)   --->   "%zext_ln49_1 = zext i18 %add_ln49" [../src/sobel.cpp:49]   --->   Operation 53 'zext' 'zext_ln49_1' <Predicate = (!icmp_ln32)> <Delay = 0.00>
ST_2 : Operation 54 [1/1] (0.00ns)   --->   "%in_img_addr = getelementptr i8 %in_img, i64 0, i64 %zext_ln49_1" [../src/sobel.cpp:49]   --->   Operation 54 'getelementptr' 'in_img_addr' <Predicate = (!icmp_ln32)> <Delay = 0.00>
ST_2 : Operation 55 [1/1] (0.00ns)   --->   "%out_img_addr = getelementptr i8 %out_img, i64 0, i64 %zext_ln49_1" [../src/sobel.cpp:63]   --->   Operation 55 'getelementptr' 'out_img_addr' <Predicate = (!icmp_ln32)> <Delay = 0.00>
ST_2 : Operation 56 [2/2] (1.17ns)   --->   "%linebuf_load = load i9 %linebuf_addr" [../src/sobel.cpp:40]   --->   Operation 56 'load' 'linebuf_load' <Predicate = (!icmp_ln32 & !cmp5)> <Delay = 1.17> <CoreInst = "RAM">   --->   Core 83 'RAM' <Latency = 1> <II = 1> <Delay = 1.17> <Storage> <Opcode : 'load' 'store'> <Ports = 2> <Width = 8> <Depth = 512> <RAM>
ST_2 : Operation 57 [1/2] (1.17ns)   --->   "%linebuf_1_load = load i9 %linebuf_1_addr" [../src/sobel.cpp:46]   --->   Operation 57 'load' 'linebuf_1_load' <Predicate = (!icmp_ln32)> <Delay = 1.17> <CoreInst = "RAM">   --->   Core 83 'RAM' <Latency = 1> <II = 1> <Delay = 1.17> <Storage> <Opcode : 'load' 'store'> <Ports = 2> <Width = 8> <Depth = 512> <RAM>
ST_2 : Operation 58 [1/1] (0.30ns)   --->   "%pix_2 = select i1 %icmp28, i8 0, i8 %linebuf_1_load" [../src/sobel.cpp:32]   --->   Operation 58 'select' 'pix_2' <Predicate = (!icmp_ln32)> <Delay = 0.30> <CoreInst = "Sel">   --->   Core 73 'Sel' <Latency = 0> <II = 1> <Delay = 0.30> <FuncUnit> <Opcode : 'select'> <InPorts = 3> <OutPorts = 1>
ST_2 : Operation 59 [2/2] (1.24ns)   --->   "%pix_4 = load i18 %in_img_addr" [../src/sobel.cpp:49]   --->   Operation 59 'load' 'pix_4' <Predicate = (!icmp_ln32)> <Delay = 1.24> <CoreInst = "RAM">   --->   Core 83 'RAM' <Latency = 1> <II = 1> <Delay = 1.24> <Storage> <Opcode : 'load' 'store'> <Ports = 2> <Width = 8> <Depth = 262144> <RAM>

State 3 <SV = 2> <Delay = 2.41>
ST_3 : Operation 60 [1/1] (0.00ns)   --->   "%p_0_0_04426_load = load i8 %p_0_0_04426" [../src/sobel.cpp:73]   --->   Operation 60 'load' 'p_0_0_04426_load' <Predicate = true> <Delay = 0.00>
ST_3 : Operation 61 [1/1] (0.00ns)   --->   "%p_0_0_04328_load = load i8 %p_0_0_04328"   --->   Operation 61 'load' 'p_0_0_04328_load' <Predicate = true> <Delay = 0.00>
ST_3 : Operation 62 [1/1] (0.00ns)   --->   "%p_0_0_05130_load = load i8 %p_0_0_05130" [../src/sobel.cpp:68]   --->   Operation 62 'load' 'p_0_0_05130_load' <Predicate = true> <Delay = 0.00>
ST_3 : Operation 63 [1/1] (0.00ns)   --->   "%specloopname_ln0 = specloopname void @_ssdm_op_SpecLoopName, void @RowLoop_ColLoop_str"   --->   Operation 63 'specloopname' 'specloopname_ln0' <Predicate = (!icmp_ln32)> <Delay = 0.00>
ST_3 : Operation 64 [1/1] (0.00ns)   --->   "%speclooptripcount_ln0 = speclooptripcount void @_ssdm_op_SpecLoopTripCount, i64 262144, i64 262144, i64 262144"   --->   Operation 64 'speclooptripcount' 'speclooptripcount_ln0' <Predicate = (!icmp_ln32)> <Delay = 0.00>
ST_3 : Operation 65 [1/1] (0.00ns)   --->   "%specpipeline_ln35 = specpipeline void @_ssdm_op_SpecPipeline, i32 1, i32 0, i32 0, i32 0, void @empty_1" [../src/sobel.cpp:35]   --->   Operation 65 'specpipeline' 'specpipeline_ln35' <Predicate = (!icmp_ln32)> <Delay = 0.00>
ST_3 : Operation 66 [1/2] (1.17ns)   --->   "%linebuf_load = load i9 %linebuf_addr" [../src/sobel.cpp:40]   --->   Operation 66 'load' 'linebuf_load' <Predicate = (!icmp_ln32 & !cmp5)> <Delay = 1.17> <CoreInst = "RAM">   --->   Core 83 'RAM' <Latency = 1> <II = 1> <Delay = 1.17> <Storage> <Opcode : 'load' 'store'> <Ports = 2> <Width = 8> <Depth = 512> <RAM>
ST_3 : Operation 67 [1/1] (0.30ns)   --->   "%pix = select i1 %cmp5, i8 0, i8 %linebuf_load" [../src/sobel.cpp:32]   --->   Operation 67 'select' 'pix' <Predicate = (!icmp_ln32)> <Delay = 0.30> <CoreInst = "Sel">   --->   Core 73 'Sel' <Latency = 0> <II = 1> <Delay = 0.30> <FuncUnit> <Opcode : 'select'> <InPorts = 3> <OutPorts = 1>
ST_3 : Operation 68 [1/1] (1.17ns)   --->   "%store_ln44 = store i8 %pix_2, i9 %linebuf_addr" [../src/sobel.cpp:44]   --->   Operation 68 'store' 'store_ln44' <Predicate = (!icmp_ln32)> <Delay = 1.17> <CoreInst = "RAM">   --->   Core 83 'RAM' <Latency = 1> <II = 1> <Delay = 1.17> <Storage> <Opcode : 'load' 'store'> <Ports = 2> <Width = 8> <Depth = 512> <RAM>
ST_3 : Operation 69 [1/2] (1.24ns)   --->   "%pix_4 = load i18 %in_img_addr" [../src/sobel.cpp:49]   --->   Operation 69 'load' 'pix_4' <Predicate = (!icmp_ln32)> <Delay = 1.24> <CoreInst = "RAM">   --->   Core 83 'RAM' <Latency = 1> <II = 1> <Delay = 1.24> <Storage> <Opcode : 'load' 'store'> <Ports = 2> <Width = 8> <Depth = 262144> <RAM>
ST_3 : Operation 70 [1/1] (1.17ns)   --->   "%store_ln49 = store i8 %pix_4, i9 %linebuf_1_addr" [../src/sobel.cpp:49]   --->   Operation 70 'store' 'store_ln49' <Predicate = (!icmp_ln32)> <Delay = 1.17> <CoreInst = "RAM">   --->   Core 83 'RAM' <Latency = 1> <II = 1> <Delay = 1.17> <Storage> <Opcode : 'load' 'store'> <Ports = 2> <Width = 8> <Depth = 512> <RAM>
ST_3 : Operation 71 [1/1] (0.00ns)   --->   "%gy_1_load = load i8 %gy_1" [../src/sobel.cpp:73]   --->   Operation 71 'load' 'gy_1_load' <Predicate = (!icmp_ln32 & !or_ln62)> <Delay = 0.00>
ST_3 : Operation 72 [1/1] (0.00ns)   --->   "%pix_1_load = load i8 %pix_1" [../src/sobel.cpp:74]   --->   Operation 72 'load' 'pix_1_load' <Predicate = (!icmp_ln32 & !or_ln62)> <Delay = 0.00>
ST_3 : Operation 73 [1/1] (0.00ns)   --->   "%pix_3_load = load i8 %pix_3" [../src/sobel.cpp:73]   --->   Operation 73 'load' 'pix_3_load' <Predicate = (!icmp_ln32 & !or_ln62)> <Delay = 0.00>
ST_3 : Operation 74 [1/1] (0.00ns)   --->   "%zext_ln73 = zext i8 %gy_1_load" [../src/sobel.cpp:73]   --->   Operation 74 'zext' 'zext_ln73' <Predicate = (!icmp_ln32 & !or_ln62)> <Delay = 0.00>
ST_3 : Operation 75 [1/1] (0.00ns)   --->   "%zext_ln73_1 = zext i8 %p_0_0_04426_load" [../src/sobel.cpp:73]   --->   Operation 75 'zext' 'zext_ln73_1' <Predicate = (!icmp_ln32 & !or_ln62)> <Delay = 0.00>
ST_3 : Operation 76 [1/1] (0.00ns)   --->   "%zext_ln73_2 = zext i8 %pix" [../src/sobel.cpp:73]   --->   Operation 76 'zext' 'zext_ln73_2' <Predicate = (!icmp_ln32 & !or_ln62)> <Delay = 0.00>
ST_3 : Operation 77 [1/1] (0.00ns)   --->   "%zext_ln73_3 = zext i8 %pix_3_load" [../src/sobel.cpp:73]   --->   Operation 77 'zext' 'zext_ln73_3' <Predicate = (!icmp_ln32 & !or_ln62)> <Delay = 0.00>
ST_3 : Operation 78 [1/1] (0.70ns)   --->   "%sub_ln74 = sub i9 %zext_ln73_2, i9 %zext_ln73_3" [../src/sobel.cpp:74]   --->   Operation 78 'sub' 'sub_ln74' <Predicate = (!icmp_ln32 & !or_ln62)> <Delay = 0.70> <CoreInst = "Adder">   --->   Core 1 'Adder' <Latency = 0> <II = 1> <Delay = 0.71> <FuncUnit> <Opcode : 'add' 'sub'> <InPorts = 2> <OutPorts = 1>
ST_3 : Operation 79 [1/1] (0.00ns)   --->   "%shl_ln74_1 = bitconcatenate i9 @_ssdm_op_BitConcatenate.i9.i8.i1, i8 %pix_1_load, i1 0" [../src/sobel.cpp:74]   --->   Operation 79 'bitconcatenate' 'shl_ln74_1' <Predicate = (!icmp_ln32 & !or_ln62)> <Delay = 0.00>
ST_3 : Operation 80 [1/1] (0.00ns)   --->   "%zext_ln74 = zext i9 %shl_ln74_1" [../src/sobel.cpp:74]   --->   Operation 80 'zext' 'zext_ln74' <Predicate = (!icmp_ln32 & !or_ln62)> <Delay = 0.00>
ST_3 : Operation 81 [1/1] (0.71ns)   --->   "%sub_ln74_1 = sub i10 0, i10 %zext_ln74" [../src/sobel.cpp:74]   --->   Operation 81 'sub' 'sub_ln74_1' <Predicate = (!icmp_ln32 & !or_ln62)> <Delay = 0.71> <CoreInst = "Adder">   --->   Core 1 'Adder' <Latency = 0> <II = 1> <Delay = 0.72> <FuncUnit> <Opcode : 'add' 'sub'> <InPorts = 2> <OutPorts = 1>
ST_3 : Operation 82 [1/1] (0.00ns)   --->   "%sext_ln74_1 = sext i10 %sub_ln74_1" [../src/sobel.cpp:74]   --->   Operation 82 'sext' 'sext_ln74_1' <Predicate = (!icmp_ln32 & !or_ln62)> <Delay = 0.00>
ST_3 : Operation 83 [1/1] (0.00ns)   --->   "%shl_ln = bitconcatenate i9 @_ssdm_op_BitConcatenate.i9.i8.i1, i8 %pix_2, i1 0" [../src/sobel.cpp:74]   --->   Operation 83 'bitconcatenate' 'shl_ln' <Predicate = (!icmp_ln32 & !or_ln62)> <Delay = 0.00>
ST_3 : Operation 84 [1/1] (0.00ns)   --->   "%zext_ln74_1 = zext i9 %shl_ln" [../src/sobel.cpp:74]   --->   Operation 84 'zext' 'zext_ln74_1' <Predicate = (!icmp_ln32 & !or_ln62)> <Delay = 0.00>
ST_3 : Operation 85 [1/1] (0.72ns)   --->   "%sub_ln74_2 = sub i11 %sext_ln74_1, i11 %zext_ln73" [../src/sobel.cpp:74]   --->   Operation 85 'sub' 'sub_ln74_2' <Predicate = (!icmp_ln32 & !or_ln62)> <Delay = 0.72> <CoreInst = "Adder">   --->   Core 1 'Adder' <Latency = 0> <II = 1> <Delay = 0.73> <FuncUnit> <Opcode : 'add' 'sub'> <InPorts = 2> <OutPorts = 1>
ST_3 : Operation 86 [1/1] (0.00ns)   --->   "%zext_ln68 = zext i8 %p_0_0_05130_load" [../src/sobel.cpp:68]   --->   Operation 86 'zext' 'zext_ln68' <Predicate = (!icmp_ln32 & !or_ln62)> <Delay = 0.00>
ST_3 : Operation 87 [1/1] (0.00ns)   --->   "%zext_ln73_5 = zext i8 %pix_4" [../src/sobel.cpp:73]   --->   Operation 87 'zext' 'zext_ln73_5' <Predicate = (!icmp_ln32 & !or_ln62)> <Delay = 0.00>
ST_3 : Operation 88 [1/1] (0.71ns)   --->   "%add_ln74_1 = add i10 %zext_ln74_1, i10 %zext_ln73_5" [../src/sobel.cpp:74]   --->   Operation 88 'add' 'add_ln74_1' <Predicate = (!icmp_ln32 & !or_ln62)> <Delay = 0.71> <CoreInst = "Adder">   --->   Core 1 'Adder' <Latency = 0> <II = 1> <Delay = 0.72> <FuncUnit> <Opcode : 'add' 'sub'> <InPorts = 2> <OutPorts = 1>
ST_3 : Operation 89 [1/1] (0.70ns)   --->   "%tmp = sub i9 %zext_ln73_1, i9 %zext_ln68" [../src/sobel.cpp:73]   --->   Operation 89 'sub' 'tmp' <Predicate = (!icmp_ln32 & !or_ln62)> <Delay = 0.70> <CoreInst = "Adder">   --->   Core 1 'Adder' <Latency = 0> <II = 1> <Delay = 0.71> <FuncUnit> <Opcode : 'add' 'sub'> <InPorts = 2> <OutPorts = 1>
ST_3 : Operation 90 [1/1] (0.00ns)   --->   "%tmp_2 = bitconcatenate i10 @_ssdm_op_BitConcatenate.i10.i9.i1, i9 %tmp, i1 0" [../src/sobel.cpp:73]   --->   Operation 90 'bitconcatenate' 'tmp_2' <Predicate = (!icmp_ln32 & !or_ln62)> <Delay = 0.00>
ST_3 : Operation 91 [1/1] (0.00ns)   --->   "%sext_ln75 = sext i10 %tmp_2" [../src/sobel.cpp:75]   --->   Operation 91 'sext' 'sext_ln75' <Predicate = (!icmp_ln32 & !or_ln62)> <Delay = 0.00>
ST_3 : Operation 92 [1/1] (0.72ns)   --->   "%add_ln75 = add i11 %sext_ln75, i11 %zext_ln73" [../src/sobel.cpp:75]   --->   Operation 92 'add' 'add_ln75' <Predicate = (!icmp_ln32 & !or_ln62)> <Delay = 0.72> <CoreInst = "Adder">   --->   Core 1 'Adder' <Latency = 0> <II = 1> <Delay = 0.73> <FuncUnit> <Opcode : 'add' 'sub'> <InPorts = 2> <OutPorts = 1>
ST_3 : Operation 93 [1/1] (0.00ns)   --->   "%store_ln49 = store i8 %pix_4, i8 %p_0_0_05130" [../src/sobel.cpp:49]   --->   Operation 93 'store' 'store_ln49' <Predicate = (!icmp_ln32)> <Delay = 0.00>
ST_3 : Operation 94 [1/1] (0.00ns)   --->   "%store_ln32 = store i8 %pix_2, i8 %p_0_0_04328" [../src/sobel.cpp:32]   --->   Operation 94 'store' 'store_ln32' <Predicate = (!icmp_ln32)> <Delay = 0.00>
ST_3 : Operation 95 [1/1] (0.00ns)   --->   "%store_ln32 = store i8 %pix, i8 %p_0_0_04426" [../src/sobel.cpp:32]   --->   Operation 95 'store' 'store_ln32' <Predicate = (!icmp_ln32)> <Delay = 0.00>
ST_3 : Operation 96 [1/1] (0.00ns)   --->   "%store_ln73 = store i8 %p_0_0_05130_load, i8 %pix_3" [../src/sobel.cpp:73]   --->   Operation 96 'store' 'store_ln73' <Predicate = (!icmp_ln32)> <Delay = 0.00>
ST_3 : Operation 97 [1/1] (0.00ns)   --->   "%store_ln73 = store i8 %p_0_0_04328_load, i8 %pix_1" [../src/sobel.cpp:73]   --->   Operation 97 'store' 'store_ln73' <Predicate = (!icmp_ln32)> <Delay = 0.00>
ST_3 : Operation 98 [1/1] (0.00ns)   --->   "%store_ln68 = store i8 %p_0_0_04426_load, i8 %gy_1" [../src/sobel.cpp:68]   --->   Operation 98 'store' 'store_ln68' <Predicate = (!icmp_ln32)> <Delay = 0.00>

State 4 <SV = 3> <Delay = 2.24>
ST_4 : Operation 99 [1/1] (0.00ns)   --->   "%sext_ln74 = sext i9 %sub_ln74" [../src/sobel.cpp:74]   --->   Operation 99 'sext' 'sext_ln74' <Predicate = (!icmp_ln32 & !or_ln62)> <Delay = 0.00>
ST_4 : Operation 100 [1/1] (0.00ns)   --->   "%zext_ln73_4 = zext i8 %pix_4" [../src/sobel.cpp:73]   --->   Operation 100 'zext' 'zext_ln73_4' <Predicate = (!icmp_ln32 & !or_ln62)> <Delay = 0.00>
ST_4 : Operation 101 [1/1] (0.00ns) (grouped into TernaryAdder)   --->   "%add_ln74 = add i11 %sub_ln74_2, i11 %sext_ln74" [../src/sobel.cpp:74]   --->   Operation 101 'add' 'add_ln74' <Predicate = (!icmp_ln32 & !or_ln62)> <Delay = 0.00> <CoreInst = "TAddSub">   --->   Core 10 'TAddSub' <Latency = 0> <II = 1> <Delay = 0.38> <IPBlock> <Opcode : '' 'add' 'sub'> <InPorts = 3> <OutPorts = 1> <Sync> <CReg>
ST_4 : Operation 102 [1/1] (0.00ns)   --->   "%zext_ln74_2 = zext i10 %add_ln74_1" [../src/sobel.cpp:74]   --->   Operation 102 'zext' 'zext_ln74_2' <Predicate = (!icmp_ln32 & !or_ln62)> <Delay = 0.00>
ST_4 : Operation 103 [1/1] (0.77ns) (root node of TernaryAdder)   --->   "%gx = add i11 %zext_ln74_2, i11 %add_ln74" [../src/sobel.cpp:74]   --->   Operation 103 'add' 'gx' <Predicate = (!icmp_ln32 & !or_ln62)> <Delay = 0.77> <CoreInst = "TAddSub">   --->   Core 10 'TAddSub' <Latency = 0> <II = 1> <Delay = 0.38> <IPBlock> <Opcode : '' 'add' 'sub'> <InPorts = 3> <OutPorts = 1> <Sync> <CReg>
ST_4 : Operation 104 [1/1] (0.00ns)   --->   "%empty = trunc i11 %gx" [../src/sobel.cpp:74]   --->   Operation 104 'trunc' 'empty' <Predicate = (!icmp_ln32 & !or_ln62)> <Delay = 0.00>
ST_4 : Operation 105 [1/1] (0.00ns) (grouped into TernaryAdder)   --->   "%gy_3 = sub i11 %add_ln75, i11 %zext_ln73_4" [../src/sobel.cpp:75]   --->   Operation 105 'sub' 'gy_3' <Predicate = (!icmp_ln32 & !or_ln62)> <Delay = 0.00> <CoreInst = "TAddSub">   --->   Core 10 'TAddSub' <Latency = 0> <II = 1> <Delay = 0.38> <IPBlock> <Opcode : '' 'add' 'sub'> <InPorts = 3> <OutPorts = 1> <Sync> <CReg>
ST_4 : Operation 106 [1/1] (0.77ns) (root node of TernaryAdder)   --->   "%gy = add i11 %gy_3, i11 %sext_ln74" [../src/sobel.cpp:75]   --->   Operation 106 'add' 'gy' <Predicate = (!icmp_ln32 & !or_ln62)> <Delay = 0.77> <CoreInst = "TAddSub">   --->   Core 10 'TAddSub' <Latency = 0> <II = 1> <Delay = 0.38> <IPBlock> <Opcode : '' 'add' 'sub'> <InPorts = 3> <OutPorts = 1> <Sync> <CReg>
ST_4 : Operation 107 [1/1] (0.00ns) (grouped into LUT with out node mag)   --->   "%sext_ln67 = sext i11 %gy" [../src/sobel.cpp:67]   --->   Operation 107 'sext' 'sext_ln67' <Predicate = (!icmp_ln32 & !or_ln62)> <Delay = 0.00>
ST_4 : Operation 108 [1/1] (0.00ns) (grouped into LUT with out node mag)   --->   "%tmp_5 = bitselect i1 @_ssdm_op_BitSelect.i1.i11.i32, i11 %gx, i32 10" [../src/sobel.cpp:79]   --->   Operation 108 'bitselect' 'tmp_5' <Predicate = (!icmp_ln32 & !or_ln62)> <Delay = 0.00>
ST_4 : Operation 109 [1/1] (0.72ns)   --->   "%sub_ln79 = sub i10 0, i10 %empty" [../src/sobel.cpp:79]   --->   Operation 109 'sub' 'sub_ln79' <Predicate = (!icmp_ln32 & !or_ln62)> <Delay = 0.72> <CoreInst = "Adder">   --->   Core 1 'Adder' <Latency = 0> <II = 1> <Delay = 0.72> <FuncUnit> <Opcode : 'add' 'sub'> <InPorts = 2> <OutPorts = 1>
ST_4 : Operation 110 [1/1] (0.00ns) (grouped into LUT with out node mag)   --->   "%abs_gx = select i1 %tmp_5, i10 %sub_ln79, i10 %empty" [../src/sobel.cpp:79]   --->   Operation 110 'select' 'abs_gx' <Predicate = (!icmp_ln32 & !or_ln62)> <Delay = 0.00> <CoreInst = "Sel">   --->   Core 73 'Sel' <Latency = 0> <II = 1> <Delay = 0.30> <FuncUnit> <Opcode : 'select'> <InPorts = 3> <OutPorts = 1>
ST_4 : Operation 111 [1/1] (0.00ns) (grouped into LUT with out node mag)   --->   "%zext_ln79 = zext i10 %abs_gx" [../src/sobel.cpp:79]   --->   Operation 111 'zext' 'zext_ln79' <Predicate = (!icmp_ln32 & !or_ln62)> <Delay = 0.00>
ST_4 : Operation 112 [1/1] (0.00ns) (grouped into LUT with out node mag)   --->   "%tmp_6 = bitselect i1 @_ssdm_op_BitSelect.i1.i32.i32, i32 %sext_ln67, i32 31" [../src/sobel.cpp:80]   --->   Operation 112 'bitselect' 'tmp_6' <Predicate = (!icmp_ln32 & !or_ln62)> <Delay = 0.00>
ST_4 : Operation 113 [1/1] (0.73ns)   --->   "%sub_ln80 = sub i11 0, i11 %gy" [../src/sobel.cpp:80]   --->   Operation 113 'sub' 'sub_ln80' <Predicate = (!icmp_ln32 & !or_ln62)> <Delay = 0.73> <CoreInst = "Adder">   --->   Core 1 'Adder' <Latency = 0> <II = 1> <Delay = 0.73> <FuncUnit> <Opcode : 'add' 'sub'> <InPorts = 2> <OutPorts = 1>
ST_4 : Operation 114 [1/1] (0.00ns) (grouped into LUT with out node mag)   --->   "%abs_gy = select i1 %tmp_6, i11 %sub_ln80, i11 %gy" [../src/sobel.cpp:80]   --->   Operation 114 'select' 'abs_gy' <Predicate = (!icmp_ln32 & !or_ln62)> <Delay = 0.00> <CoreInst = "Sel">   --->   Core 73 'Sel' <Latency = 0> <II = 1> <Delay = 0.30> <FuncUnit> <Opcode : 'select'> <InPorts = 3> <OutPorts = 1>
ST_4 : Operation 115 [1/1] (0.00ns) (grouped into LUT with out node mag)   --->   "%sext_ln80 = sext i11 %abs_gy" [../src/sobel.cpp:80]   --->   Operation 115 'sext' 'sext_ln80' <Predicate = (!icmp_ln32 & !or_ln62)> <Delay = 0.00>
ST_4 : Operation 116 [1/1] (0.73ns) (out node of the LUT)   --->   "%mag = add i12 %sext_ln80, i12 %zext_ln79" [../src/sobel.cpp:82]   --->   Operation 116 'add' 'mag' <Predicate = (!icmp_ln32 & !or_ln62)> <Delay = 0.73> <CoreInst = "Adder">   --->   Core 1 'Adder' <Latency = 0> <II = 1> <Delay = 0.74> <FuncUnit> <Opcode : 'add' 'sub'> <InPorts = 2> <OutPorts = 1>
ST_4 : Operation 117 [1/1] (0.00ns)   --->   "%tmp_7 = partselect i4 @_ssdm_op_PartSelect.i4.i12.i32.i32, i12 %mag, i32 8, i32 11" [../src/sobel.cpp:83]   --->   Operation 117 'partselect' 'tmp_7' <Predicate = (!icmp_ln32 & !or_ln62)> <Delay = 0.00>
ST_4 : Operation 118 [1/1] (0.00ns)   --->   "%trunc_ln85 = trunc i12 %mag" [../src/sobel.cpp:85]   --->   Operation 118 'trunc' 'trunc_ln85' <Predicate = (!icmp_ln32 & !or_ln62)> <Delay = 0.00>

State 5 <SV = 4> <Delay = 1.39>
ST_5 : Operation 119 [1/1] (0.70ns)   --->   "%icmp_ln83 = icmp_sgt  i4 %tmp_7, i4 0" [../src/sobel.cpp:83]   --->   Operation 119 'icmp' 'icmp_ln83' <Predicate = (!icmp_ln32 & !or_ln62)> <Delay = 0.70> <CoreInst = "Cmp">   --->   Core 9 'Cmp' <Latency = 0> <II = 1> <Delay = 0.70> <FuncUnit> <Opcode : 'icmp'> <InPorts = 2> <OutPorts = 1>
ST_5 : Operation 120 [1/1] (0.30ns)   --->   "%select_ln85 = select i1 %icmp_ln83, i8 255, i8 %trunc_ln85" [../src/sobel.cpp:85]   --->   Operation 120 'select' 'select_ln85' <Predicate = (!icmp_ln32 & !or_ln62)> <Delay = 0.30> <CoreInst = "Sel">   --->   Core 73 'Sel' <Latency = 0> <II = 1> <Delay = 0.30> <FuncUnit> <Opcode : 'select'> <InPorts = 3> <OutPorts = 1>
ST_5 : Operation 121 [1/1] (0.38ns)   --->   "%br_ln86 = br void %for.inc123" [../src/sobel.cpp:86]   --->   Operation 121 'br' 'br_ln86' <Predicate = (!icmp_ln32 & !or_ln62)> <Delay = 0.38>
ST_5 : Operation 125 [1/1] (0.00ns)   --->   "%ret_ln88 = ret" [../src/sobel.cpp:88]   --->   Operation 125 'ret' 'ret_ln88' <Predicate = (icmp_ln32)> <Delay = 0.00>

State 6 <SV = 5> <Delay = 1.24>
ST_6 : Operation 122 [1/1] (0.00ns)   --->   "%storemerge = phi i8 %select_ln85, void %for.inc, i8 0, void %for.inc126" [../src/sobel.cpp:85]   --->   Operation 122 'phi' 'storemerge' <Predicate = true> <Delay = 0.00>
ST_6 : Operation 123 [1/1] (1.24ns)   --->   "%store_ln63 = store i8 %storemerge, i18 %out_img_addr" [../src/sobel.cpp:63]   --->   Operation 123 'store' 'store_ln63' <Predicate = true> <Delay = 1.24> <CoreInst = "RAM">   --->   Core 83 'RAM' <Latency = 1> <II = 1> <Delay = 1.24> <Storage> <Opcode : 'load' 'store'> <Ports = 2> <Width = 8> <Depth = 262144> <RAM>
ST_6 : Operation 124 [1/1] (0.00ns)   --->   "%br_ln34 = br void %for.body4" [../src/sobel.cpp:34]   --->   Operation 124 'br' 'br_ln34' <Predicate = true> <Delay = 0.00>


============================================================
+ Verbose Summary: Binding
============================================================
STG Binding: 
---------------- STG Properties BEGIN ----------------
- Is combinational: 0
- Is one-state seq: 0
- Is datapath-only: 0
- Is pipelined: 0
- Is top level: 0
Port [ Return ] is wired: 1; IO mode=ap_ctrl_hs:ce=0
Port [ in_img]:  wired=1; compound=1; hidden=0; nouse=0; global=0; static=0; extern=0; dir=0; type=1; pingpong=1; private_global=0; MemPort=[13]; IO mode=ap_memory:ce=0
Port [ out_img]:  wired=1; compound=1; hidden=0; nouse=0; global=0; static=0; extern=0; dir=1; type=1; pingpong=1; private_global=0; MemPort=[03]; IO mode=ap_memory:ce=0
---------------- STG Properties END ------------------

---------------- Datapath Model BEGIN ----------------

<LifeTime>
<method=bitvector/>
gy_1                  (alloca           ) [ 0111000]
pix_1                 (alloca           ) [ 0111000]
pix_3                 (alloca           ) [ 0111000]
c                     (alloca           ) [ 0100000]
r                     (alloca           ) [ 0100000]
indvar_flatten        (alloca           ) [ 0100000]
p_0_0_04426           (alloca           ) [ 0111000]
p_0_0_04328           (alloca           ) [ 0111000]
p_0_0_05130           (alloca           ) [ 0111000]
linebuf               (alloca           ) [ 0000000]
linebuf_1             (alloca           ) [ 0000000]
store_ln0             (store            ) [ 0000000]
store_ln32            (store            ) [ 0000000]
store_ln34            (store            ) [ 0000000]
br_ln32               (br               ) [ 0000000]
indvar_flatten_load   (load             ) [ 0000000]
icmp_ln32             (icmp             ) [ 0111111]
add_ln32_1            (add              ) [ 0000000]
br_ln32               (br               ) [ 0000000]
c_load                (load             ) [ 0000000]
r_load                (load             ) [ 0000000]
add_ln32              (add              ) [ 0000000]
icmp_ln34             (icmp             ) [ 0000000]
select_ln32           (select           ) [ 0000000]
select_ln32_1         (select           ) [ 0000000]
trunc_ln49            (trunc            ) [ 0000000]
tmp_1                 (bitconcatenate   ) [ 0000000]
cmp5                  (icmp             ) [ 0111000]
tmp_3                 (partselect       ) [ 0000000]
icmp28                (icmp             ) [ 0110000]
zext_ln34             (zext             ) [ 0000000]
zext_ln49             (zext             ) [ 0000000]
add_ln49              (add              ) [ 0110000]
linebuf_addr          (getelementptr    ) [ 0111000]
linebuf_1_addr        (getelementptr    ) [ 0111000]
tmp_4                 (partselect       ) [ 0000000]
icmp_ln62             (icmp             ) [ 0000000]
or_ln62               (or               ) [ 0111111]
br_ln62               (br               ) [ 0111111]
add_ln34              (add              ) [ 0000000]
store_ln32            (store            ) [ 0000000]
store_ln32            (store            ) [ 0000000]
store_ln34            (store            ) [ 0000000]
zext_ln49_1           (zext             ) [ 0000000]
in_img_addr           (getelementptr    ) [ 0101000]
out_img_addr          (getelementptr    ) [ 0101111]
linebuf_1_load        (load             ) [ 0000000]
pix_2                 (select           ) [ 0101000]
p_0_0_04426_load      (load             ) [ 0000000]
p_0_0_04328_load      (load             ) [ 0000000]
p_0_0_05130_load      (load             ) [ 0000000]
specloopname_ln0      (specloopname     ) [ 0000000]
speclooptripcount_ln0 (speclooptripcount) [ 0000000]
specpipeline_ln35     (specpipeline     ) [ 0000000]
linebuf_load          (load             ) [ 0000000]
pix                   (select           ) [ 0000000]
store_ln44            (store            ) [ 0000000]
pix_4                 (load             ) [ 0100100]
store_ln49            (store            ) [ 0000000]
gy_1_load             (load             ) [ 0000000]
pix_1_load            (load             ) [ 0000000]
pix_3_load            (load             ) [ 0000000]
zext_ln73             (zext             ) [ 0000000]
zext_ln73_1           (zext             ) [ 0000000]
zext_ln73_2           (zext             ) [ 0000000]
zext_ln73_3           (zext             ) [ 0000000]
sub_ln74              (sub              ) [ 0100100]
shl_ln74_1            (bitconcatenate   ) [ 0000000]
zext_ln74             (zext             ) [ 0000000]
sub_ln74_1            (sub              ) [ 0000000]
sext_ln74_1           (sext             ) [ 0000000]
shl_ln                (bitconcatenate   ) [ 0000000]
zext_ln74_1           (zext             ) [ 0000000]
sub_ln74_2            (sub              ) [ 0100100]
zext_ln68             (zext             ) [ 0000000]
zext_ln73_5           (zext             ) [ 0000000]
add_ln74_1            (add              ) [ 0100100]
tmp                   (sub              ) [ 0000000]
tmp_2                 (bitconcatenate   ) [ 0000000]
sext_ln75             (sext             ) [ 0000000]
add_ln75              (add              ) [ 0100100]
store_ln49            (store            ) [ 0000000]
store_ln32            (store            ) [ 0000000]
store_ln32            (store            ) [ 0000000]
store_ln73            (store            ) [ 0000000]
store_ln73            (store            ) [ 0000000]
store_ln68            (store            ) [ 0000000]
sext_ln74             (sext             ) [ 0000000]
zext_ln73_4           (zext             ) [ 0000000]
add_ln74              (add              ) [ 0000000]
zext_ln74_2           (zext             ) [ 0000000]
gx                    (add              ) [ 0000000]
empty                 (trunc            ) [ 0000000]
gy_3                  (sub              ) [ 0000000]
gy                    (add              ) [ 0000000]
sext_ln67             (sext             ) [ 0000000]
tmp_5                 (bitselect        ) [ 0000000]
sub_ln79              (sub              ) [ 0000000]
abs_gx                (select           ) [ 0000000]
zext_ln79             (zext             ) [ 0000000]
tmp_6                 (bitselect        ) [ 0000000]
sub_ln80              (sub              ) [ 0000000]
abs_gy                (select           ) [ 0000000]
sext_ln80             (sext             ) [ 0000000]
mag                   (add              ) [ 0000000]
tmp_7                 (partselect       ) [ 0100010]
trunc_ln85            (trunc            ) [ 0100010]
icmp_ln83             (icmp             ) [ 0000000]
select_ln85           (select           ) [ 0100011]
br_ln86               (br               ) [ 0100011]
storemerge            (phi              ) [ 0100001]
store_ln63            (store            ) [ 0000000]
br_ln34               (br               ) [ 0000000]
ret_ln88              (ret              ) [ 0000000]
</LifeTime>

<model>

<comp_list>
<comp id="0" class="1000" name="in_img">
<pin_list>
<pin id="1" dir="1" index="0" bw="1" slack="0"/>
</pin_list>
<bind>
<StgValue><ssdm name="in_img"/><MemPortTyVec>1 3 </MemPortTyVec>
</StgValue>
</bind>
</comp>

<comp id="2" class="1000" name="out_img">
<pin_list>
<pin id="3" dir="1" index="0" bw="1" slack="0"/>
</pin_list>
<bind>
<StgValue><ssdm name="out_img"/><MemPortTyVec>0 3 </MemPortTyVec>
</StgValue>
</bind>
</comp>

<comp id="4" class="1001" name="const_4">
<pin_list>
<pin id="5" dir="1" index="0" bw="1" slack="0"/>
</pin_list>
<bind>
<StgValue><ssdm name=""/></StgValue>
</bind>
</comp>

<comp id="6" class="1001" name="const_6">
<pin_list>
<pin id="7" dir="1" index="0" bw="1" slack="0"/>
</pin_list>
<bind>
<StgValue><ssdm name=""/></StgValue>
</bind>
</comp>

<comp id="8" class="1001" name="const_8">
<pin_list>
<pin id="9" dir="1" index="0" bw="1" slack="0"/>
</pin_list>
<bind>
<StgValue><ssdm name=""/></StgValue>
</bind>
</comp>

<comp id="10" class="1001" name="const_10">
<pin_list>
<pin id="11" dir="1" index="0" bw="1" slack="0"/>
</pin_list>
<bind>
<StgValue><ssdm name=""/></StgValue>
</bind>
</comp>

<comp id="12" class="1001" name="const_12">
<pin_list>
<pin id="13" dir="1" index="0" bw="1" slack="0"/>
</pin_list>
<bind>
<StgValue><ssdm name=""/></StgValue>
</bind>
</comp>

<comp id="14" class="1001" name="const_14">
<pin_list>
<pin id="15" dir="1" index="0" bw="1" slack="0"/>
</pin_list>
<bind>
<StgValue><ssdm name=""/></StgValue>
</bind>
</comp>

<comp id="16" class="1001" name="const_16">
<pin_list>
<pin id="17" dir="1" index="0" bw="1" slack="0"/>
</pin_list>
<bind>
<StgValue><ssdm name=""/></StgValue>
</bind>
</comp>

<comp id="18" class="1001" name="const_18">
<pin_list>
<pin id="19" dir="1" index="0" bw="1" slack="0"/>
</pin_list>
<bind>
<StgValue><ssdm name=""/></StgValue>
</bind>
</comp>

<comp id="20" class="1001" name="const_20">
<pin_list>
<pin id="21" dir="1" index="0" bw="1" slack="0"/>
</pin_list>
<bind>
<StgValue><ssdm name="_ssdm_op_BitConcatenate.i18.i9.i9"/></StgValue>
</bind>
</comp>

<comp id="22" class="1001" name="const_22">
<pin_list>
<pin id="23" dir="1" index="0" bw="1" slack="0"/>
</pin_list>
<bind>
<StgValue><ssdm name=""/></StgValue>
</bind>
</comp>

<comp id="24" class="1001" name="const_24">
<pin_list>
<pin id="25" dir="1" index="0" bw="1" slack="0"/>
</pin_list>
<bind>
<StgValue><ssdm name="_ssdm_op_PartSelect.i9.i10.i32.i32"/></StgValue>
</bind>
</comp>

<comp id="26" class="1001" name="const_26">
<pin_list>
<pin id="27" dir="1" index="0" bw="1" slack="0"/>
</pin_list>
<bind>
<StgValue><ssdm name=""/></StgValue>
</bind>
</comp>

<comp id="28" class="1001" name="const_28">
<pin_list>
<pin id="29" dir="1" index="0" bw="1" slack="0"/>
</pin_list>
<bind>
<StgValue><ssdm name=""/></StgValue>
</bind>
</comp>

<comp id="30" class="1001" name="const_30">
<pin_list>
<pin id="31" dir="1" index="0" bw="1" slack="0"/>
</pin_list>
<bind>
<StgValue><ssdm name=""/></StgValue>
</bind>
</comp>

<comp id="32" class="1001" name="const_32">
<pin_list>
<pin id="33" dir="1" index="0" bw="1" slack="2147483647"/>
</pin_list>
<bind>
<StgValue><ssdm name="_ssdm_op_SpecLoopName"/></StgValue>
</bind>
</comp>

<comp id="34" class="1001" name="const_34">
<pin_list>
<pin id="35" dir="1" index="0" bw="1" slack="2147483647"/>
</pin_list>
<bind>
<StgValue><ssdm name="RowLoop_ColLoop_str"/></StgValue>
</bind>
</comp>

<comp id="36" class="1001" name="const_36">
<pin_list>
<pin id="37" dir="1" index="0" bw="1" slack="2147483647"/>
</pin_list>
<bind>
<StgValue><ssdm name="_ssdm_op_SpecLoopTripCount"/></StgValue>
</bind>
</comp>

<comp id="38" class="1001" name="const_38">
<pin_list>
<pin id="39" dir="1" index="0" bw="1" slack="2147483647"/>
</pin_list>
<bind>
<StgValue><ssdm name=""/></StgValue>
</bind>
</comp>

<comp id="40" class="1001" name="const_40">
<pin_list>
<pin id="41" dir="1" index="0" bw="1" slack="2147483647"/>
</pin_list>
<bind>
<StgValue><ssdm name="_ssdm_op_SpecPipeline"/></StgValue>
</bind>
</comp>

<comp id="42" class="1001" name="const_42">
<pin_list>
<pin id="43" dir="1" index="0" bw="1" slack="2147483647"/>
</pin_list>
<bind>
<StgValue><ssdm name=""/></StgValue>
</bind>
</comp>

<comp id="44" class="1001" name="const_44">
<pin_list>
<pin id="45" dir="1" index="0" bw="1" slack="2147483647"/>
</pin_list>
<bind>
<StgValue><ssdm name="empty_1"/></StgValue>
</bind>
</comp>

<comp id="46" class="1001" name="const_46">
<pin_list>
<pin id="47" dir="1" index="0" bw="1" slack="0"/>
</pin_list>
<bind>
<StgValue><ssdm name="_ssdm_op_BitConcatenate.i9.i8.i1"/></StgValue>
</bind>
</comp>

<comp id="48" class="1001" name="const_48">
<pin_list>
<pin id="49" dir="1" index="0" bw="1" slack="0"/>
</pin_list>
<bind>
<StgValue><ssdm name=""/></StgValue>
</bind>
</comp>

<comp id="50" class="1001" name="const_50">
<pin_list>
<pin id="51" dir="1" index="0" bw="1" slack="0"/>
</pin_list>
<bind>
<StgValue><ssdm name="_ssdm_op_BitConcatenate.i10.i9.i1"/></StgValue>
</bind>
</comp>

<comp id="52" class="1001" name="const_52">
<pin_list>
<pin id="53" dir="1" index="0" bw="1" slack="0"/>
</pin_list>
<bind>
<StgValue><ssdm name="_ssdm_op_BitSelect.i1.i11.i32"/></StgValue>
</bind>
</comp>

<comp id="54" class="1001" name="const_54">
<pin_list>
<pin id="55" dir="1" index="0" bw="1" slack="0"/>
</pin_list>
<bind>
<StgValue><ssdm name=""/></StgValue>
</bind>
</comp>

<comp id="56" class="1001" name="const_56">
<pin_list>
<pin id="57" dir="1" index="0" bw="1" slack="0"/>
</pin_list>
<bind>
<StgValue><ssdm name="_ssdm_op_BitSelect.i1.i32.i32"/></StgValue>
</bind>
</comp>

<comp id="58" class="1001" name="const_58">
<pin_list>
<pin id="59" dir="1" index="0" bw="1" slack="0"/>
</pin_list>
<bind>
<StgValue><ssdm name=""/></StgValue>
</bind>
</comp>

<comp id="60" class="1001" name="const_60">
<pin_list>
<pin id="61" dir="1" index="0" bw="1" slack="0"/>
</pin_list>
<bind>
<StgValue><ssdm name=""/></StgValue>
</bind>
</comp>

<comp id="62" class="1001" name="const_62">
<pin_list>
<pin id="63" dir="1" index="0" bw="1" slack="0"/>
</pin_list>
<bind>
<StgValue><ssdm name="_ssdm_op_PartSelect.i4.i12.i32.i32"/></StgValue>
</bind>
</comp>

<comp id="64" class="1001" name="const_64">
<pin_list>
<pin id="65" dir="1" index="0" bw="1" slack="0"/>
</pin_list>
<bind>
<StgValue><ssdm name=""/></StgValue>
</bind>
</comp>

<comp id="66" class="1001" name="const_66">
<pin_list>
<pin id="67" dir="1" index="0" bw="1" slack="0"/>
</pin_list>
<bind>
<StgValue><ssdm name=""/></StgValue>
</bind>
</comp>

<comp id="68" class="1001" name="const_68">
<pin_list>
<pin id="69" dir="1" index="0" bw="1" slack="0"/>
</pin_list>
<bind>
<StgValue><ssdm name=""/></StgValue>
</bind>
</comp>

<comp id="70" class="1001" name="const_70">
<pin_list>
<pin id="71" dir="1" index="0" bw="1" slack="0"/>
</pin_list>
<bind>
<StgValue><ssdm name=""/></StgValue>
</bind>
</comp>

<comp id="72" class="1004" name="gy_1_fu_72">
<pin_list>
<pin id="73" dir="0" index="0" bw="1" slack="0"/>
<pin id="74" dir="1" index="1" bw="8" slack="2"/>
</pin_list>
<bind>
<opcode="alloca(26) " fcode="alloca"/>
<opset="gy_1/1 "/>
</bind>
</comp>

<comp id="76" class="1004" name="pix_1_fu_76">
<pin_list>
<pin id="77" dir="0" index="0" bw="1" slack="0"/>
<pin id="78" dir="1" index="1" bw="8" slack="2"/>
</pin_list>
<bind>
<opcode="alloca(26) " fcode="alloca"/>
<opset="pix_1/1 "/>
</bind>
</comp>

<comp id="80" class="1004" name="pix_3_fu_80">
<pin_list>
<pin id="81" dir="0" index="0" bw="1" slack="0"/>
<pin id="82" dir="1" index="1" bw="8" slack="2"/>
</pin_list>
<bind>
<opcode="alloca(26) " fcode="alloca"/>
<opset="pix_3/1 "/>
</bind>
</comp>

<comp id="84" class="1004" name="c_fu_84">
<pin_list>
<pin id="85" dir="0" index="0" bw="1" slack="0"/>
<pin id="86" dir="1" index="1" bw="10" slack="0"/>
</pin_list>
<bind>
<opcode="alloca(26) " fcode="alloca"/>
<opset="c/1 "/>
</bind>
</comp>

<comp id="88" class="1004" name="r_fu_88">
<pin_list>
<pin id="89" dir="0" index="0" bw="1" slack="0"/>
<pin id="90" dir="1" index="1" bw="10" slack="0"/>
</pin_list>
<bind>
<opcode="alloca(26) " fcode="alloca"/>
<opset="r/1 "/>
</bind>
</comp>

<comp id="92" class="1004" name="indvar_flatten_fu_92">
<pin_list>
<pin id="93" dir="0" index="0" bw="1" slack="0"/>
<pin id="94" dir="1" index="1" bw="19" slack="0"/>
</pin_list>
<bind>
<opcode="alloca(26) " fcode="alloca"/>
<opset="indvar_flatten/1 "/>
</bind>
</comp>

<comp id="96" class="1004" name="p_0_0_04426_fu_96">
<pin_list>
<pin id="97" dir="0" index="0" bw="1" slack="0"/>
<pin id="98" dir="1" index="1" bw="8" slack="2"/>
</pin_list>
<bind>
<opcode="alloca(26) " fcode="alloca"/>
<opset="p_0_0_04426/1 "/>
</bind>
</comp>

<comp id="100" class="1004" name="p_0_0_04328_fu_100">
<pin_list>
<pin id="101" dir="0" index="0" bw="1" slack="0"/>
<pin id="102" dir="1" index="1" bw="8" slack="2"/>
</pin_list>
<bind>
<opcode="alloca(26) " fcode="alloca"/>
<opset="p_0_0_04328/1 "/>
</bind>
</comp>

<comp id="104" class="1004" name="p_0_0_05130_fu_104">
<pin_list>
<pin id="105" dir="0" index="0" bw="1" slack="0"/>
<pin id="106" dir="1" index="1" bw="8" slack="2"/>
</pin_list>
<bind>
<opcode="alloca(26) " fcode="alloca"/>
<opset="p_0_0_05130/1 "/>
</bind>
</comp>

<comp id="108" class="1004" name="linebuf_alloca_fu_108">
<pin_list>
<pin id="109" dir="0" index="0" bw="1" slack="0"/>
<pin id="110" dir="1" index="1" bw="8" slack="0"/>
</pin_list>
<bind>
<opcode="alloca(26) " fcode="alloca"/>
<opset="linebuf/1 "/>
</bind>
</comp>

<comp id="112" class="1004" name="linebuf_1_alloca_fu_112">
<pin_list>
<pin id="113" dir="0" index="0" bw="1" slack="0"/>
<pin id="114" dir="1" index="1" bw="8" slack="0"/>
</pin_list>
<bind>
<opcode="alloca(26) " fcode="alloca"/>
<opset="linebuf_1/1 "/>
</bind>
</comp>

<comp id="116" class="1004" name="linebuf_addr_gep_fu_116">
<pin_list>
<pin id="117" dir="0" index="0" bw="8" slack="0"/>
<pin id="118" dir="0" index="1" bw="1" slack="0"/>
<pin id="119" dir="0" index="2" bw="10" slack="0"/>
<pin id="120" dir="1" index="3" bw="9" slack="1"/>
</pin_list>
<bind>
<opcode="getelementptr(29) " fcode="getelementptr"/>
<opset="linebuf_addr/1 "/>
</bind>
</comp>

<comp id="123" class="1004" name="linebuf_1_addr_gep_fu_123">
<pin_list>
<pin id="124" dir="0" index="0" bw="8" slack="0"/>
<pin id="125" dir="0" index="1" bw="1" slack="0"/>
<pin id="126" dir="0" index="2" bw="10" slack="0"/>
<pin id="127" dir="1" index="3" bw="9" slack="0"/>
</pin_list>
<bind>
<opcode="getelementptr(29) " fcode="getelementptr"/>
<opset="linebuf_1_addr/1 "/>
</bind>
</comp>

<comp id="130" class="1004" name="grp_access_fu_130">
<pin_list>
<pin id="131" dir="0" index="0" bw="9" slack="2"/>
<pin id="132" dir="0" index="1" bw="8" slack="0"/>
<pin id="133" dir="0" index="2" bw="0" slack="0"/>
<pin id="135" dir="0" index="4" bw="9" slack="2147483647"/>
<pin id="136" dir="0" index="5" bw="8" slack="2147483647"/>
<pin id="137" dir="0" index="6" bw="0" slack="2147483647"/>
<pin id="134" dir="1" index="3" bw="8" slack="2147483647"/>
<pin id="138" dir="1" index="7" bw="8" slack="0"/>
</pin_list>
<bind>
<opcode="load(27) store(28) " fcode="store"/>
<opset="linebuf_1_load/1 store_ln49/3 "/>
</bind>
</comp>

<comp id="140" class="1004" name="in_img_addr_gep_fu_140">
<pin_list>
<pin id="141" dir="0" index="0" bw="8" slack="0"/>
<pin id="142" dir="0" index="1" bw="1" slack="0"/>
<pin id="143" dir="0" index="2" bw="18" slack="0"/>
<pin id="144" dir="1" index="3" bw="18" slack="0"/>
</pin_list>
<bind>
<opcode="getelementptr(29) " fcode="getelementptr"/>
<opset="in_img_addr/2 "/>
</bind>
</comp>

<comp id="147" class="1004" name="out_img_addr_gep_fu_147">
<pin_list>
<pin id="148" dir="0" index="0" bw="8" slack="0"/>
<pin id="149" dir="0" index="1" bw="1" slack="0"/>
<pin id="150" dir="0" index="2" bw="18" slack="0"/>
<pin id="151" dir="1" index="3" bw="18" slack="4"/>
</pin_list>
<bind>
<opcode="getelementptr(29) " fcode="getelementptr"/>
<opset="out_img_addr/2 "/>
</bind>
</comp>

<comp id="154" class="1004" name="grp_access_fu_154">
<pin_list>
<pin id="155" dir="0" index="0" bw="9" slack="2"/>
<pin id="156" dir="0" index="1" bw="8" slack="1"/>
<pin id="157" dir="0" index="2" bw="0" slack="1"/>
<pin id="159" dir="0" index="4" bw="9" slack="2147483647"/>
<pin id="160" dir="0" index="5" bw="8" slack="2147483647"/>
<pin id="161" dir="0" index="6" bw="0" slack="2147483647"/>
<pin id="158" dir="1" index="3" bw="8" slack="2147483647"/>
<pin id="162" dir="1" index="7" bw="8" slack="0"/>
</pin_list>
<bind>
<opcode="load(27) store(28) " fcode="store"/>
<opset="linebuf_load/2 store_ln44/3 "/>
</bind>
</comp>

<comp id="163" class="1004" name="grp_access_fu_163">
<pin_list>
<pin id="164" dir="0" index="0" bw="18" slack="0"/>
<pin id="165" dir="0" index="1" bw="8" slack="2147483647"/>
<pin id="166" dir="0" index="2" bw="0" slack="2147483647"/>
<pin id="167" dir="1" index="3" bw="8" slack="0"/>
</pin_list>
<bind>
<opcode="load(27) " fcode="load"/>
<opset="pix_4/2 "/>
</bind>
</comp>

<comp id="170" class="1004" name="store_ln63_access_fu_170">
<pin_list>
<pin id="171" dir="0" index="0" bw="18" slack="4"/>
<pin id="172" dir="0" index="1" bw="8" slack="0"/>
<pin id="173" dir="0" index="2" bw="0" slack="2147483647"/>
<pin id="174" dir="1" index="3" bw="8" slack="2147483647"/>
</pin_list>
<bind>
<opcode="store(28) " fcode="store"/>
<opset="store_ln63/6 "/>
</bind>
</comp>

<comp id="175" class="1005" name="storemerge_reg_175">
<pin_list>
<pin id="176" dir="0" index="0" bw="8" slack="5"/>
<pin id="177" dir="1" index="1" bw="8" slack="5"/>
</pin_list>
<bind>
<opset="storemerge (phireg) "/>
</bind>
</comp>

<comp id="179" class="1004" name="storemerge_phi_fu_179">
<pin_list>
<pin id="180" dir="0" index="0" bw="8" slack="1"/>
<pin id="181" dir="0" index="1" bw="0" slack="2147483647"/>
<pin id="182" dir="0" index="2" bw="1" slack="5"/>
<pin id="183" dir="0" index="3" bw="0" slack="2147483647"/>
<pin id="184" dir="1" index="4" bw="8" slack="0"/>
</pin_list>
<bind>
<opcode="phi(47) " fcode="phi"/>
<opset="storemerge/6 "/>
</bind>
</comp>

<comp id="187" class="1004" name="store_ln0_store_fu_187">
<pin_list>
<pin id="188" dir="0" index="0" bw="1" slack="0"/>
<pin id="189" dir="0" index="1" bw="19" slack="0"/>
<pin id="190" dir="1" index="2" bw="0" slack="2147483647"/>
</pin_list>
<bind>
<opcode="store(28) " fcode="store"/>
<opset="store_ln0/1 "/>
</bind>
</comp>

<comp id="192" class="1004" name="store_ln32_store_fu_192">
<pin_list>
<pin id="193" dir="0" index="0" bw="1" slack="0"/>
<pin id="194" dir="0" index="1" bw="10" slack="0"/>
<pin id="195" dir="1" index="2" bw="0" slack="2147483647"/>
</pin_list>
<bind>
<opcode="store(28) " fcode="store"/>
<opset="store_ln32/1 "/>
</bind>
</comp>

<comp id="197" class="1004" name="store_ln34_store_fu_197">
<pin_list>
<pin id="198" dir="0" index="0" bw="1" slack="0"/>
<pin id="199" dir="0" index="1" bw="10" slack="0"/>
<pin id="200" dir="1" index="2" bw="0" slack="2147483647"/>
</pin_list>
<bind>
<opcode="store(28) " fcode="store"/>
<opset="store_ln34/1 "/>
</bind>
</comp>

<comp id="202" class="1004" name="indvar_flatten_load_load_fu_202">
<pin_list>
<pin id="203" dir="0" index="0" bw="19" slack="0"/>
<pin id="204" dir="1" index="1" bw="19" slack="0"/>
</pin_list>
<bind>
<opcode="load(27) " fcode="load"/>
<opset="indvar_flatten_load/1 "/>
</bind>
</comp>

<comp id="205" class="1004" name="icmp_ln32_fu_205">
<pin_list>
<pin id="206" dir="0" index="0" bw="19" slack="0"/>
<pin id="207" dir="0" index="1" bw="19" slack="0"/>
<pin id="208" dir="1" index="2" bw="1" slack="1"/>
</pin_list>
<bind>
<opcode="icmp(45) " fcode="icmp"/>
<opset="icmp_ln32/1 "/>
</bind>
</comp>

<comp id="211" class="1004" name="add_ln32_1_fu_211">
<pin_list>
<pin id="212" dir="0" index="0" bw="19" slack="0"/>
<pin id="213" dir="0" index="1" bw="1" slack="0"/>
<pin id="214" dir="1" index="2" bw="19" slack="0"/>
</pin_list>
<bind>
<opcode="add(8) " fcode="add"/>
<opset="add_ln32_1/1 "/>
</bind>
</comp>

<comp id="217" class="1004" name="c_load_load_fu_217">
<pin_list>
<pin id="218" dir="0" index="0" bw="10" slack="0"/>
<pin id="219" dir="1" index="1" bw="10" slack="0"/>
</pin_list>
<bind>
<opcode="load(27) " fcode="load"/>
<opset="c_load/1 "/>
</bind>
</comp>

<comp id="220" class="1004" name="r_load_load_fu_220">
<pin_list>
<pin id="221" dir="0" index="0" bw="10" slack="0"/>
<pin id="222" dir="1" index="1" bw="10" slack="0"/>
</pin_list>
<bind>
<opcode="load(27) " fcode="load"/>
<opset="r_load/1 "/>
</bind>
</comp>

<comp id="223" class="1004" name="add_ln32_fu_223">
<pin_list>
<pin id="224" dir="0" index="0" bw="10" slack="0"/>
<pin id="225" dir="0" index="1" bw="1" slack="0"/>
<pin id="226" dir="1" index="2" bw="10" slack="0"/>
</pin_list>
<bind>
<opcode="add(8) " fcode="add"/>
<opset="add_ln32/1 "/>
</bind>
</comp>

<comp id="229" class="1004" name="icmp_ln34_fu_229">
<pin_list>
<pin id="230" dir="0" index="0" bw="10" slack="0"/>
<pin id="231" dir="0" index="1" bw="10" slack="0"/>
<pin id="232" dir="1" index="2" bw="1" slack="0"/>
</pin_list>
<bind>
<opcode="icmp(45) " fcode="icmp"/>
<opset="icmp_ln34/1 "/>
</bind>
</comp>

<comp id="235" class="1004" name="select_ln32_fu_235">
<pin_list>
<pin id="236" dir="0" index="0" bw="1" slack="0"/>
<pin id="237" dir="0" index="1" bw="10" slack="0"/>
<pin id="238" dir="0" index="2" bw="10" slack="0"/>
<pin id="239" dir="1" index="3" bw="10" slack="0"/>
</pin_list>
<bind>
<opcode="select(49) " fcode="select"/>
<opset="select_ln32/1 "/>
</bind>
</comp>

<comp id="243" class="1004" name="select_ln32_1_fu_243">
<pin_list>
<pin id="244" dir="0" index="0" bw="1" slack="0"/>
<pin id="245" dir="0" index="1" bw="10" slack="0"/>
<pin id="246" dir="0" index="2" bw="10" slack="0"/>
<pin id="247" dir="1" index="3" bw="10" slack="0"/>
</pin_list>
<bind>
<opcode="select(49) " fcode="select"/>
<opset="select_ln32_1/1 "/>
</bind>
</comp>

<comp id="251" class="1004" name="trunc_ln49_fu_251">
<pin_list>
<pin id="252" dir="0" index="0" bw="10" slack="0"/>
<pin id="253" dir="1" index="1" bw="9" slack="0"/>
</pin_list>
<bind>
<opcode="trunc(33) " fcode="trunc"/>
<opset="trunc_ln49/1 "/>
</bind>
</comp>

<comp id="255" class="1004" name="tmp_1_fu_255">
<pin_list>
<pin id="256" dir="0" index="0" bw="18" slack="0"/>
<pin id="257" dir="0" index="1" bw="9" slack="0"/>
<pin id="258" dir="0" index="2" bw="1" slack="0"/>
<pin id="259" dir="1" index="3" bw="18" slack="0"/>
</pin_list>
<bind>
<opcode="bitconcatenate(1004) " fcode="bitconcatenate"/>
<opset="tmp_1/1 "/>
</bind>
</comp>

<comp id="263" class="1004" name="cmp5_fu_263">
<pin_list>
<pin id="264" dir="0" index="0" bw="10" slack="0"/>
<pin id="265" dir="0" index="1" bw="10" slack="0"/>
<pin id="266" dir="1" index="2" bw="1" slack="1"/>
</pin_list>
<bind>
<opcode="icmp(45) " fcode="icmp"/>
<opset="cmp5/1 "/>
</bind>
</comp>

<comp id="269" class="1004" name="tmp_3_fu_269">
<pin_list>
<pin id="270" dir="0" index="0" bw="9" slack="0"/>
<pin id="271" dir="0" index="1" bw="10" slack="0"/>
<pin id="272" dir="0" index="2" bw="1" slack="0"/>
<pin id="273" dir="0" index="3" bw="5" slack="0"/>
<pin id="274" dir="1" index="4" bw="9" slack="0"/>
</pin_list>
<bind>
<opcode="partselect(1002) " fcode="partselect"/>
<opset="tmp_3/1 "/>
</bind>
</comp>

<comp id="279" class="1004" name="icmp28_fu_279">
<pin_list>
<pin id="280" dir="0" index="0" bw="9" slack="0"/>
<pin id="281" dir="0" index="1" bw="9" slack="0"/>
<pin id="282" dir="1" index="2" bw="1" slack="0"/>
</pin_list>
<bind>
<opcode="icmp(45) " fcode="icmp"/>
<opset="icmp28/1 "/>
</bind>
</comp>

<comp id="285" class="1004" name="zext_ln34_fu_285">
<pin_list>
<pin id="286" dir="0" index="0" bw="10" slack="0"/>
<pin id="287" dir="1" index="1" bw="64" slack="0"/>
</pin_list>
<bind>
<opcode="zext(34) " fcode="zext"/>
<opset="zext_ln34/1 "/>
</bind>
</comp>

<comp id="291" class="1004" name="zext_ln49_fu_291">
<pin_list>
<pin id="292" dir="0" index="0" bw="10" slack="0"/>
<pin id="293" dir="1" index="1" bw="18" slack="0"/>
</pin_list>
<bind>
<opcode="zext(34) " fcode="zext"/>
<opset="zext_ln49/1 "/>
</bind>
</comp>

<comp id="295" class="1004" name="add_ln49_fu_295">
<pin_list>
<pin id="296" dir="0" index="0" bw="18" slack="0"/>
<pin id="297" dir="0" index="1" bw="10" slack="0"/>
<pin id="298" dir="1" index="2" bw="18" slack="1"/>
</pin_list>
<bind>
<opcode="add(8) " fcode="add"/>
<opset="add_ln49/1 "/>
</bind>
</comp>

<comp id="301" class="1004" name="tmp_4_fu_301">
<pin_list>
<pin id="302" dir="0" index="0" bw="9" slack="0"/>
<pin id="303" dir="0" index="1" bw="10" slack="0"/>
<pin id="304" dir="0" index="2" bw="1" slack="0"/>
<pin id="305" dir="0" index="3" bw="5" slack="0"/>
<pin id="306" dir="1" index="4" bw="9" slack="0"/>
</pin_list>
<bind>
<opcode="partselect(1002) " fcode="partselect"/>
<opset="tmp_4/1 "/>
</bind>
</comp>

<comp id="311" class="1004" name="icmp_ln62_fu_311">
<pin_list>
<pin id="312" dir="0" index="0" bw="9" slack="0"/>
<pin id="313" dir="0" index="1" bw="9" slack="0"/>
<pin id="314" dir="1" index="2" bw="1" slack="0"/>
</pin_list>
<bind>
<opcode="icmp(45) " fcode="icmp"/>
<opset="icmp_ln62/1 "/>
</bind>
</comp>

<comp id="317" class="1004" name="or_ln62_fu_317">
<pin_list>
<pin id="318" dir="0" index="0" bw="1" slack="0"/>
<pin id="319" dir="0" index="1" bw="1" slack="0"/>
<pin id="320" dir="1" index="2" bw="1" slack="1"/>
</pin_list>
<bind>
<opcode="or(24) " fcode="or"/>
<opset="or_ln62/1 "/>
</bind>
</comp>

<comp id="323" class="1004" name="add_ln34_fu_323">
<pin_list>
<pin id="324" dir="0" index="0" bw="10" slack="0"/>
<pin id="325" dir="0" index="1" bw="1" slack="0"/>
<pin id="326" dir="1" index="2" bw="10" slack="0"/>
</pin_list>
<bind>
<opcode="add(8) " fcode="add"/>
<opset="add_ln34/1 "/>
</bind>
</comp>

<comp id="329" class="1004" name="store_ln32_store_fu_329">
<pin_list>
<pin id="330" dir="0" index="0" bw="19" slack="0"/>
<pin id="331" dir="0" index="1" bw="19" slack="0"/>
<pin id="332" dir="1" index="2" bw="0" slack="2147483647"/>
</pin_list>
<bind>
<opcode="store(28) " fcode="store"/>
<opset="store_ln32/1 "/>
</bind>
</comp>

<comp id="334" class="1004" name="store_ln32_store_fu_334">
<pin_list>
<pin id="335" dir="0" index="0" bw="10" slack="0"/>
<pin id="336" dir="0" index="1" bw="10" slack="0"/>
<pin id="337" dir="1" index="2" bw="0" slack="2147483647"/>
</pin_list>
<bind>
<opcode="store(28) " fcode="store"/>
<opset="store_ln32/1 "/>
</bind>
</comp>

<comp id="339" class="1004" name="store_ln34_store_fu_339">
<pin_list>
<pin id="340" dir="0" index="0" bw="10" slack="0"/>
<pin id="341" dir="0" index="1" bw="10" slack="0"/>
<pin id="342" dir="1" index="2" bw="0" slack="2147483647"/>
</pin_list>
<bind>
<opcode="store(28) " fcode="store"/>
<opset="store_ln34/1 "/>
</bind>
</comp>

<comp id="344" class="1004" name="zext_ln49_1_fu_344">
<pin_list>
<pin id="345" dir="0" index="0" bw="18" slack="1"/>
<pin id="346" dir="1" index="1" bw="64" slack="0"/>
</pin_list>
<bind>
<opcode="zext(34) " fcode="zext"/>
<opset="zext_ln49_1/2 "/>
</bind>
</comp>

<comp id="349" class="1004" name="pix_2_fu_349">
<pin_list>
<pin id="350" dir="0" index="0" bw="1" slack="1"/>
<pin id="351" dir="0" index="1" bw="8" slack="0"/>
<pin id="352" dir="0" index="2" bw="8" slack="0"/>
<pin id="353" dir="1" index="3" bw="8" slack="1"/>
</pin_list>
<bind>
<opcode="select(49) " fcode="select"/>
<opset="pix_2/2 "/>
</bind>
</comp>

<comp id="356" class="1004" name="p_0_0_04426_load_load_fu_356">
<pin_list>
<pin id="357" dir="0" index="0" bw="8" slack="2"/>
<pin id="358" dir="1" index="1" bw="8" slack="0"/>
</pin_list>
<bind>
<opcode="load(27) " fcode="load"/>
<opset="p_0_0_04426_load/3 "/>
</bind>
</comp>

<comp id="359" class="1004" name="p_0_0_04328_load_load_fu_359">
<pin_list>
<pin id="360" dir="0" index="0" bw="8" slack="2"/>
<pin id="361" dir="1" index="1" bw="8" slack="0"/>
</pin_list>
<bind>
<opcode="load(27) " fcode="load"/>
<opset="p_0_0_04328_load/3 "/>
</bind>
</comp>

<comp id="362" class="1004" name="p_0_0_05130_load_load_fu_362">
<pin_list>
<pin id="363" dir="0" index="0" bw="8" slack="2"/>
<pin id="364" dir="1" index="1" bw="8" slack="0"/>
</pin_list>
<bind>
<opcode="load(27) " fcode="load"/>
<opset="p_0_0_05130_load/3 "/>
</bind>
</comp>

<comp id="365" class="1004" name="pix_fu_365">
<pin_list>
<pin id="366" dir="0" index="0" bw="1" slack="2"/>
<pin id="367" dir="0" index="1" bw="8" slack="0"/>
<pin id="368" dir="0" index="2" bw="8" slack="0"/>
<pin id="369" dir="1" index="3" bw="8" slack="0"/>
</pin_list>
<bind>
<opcode="select(49) " fcode="select"/>
<opset="pix/3 "/>
</bind>
</comp>

<comp id="372" class="1004" name="gy_1_load_load_fu_372">
<pin_list>
<pin id="373" dir="0" index="0" bw="8" slack="2"/>
<pin id="374" dir="1" index="1" bw="8" slack="0"/>
</pin_list>
<bind>
<opcode="load(27) " fcode="load"/>
<opset="gy_1_load/3 "/>
</bind>
</comp>

<comp id="375" class="1004" name="pix_1_load_load_fu_375">
<pin_list>
<pin id="376" dir="0" index="0" bw="8" slack="2"/>
<pin id="377" dir="1" index="1" bw="8" slack="0"/>
</pin_list>
<bind>
<opcode="load(27) " fcode="load"/>
<opset="pix_1_load/3 "/>
</bind>
</comp>

<comp id="378" class="1004" name="pix_3_load_load_fu_378">
<pin_list>
<pin id="379" dir="0" index="0" bw="8" slack="2"/>
<pin id="380" dir="1" index="1" bw="8" slack="0"/>
</pin_list>
<bind>
<opcode="load(27) " fcode="load"/>
<opset="pix_3_load/3 "/>
</bind>
</comp>

<comp id="381" class="1004" name="zext_ln73_fu_381">
<pin_list>
<pin id="382" dir="0" index="0" bw="8" slack="0"/>
<pin id="383" dir="1" index="1" bw="11" slack="0"/>
</pin_list>
<bind>
<opcode="zext(34) " fcode="zext"/>
<opset="zext_ln73/3 "/>
</bind>
</comp>

<comp id="385" class="1004" name="zext_ln73_1_fu_385">
<pin_list>
<pin id="386" dir="0" index="0" bw="8" slack="0"/>
<pin id="387" dir="1" index="1" bw="9" slack="0"/>
</pin_list>
<bind>
<opcode="zext(34) " fcode="zext"/>
<opset="zext_ln73_1/3 "/>
</bind>
</comp>

<comp id="389" class="1004" name="zext_ln73_2_fu_389">
<pin_list>
<pin id="390" dir="0" index="0" bw="8" slack="0"/>
<pin id="391" dir="1" index="1" bw="9" slack="0"/>
</pin_list>
<bind>
<opcode="zext(34) " fcode="zext"/>
<opset="zext_ln73_2/3 "/>
</bind>
</comp>

<comp id="393" class="1004" name="zext_ln73_3_fu_393">
<pin_list>
<pin id="394" dir="0" index="0" bw="8" slack="0"/>
<pin id="395" dir="1" index="1" bw="9" slack="0"/>
</pin_list>
<bind>
<opcode="zext(34) " fcode="zext"/>
<opset="zext_ln73_3/3 "/>
</bind>
</comp>

<comp id="397" class="1004" name="sub_ln74_fu_397">
<pin_list>
<pin id="398" dir="0" index="0" bw="8" slack="0"/>
<pin id="399" dir="0" index="1" bw="8" slack="0"/>
<pin id="400" dir="1" index="2" bw="9" slack="1"/>
</pin_list>
<bind>
<opcode="sub(10) " fcode="sub"/>
<opset="sub_ln74/3 "/>
</bind>
</comp>

<comp id="403" class="1004" name="shl_ln74_1_fu_403">
<pin_list>
<pin id="404" dir="0" index="0" bw="9" slack="0"/>
<pin id="405" dir="0" index="1" bw="8" slack="0"/>
<pin id="406" dir="0" index="2" bw="1" slack="0"/>
<pin id="407" dir="1" index="3" bw="9" slack="0"/>
</pin_list>
<bind>
<opcode="bitconcatenate(1004) " fcode="bitconcatenate"/>
<opset="shl_ln74_1/3 "/>
</bind>
</comp>

<comp id="411" class="1004" name="zext_ln74_fu_411">
<pin_list>
<pin id="412" dir="0" index="0" bw="9" slack="0"/>
<pin id="413" dir="1" index="1" bw="10" slack="0"/>
</pin_list>
<bind>
<opcode="zext(34) " fcode="zext"/>
<opset="zext_ln74/3 "/>
</bind>
</comp>

<comp id="415" class="1004" name="sub_ln74_1_fu_415">
<pin_list>
<pin id="416" dir="0" index="0" bw="1" slack="0"/>
<pin id="417" dir="0" index="1" bw="9" slack="0"/>
<pin id="418" dir="1" index="2" bw="10" slack="0"/>
</pin_list>
<bind>
<opcode="sub(10) " fcode="sub"/>
<opset="sub_ln74_1/3 "/>
</bind>
</comp>

<comp id="421" class="1004" name="sext_ln74_1_fu_421">
<pin_list>
<pin id="422" dir="0" index="0" bw="10" slack="0"/>
<pin id="423" dir="1" index="1" bw="11" slack="0"/>
</pin_list>
<bind>
<opcode="sext(35) " fcode="sext"/>
<opset="sext_ln74_1/3 "/>
</bind>
</comp>

<comp id="425" class="1004" name="shl_ln_fu_425">
<pin_list>
<pin id="426" dir="0" index="0" bw="9" slack="0"/>
<pin id="427" dir="0" index="1" bw="8" slack="1"/>
<pin id="428" dir="0" index="2" bw="1" slack="0"/>
<pin id="429" dir="1" index="3" bw="9" slack="0"/>
</pin_list>
<bind>
<opcode="bitconcatenate(1004) " fcode="bitconcatenate"/>
<opset="shl_ln/3 "/>
</bind>
</comp>

<comp id="432" class="1004" name="zext_ln74_1_fu_432">
<pin_list>
<pin id="433" dir="0" index="0" bw="9" slack="0"/>
<pin id="434" dir="1" index="1" bw="10" slack="0"/>
</pin_list>
<bind>
<opcode="zext(34) " fcode="zext"/>
<opset="zext_ln74_1/3 "/>
</bind>
</comp>

<comp id="436" class="1004" name="sub_ln74_2_fu_436">
<pin_list>
<pin id="437" dir="0" index="0" bw="10" slack="0"/>
<pin id="438" dir="0" index="1" bw="8" slack="0"/>
<pin id="439" dir="1" index="2" bw="11" slack="1"/>
</pin_list>
<bind>
<opcode="sub(10) " fcode="sub"/>
<opset="sub_ln74_2/3 "/>
</bind>
</comp>

<comp id="442" class="1004" name="zext_ln68_fu_442">
<pin_list>
<pin id="443" dir="0" index="0" bw="8" slack="0"/>
<pin id="444" dir="1" index="1" bw="9" slack="0"/>
</pin_list>
<bind>
<opcode="zext(34) " fcode="zext"/>
<opset="zext_ln68/3 "/>
</bind>
</comp>

<comp id="446" class="1004" name="zext_ln73_5_fu_446">
<pin_list>
<pin id="447" dir="0" index="0" bw="8" slack="0"/>
<pin id="448" dir="1" index="1" bw="10" slack="0"/>
</pin_list>
<bind>
<opcode="zext(34) " fcode="zext"/>
<opset="zext_ln73_5/3 "/>
</bind>
</comp>

<comp id="450" class="1004" name="add_ln74_1_fu_450">
<pin_list>
<pin id="451" dir="0" index="0" bw="9" slack="0"/>
<pin id="452" dir="0" index="1" bw="8" slack="0"/>
<pin id="453" dir="1" index="2" bw="10" slack="1"/>
</pin_list>
<bind>
<opcode="add(8) " fcode="add"/>
<opset="add_ln74_1/3 "/>
</bind>
</comp>

<comp id="456" class="1004" name="tmp_fu_456">
<pin_list>
<pin id="457" dir="0" index="0" bw="8" slack="0"/>
<pin id="458" dir="0" index="1" bw="8" slack="0"/>
<pin id="459" dir="1" index="2" bw="9" slack="0"/>
</pin_list>
<bind>
<opcode="sub(10) " fcode="sub"/>
<opset="tmp/3 "/>
</bind>
</comp>

<comp id="462" class="1004" name="tmp_2_fu_462">
<pin_list>
<pin id="463" dir="0" index="0" bw="10" slack="0"/>
<pin id="464" dir="0" index="1" bw="9" slack="0"/>
<pin id="465" dir="0" index="2" bw="1" slack="0"/>
<pin id="466" dir="1" index="3" bw="10" slack="0"/>
</pin_list>
<bind>
<opcode="bitconcatenate(1004) " fcode="bitconcatenate"/>
<opset="tmp_2/3 "/>
</bind>
</comp>

<comp id="470" class="1004" name="sext_ln75_fu_470">
<pin_list>
<pin id="471" dir="0" index="0" bw="10" slack="0"/>
<pin id="472" dir="1" index="1" bw="11" slack="0"/>
</pin_list>
<bind>
<opcode="sext(35) " fcode="sext"/>
<opset="sext_ln75/3 "/>
</bind>
</comp>

<comp id="474" class="1004" name="add_ln75_fu_474">
<pin_list>
<pin id="475" dir="0" index="0" bw="10" slack="0"/>
<pin id="476" dir="0" index="1" bw="8" slack="0"/>
<pin id="477" dir="1" index="2" bw="11" slack="1"/>
</pin_list>
<bind>
<opcode="add(8) " fcode="add"/>
<opset="add_ln75/3 "/>
</bind>
</comp>

<comp id="480" class="1004" name="store_ln49_store_fu_480">
<pin_list>
<pin id="481" dir="0" index="0" bw="8" slack="0"/>
<pin id="482" dir="0" index="1" bw="8" slack="2"/>
<pin id="483" dir="1" index="2" bw="0" slack="2147483647"/>
</pin_list>
<bind>
<opcode="store(28) " fcode="store"/>
<opset="store_ln49/3 "/>
</bind>
</comp>

<comp id="485" class="1004" name="store_ln32_store_fu_485">
<pin_list>
<pin id="486" dir="0" index="0" bw="8" slack="1"/>
<pin id="487" dir="0" index="1" bw="8" slack="2"/>
<pin id="488" dir="1" index="2" bw="0" slack="2147483647"/>
</pin_list>
<bind>
<opcode="store(28) " fcode="store"/>
<opset="store_ln32/3 "/>
</bind>
</comp>

<comp id="489" class="1004" name="store_ln32_store_fu_489">
<pin_list>
<pin id="490" dir="0" index="0" bw="8" slack="0"/>
<pin id="491" dir="0" index="1" bw="8" slack="2"/>
<pin id="492" dir="1" index="2" bw="0" slack="2147483647"/>
</pin_list>
<bind>
<opcode="store(28) " fcode="store"/>
<opset="store_ln32/3 "/>
</bind>
</comp>

<comp id="494" class="1004" name="store_ln73_store_fu_494">
<pin_list>
<pin id="495" dir="0" index="0" bw="8" slack="0"/>
<pin id="496" dir="0" index="1" bw="8" slack="2"/>
<pin id="497" dir="1" index="2" bw="0" slack="2147483647"/>
</pin_list>
<bind>
<opcode="store(28) " fcode="store"/>
<opset="store_ln73/3 "/>
</bind>
</comp>

<comp id="499" class="1004" name="store_ln73_store_fu_499">
<pin_list>
<pin id="500" dir="0" index="0" bw="8" slack="0"/>
<pin id="501" dir="0" index="1" bw="8" slack="2"/>
<pin id="502" dir="1" index="2" bw="0" slack="2147483647"/>
</pin_list>
<bind>
<opcode="store(28) " fcode="store"/>
<opset="store_ln73/3 "/>
</bind>
</comp>

<comp id="504" class="1004" name="store_ln68_store_fu_504">
<pin_list>
<pin id="505" dir="0" index="0" bw="8" slack="0"/>
<pin id="506" dir="0" index="1" bw="8" slack="2"/>
<pin id="507" dir="1" index="2" bw="0" slack="2147483647"/>
</pin_list>
<bind>
<opcode="store(28) " fcode="store"/>
<opset="store_ln68/3 "/>
</bind>
</comp>

<comp id="509" class="1004" name="sext_ln74_fu_509">
<pin_list>
<pin id="510" dir="0" index="0" bw="9" slack="1"/>
<pin id="511" dir="1" index="1" bw="11" slack="0"/>
</pin_list>
<bind>
<opcode="sext(35) " fcode="sext"/>
<opset="sext_ln74/4 "/>
</bind>
</comp>

<comp id="512" class="1004" name="zext_ln73_4_fu_512">
<pin_list>
<pin id="513" dir="0" index="0" bw="8" slack="1"/>
<pin id="514" dir="1" index="1" bw="11" slack="0"/>
</pin_list>
<bind>
<opcode="zext(34) " fcode="zext"/>
<opset="zext_ln73_4/4 "/>
</bind>
</comp>

<comp id="515" class="1004" name="add_ln74_fu_515">
<pin_list>
<pin id="516" dir="0" index="0" bw="11" slack="1"/>
<pin id="517" dir="0" index="1" bw="9" slack="0"/>
<pin id="518" dir="1" index="2" bw="11" slack="0"/>
</pin_list>
<bind>
<opcode="add(8) " fcode="add"/>
<opset="add_ln74/4 "/>
</bind>
</comp>

<comp id="520" class="1004" name="zext_ln74_2_fu_520">
<pin_list>
<pin id="521" dir="0" index="0" bw="10" slack="1"/>
<pin id="522" dir="1" index="1" bw="11" slack="0"/>
</pin_list>
<bind>
<opcode="zext(34) " fcode="zext"/>
<opset="zext_ln74_2/4 "/>
</bind>
</comp>

<comp id="523" class="1004" name="gx_fu_523">
<pin_list>
<pin id="524" dir="0" index="0" bw="10" slack="0"/>
<pin id="525" dir="0" index="1" bw="11" slack="0"/>
<pin id="526" dir="1" index="2" bw="11" slack="0"/>
</pin_list>
<bind>
<opcode="add(8) " fcode="add"/>
<opset="gx/4 "/>
</bind>
</comp>

<comp id="529" class="1004" name="empty_fu_529">
<pin_list>
<pin id="530" dir="0" index="0" bw="11" slack="0"/>
<pin id="531" dir="1" index="1" bw="10" slack="0"/>
</pin_list>
<bind>
<opcode="trunc(33) " fcode="trunc"/>
<opset="empty/4 "/>
</bind>
</comp>

<comp id="533" class="1004" name="gy_3_fu_533">
<pin_list>
<pin id="534" dir="0" index="0" bw="11" slack="1"/>
<pin id="535" dir="0" index="1" bw="8" slack="0"/>
<pin id="536" dir="1" index="2" bw="11" slack="0"/>
</pin_list>
<bind>
<opcode="sub(10) " fcode="sub"/>
<opset="gy_3/4 "/>
</bind>
</comp>

<comp id="538" class="1004" name="gy_fu_538">
<pin_list>
<pin id="539" dir="0" index="0" bw="11" slack="0"/>
<pin id="540" dir="0" index="1" bw="9" slack="0"/>
<pin id="541" dir="1" index="2" bw="11" slack="0"/>
</pin_list>
<bind>
<opcode="add(8) " fcode="add"/>
<opset="gy/4 "/>
</bind>
</comp>

<comp id="544" class="1004" name="sext_ln67_fu_544">
<pin_list>
<pin id="545" dir="0" index="0" bw="11" slack="0"/>
<pin id="546" dir="1" index="1" bw="32" slack="0"/>
</pin_list>
<bind>
<opcode="sext(35) " fcode="sext"/>
<opset="sext_ln67/4 "/>
</bind>
</comp>

<comp id="548" class="1004" name="tmp_5_fu_548">
<pin_list>
<pin id="549" dir="0" index="0" bw="1" slack="0"/>
<pin id="550" dir="0" index="1" bw="11" slack="0"/>
<pin id="551" dir="0" index="2" bw="5" slack="0"/>
<pin id="552" dir="1" index="3" bw="1" slack="0"/>
</pin_list>
<bind>
<opcode="bitselect(1000) " fcode="bitselect"/>
<opset="tmp_5/4 "/>
</bind>
</comp>

<comp id="556" class="1004" name="sub_ln79_fu_556">
<pin_list>
<pin id="557" dir="0" index="0" bw="1" slack="0"/>
<pin id="558" dir="0" index="1" bw="10" slack="0"/>
<pin id="559" dir="1" index="2" bw="10" slack="0"/>
</pin_list>
<bind>
<opcode="sub(10) " fcode="sub"/>
<opset="sub_ln79/4 "/>
</bind>
</comp>

<comp id="562" class="1004" name="abs_gx_fu_562">
<pin_list>
<pin id="563" dir="0" index="0" bw="1" slack="0"/>
<pin id="564" dir="0" index="1" bw="10" slack="0"/>
<pin id="565" dir="0" index="2" bw="10" slack="0"/>
<pin id="566" dir="1" index="3" bw="10" slack="0"/>
</pin_list>
<bind>
<opcode="select(49) " fcode="select"/>
<opset="abs_gx/4 "/>
</bind>
</comp>

<comp id="570" class="1004" name="zext_ln79_fu_570">
<pin_list>
<pin id="571" dir="0" index="0" bw="10" slack="0"/>
<pin id="572" dir="1" index="1" bw="12" slack="0"/>
</pin_list>
<bind>
<opcode="zext(34) " fcode="zext"/>
<opset="zext_ln79/4 "/>
</bind>
</comp>

<comp id="574" class="1004" name="tmp_6_fu_574">
<pin_list>
<pin id="575" dir="0" index="0" bw="1" slack="0"/>
<pin id="576" dir="0" index="1" bw="11" slack="0"/>
<pin id="577" dir="0" index="2" bw="6" slack="0"/>
<pin id="578" dir="1" index="3" bw="1" slack="0"/>
</pin_list>
<bind>
<opcode="bitselect(1000) " fcode="bitselect"/>
<opset="tmp_6/4 "/>
</bind>
</comp>

<comp id="582" class="1004" name="sub_ln80_fu_582">
<pin_list>
<pin id="583" dir="0" index="0" bw="1" slack="0"/>
<pin id="584" dir="0" index="1" bw="11" slack="0"/>
<pin id="585" dir="1" index="2" bw="11" slack="0"/>
</pin_list>
<bind>
<opcode="sub(10) " fcode="sub"/>
<opset="sub_ln80/4 "/>
</bind>
</comp>

<comp id="588" class="1004" name="abs_gy_fu_588">
<pin_list>
<pin id="589" dir="0" index="0" bw="1" slack="0"/>
<pin id="590" dir="0" index="1" bw="11" slack="0"/>
<pin id="591" dir="0" index="2" bw="11" slack="0"/>
<pin id="592" dir="1" index="3" bw="11" slack="0"/>
</pin_list>
<bind>
<opcode="select(49) " fcode="select"/>
<opset="abs_gy/4 "/>
</bind>
</comp>

<comp id="596" class="1004" name="sext_ln80_fu_596">
<pin_list>
<pin id="597" dir="0" index="0" bw="11" slack="0"/>
<pin id="598" dir="1" index="1" bw="12" slack="0"/>
</pin_list>
<bind>
<opcode="sext(35) " fcode="sext"/>
<opset="sext_ln80/4 "/>
</bind>
</comp>

<comp id="600" class="1004" name="mag_fu_600">
<pin_list>
<pin id="601" dir="0" index="0" bw="11" slack="0"/>
<pin id="602" dir="0" index="1" bw="10" slack="0"/>
<pin id="603" dir="1" index="2" bw="12" slack="0"/>
</pin_list>
<bind>
<opcode="add(8) " fcode="add"/>
<opset="mag/4 "/>
</bind>
</comp>

<comp id="606" class="1004" name="tmp_7_fu_606">
<pin_list>
<pin id="607" dir="0" index="0" bw="4" slack="0"/>
<pin id="608" dir="0" index="1" bw="12" slack="0"/>
<pin id="609" dir="0" index="2" bw="5" slack="0"/>
<pin id="610" dir="0" index="3" bw="5" slack="0"/>
<pin id="611" dir="1" index="4" bw="4" slack="1"/>
</pin_list>
<bind>
<opcode="partselect(1002) " fcode="partselect"/>
<opset="tmp_7/4 "/>
</bind>
</comp>

<comp id="616" class="1004" name="trunc_ln85_fu_616">
<pin_list>
<pin id="617" dir="0" index="0" bw="12" slack="0"/>
<pin id="618" dir="1" index="1" bw="8" slack="1"/>
</pin_list>
<bind>
<opcode="trunc(33) " fcode="trunc"/>
<opset="trunc_ln85/4 "/>
</bind>
</comp>

<comp id="620" class="1004" name="icmp_ln83_fu_620">
<pin_list>
<pin id="621" dir="0" index="0" bw="4" slack="1"/>
<pin id="622" dir="0" index="1" bw="4" slack="0"/>
<pin id="623" dir="1" index="2" bw="1" slack="0"/>
</pin_list>
<bind>
<opcode="icmp(45) " fcode="icmp"/>
<opset="icmp_ln83/5 "/>
</bind>
</comp>

<comp id="625" class="1004" name="select_ln85_fu_625">
<pin_list>
<pin id="626" dir="0" index="0" bw="1" slack="0"/>
<pin id="627" dir="0" index="1" bw="8" slack="0"/>
<pin id="628" dir="0" index="2" bw="8" slack="1"/>
<pin id="629" dir="1" index="3" bw="8" slack="1"/>
</pin_list>
<bind>
<opcode="select(49) " fcode="select"/>
<opset="select_ln85/5 "/>
</bind>
</comp>

<comp id="632" class="1005" name="gy_1_reg_632">
<pin_list>
<pin id="633" dir="0" index="0" bw="8" slack="2"/>
<pin id="634" dir="1" index="1" bw="8" slack="2"/>
</pin_list>
<bind>
<opset="gy_1 "/>
</bind>
</comp>

<comp id="638" class="1005" name="pix_1_reg_638">
<pin_list>
<pin id="639" dir="0" index="0" bw="8" slack="2"/>
<pin id="640" dir="1" index="1" bw="8" slack="2"/>
</pin_list>
<bind>
<opset="pix_1 "/>
</bind>
</comp>

<comp id="644" class="1005" name="pix_3_reg_644">
<pin_list>
<pin id="645" dir="0" index="0" bw="8" slack="2"/>
<pin id="646" dir="1" index="1" bw="8" slack="2"/>
</pin_list>
<bind>
<opset="pix_3 "/>
</bind>
</comp>

<comp id="650" class="1005" name="c_reg_650">
<pin_list>
<pin id="651" dir="0" index="0" bw="10" slack="0"/>
<pin id="652" dir="1" index="1" bw="10" slack="0"/>
</pin_list>
<bind>
<opset="c "/>
</bind>
</comp>

<comp id="657" class="1005" name="r_reg_657">
<pin_list>
<pin id="658" dir="0" index="0" bw="10" slack="0"/>
<pin id="659" dir="1" index="1" bw="10" slack="0"/>
</pin_list>
<bind>
<opset="r "/>
</bind>
</comp>

<comp id="664" class="1005" name="indvar_flatten_reg_664">
<pin_list>
<pin id="665" dir="0" index="0" bw="19" slack="0"/>
<pin id="666" dir="1" index="1" bw="19" slack="0"/>
</pin_list>
<bind>
<opset="indvar_flatten "/>
</bind>
</comp>

<comp id="671" class="1005" name="p_0_0_04426_reg_671">
<pin_list>
<pin id="672" dir="0" index="0" bw="8" slack="2"/>
<pin id="673" dir="1" index="1" bw="8" slack="2"/>
</pin_list>
<bind>
<opset="p_0_0_04426 "/>
</bind>
</comp>

<comp id="677" class="1005" name="p_0_0_04328_reg_677">
<pin_list>
<pin id="678" dir="0" index="0" bw="8" slack="2"/>
<pin id="679" dir="1" index="1" bw="8" slack="2"/>
</pin_list>
<bind>
<opset="p_0_0_04328 "/>
</bind>
</comp>

<comp id="683" class="1005" name="p_0_0_05130_reg_683">
<pin_list>
<pin id="684" dir="0" index="0" bw="8" slack="2"/>
<pin id="685" dir="1" index="1" bw="8" slack="2"/>
</pin_list>
<bind>
<opset="p_0_0_05130 "/>
</bind>
</comp>

<comp id="689" class="1005" name="icmp_ln32_reg_689">
<pin_list>
<pin id="690" dir="0" index="0" bw="1" slack="1"/>
<pin id="691" dir="1" index="1" bw="1" slack="2147483647"/>
</pin_list>
<bind>
<opset="icmp_ln32 "/>
</bind>
</comp>

<comp id="693" class="1005" name="cmp5_reg_693">
<pin_list>
<pin id="694" dir="0" index="0" bw="1" slack="1"/>
<pin id="695" dir="1" index="1" bw="1" slack="2"/>
</pin_list>
<bind>
<opset="cmp5 "/>
</bind>
</comp>

<comp id="698" class="1005" name="icmp28_reg_698">
<pin_list>
<pin id="699" dir="0" index="0" bw="1" slack="1"/>
<pin id="700" dir="1" index="1" bw="1" slack="1"/>
</pin_list>
<bind>
<opset="icmp28 "/>
</bind>
</comp>

<comp id="703" class="1005" name="add_ln49_reg_703">
<pin_list>
<pin id="704" dir="0" index="0" bw="18" slack="1"/>
<pin id="705" dir="1" index="1" bw="18" slack="1"/>
</pin_list>
<bind>
<opset="add_ln49 "/>
</bind>
</comp>

<comp id="708" class="1005" name="linebuf_addr_reg_708">
<pin_list>
<pin id="709" dir="0" index="0" bw="9" slack="1"/>
<pin id="710" dir="1" index="1" bw="9" slack="1"/>
</pin_list>
<bind>
<opset="linebuf_addr "/>
</bind>
</comp>

<comp id="714" class="1005" name="linebuf_1_addr_reg_714">
<pin_list>
<pin id="715" dir="0" index="0" bw="9" slack="1"/>
<pin id="716" dir="1" index="1" bw="9" slack="1"/>
</pin_list>
<bind>
<opset="linebuf_1_addr "/>
</bind>
</comp>

<comp id="720" class="1005" name="or_ln62_reg_720">
<pin_list>
<pin id="721" dir="0" index="0" bw="1" slack="1"/>
<pin id="722" dir="1" index="1" bw="1" slack="2147483647"/>
</pin_list>
<bind>
<opset="or_ln62 "/>
</bind>
</comp>

<comp id="724" class="1005" name="in_img_addr_reg_724">
<pin_list>
<pin id="725" dir="0" index="0" bw="18" slack="1"/>
<pin id="726" dir="1" index="1" bw="18" slack="1"/>
</pin_list>
<bind>
<opset="in_img_addr "/>
</bind>
</comp>

<comp id="729" class="1005" name="out_img_addr_reg_729">
<pin_list>
<pin id="730" dir="0" index="0" bw="18" slack="4"/>
<pin id="731" dir="1" index="1" bw="18" slack="4"/>
</pin_list>
<bind>
<opset="out_img_addr "/>
</bind>
</comp>

<comp id="734" class="1005" name="pix_2_reg_734">
<pin_list>
<pin id="735" dir="0" index="0" bw="8" slack="1"/>
<pin id="736" dir="1" index="1" bw="8" slack="1"/>
</pin_list>
<bind>
<opset="pix_2 "/>
</bind>
</comp>

<comp id="741" class="1005" name="pix_4_reg_741">
<pin_list>
<pin id="742" dir="0" index="0" bw="8" slack="1"/>
<pin id="743" dir="1" index="1" bw="8" slack="1"/>
</pin_list>
<bind>
<opset="pix_4 "/>
</bind>
</comp>

<comp id="746" class="1005" name="sub_ln74_reg_746">
<pin_list>
<pin id="747" dir="0" index="0" bw="9" slack="1"/>
<pin id="748" dir="1" index="1" bw="9" slack="1"/>
</pin_list>
<bind>
<opset="sub_ln74 "/>
</bind>
</comp>

<comp id="751" class="1005" name="sub_ln74_2_reg_751">
<pin_list>
<pin id="752" dir="0" index="0" bw="11" slack="1"/>
<pin id="753" dir="1" index="1" bw="11" slack="1"/>
</pin_list>
<bind>
<opset="sub_ln74_2 "/>
</bind>
</comp>

<comp id="756" class="1005" name="add_ln74_1_reg_756">
<pin_list>
<pin id="757" dir="0" index="0" bw="10" slack="1"/>
<pin id="758" dir="1" index="1" bw="10" slack="1"/>
</pin_list>
<bind>
<opset="add_ln74_1 "/>
</bind>
</comp>

<comp id="761" class="1005" name="add_ln75_reg_761">
<pin_list>
<pin id="762" dir="0" index="0" bw="11" slack="1"/>
<pin id="763" dir="1" index="1" bw="11" slack="1"/>
</pin_list>
<bind>
<opset="add_ln75 "/>
</bind>
</comp>

<comp id="766" class="1005" name="tmp_7_reg_766">
<pin_list>
<pin id="767" dir="0" index="0" bw="4" slack="1"/>
<pin id="768" dir="1" index="1" bw="4" slack="1"/>
</pin_list>
<bind>
<opset="tmp_7 "/>
</bind>
</comp>

<comp id="771" class="1005" name="trunc_ln85_reg_771">
<pin_list>
<pin id="772" dir="0" index="0" bw="8" slack="1"/>
<pin id="773" dir="1" index="1" bw="8" slack="1"/>
</pin_list>
<bind>
<opset="trunc_ln85 "/>
</bind>
</comp>

<comp id="776" class="1005" name="select_ln85_reg_776">
<pin_list>
<pin id="777" dir="0" index="0" bw="8" slack="1"/>
<pin id="778" dir="1" index="1" bw="8" slack="1"/>
</pin_list>
<bind>
<opset="select_ln85 "/>
</bind>
</comp>

</comp_list>

<net_list>
<net id="75"><net_src comp="4" pin="0"/><net_sink comp="72" pin=0"/></net>

<net id="79"><net_src comp="4" pin="0"/><net_sink comp="76" pin=0"/></net>

<net id="83"><net_src comp="4" pin="0"/><net_sink comp="80" pin=0"/></net>

<net id="87"><net_src comp="4" pin="0"/><net_sink comp="84" pin=0"/></net>

<net id="91"><net_src comp="4" pin="0"/><net_sink comp="88" pin=0"/></net>

<net id="95"><net_src comp="4" pin="0"/><net_sink comp="92" pin=0"/></net>

<net id="99"><net_src comp="4" pin="0"/><net_sink comp="96" pin=0"/></net>

<net id="103"><net_src comp="4" pin="0"/><net_sink comp="100" pin=0"/></net>

<net id="107"><net_src comp="4" pin="0"/><net_sink comp="104" pin=0"/></net>

<net id="111"><net_src comp="6" pin="0"/><net_sink comp="108" pin=0"/></net>

<net id="115"><net_src comp="6" pin="0"/><net_sink comp="112" pin=0"/></net>

<net id="121"><net_src comp="108" pin="1"/><net_sink comp="116" pin=0"/></net>

<net id="122"><net_src comp="28" pin="0"/><net_sink comp="116" pin=1"/></net>

<net id="128"><net_src comp="112" pin="1"/><net_sink comp="123" pin=0"/></net>

<net id="129"><net_src comp="28" pin="0"/><net_sink comp="123" pin=1"/></net>

<net id="139"><net_src comp="123" pin="3"/><net_sink comp="130" pin=2"/></net>

<net id="145"><net_src comp="0" pin="0"/><net_sink comp="140" pin=0"/></net>

<net id="146"><net_src comp="28" pin="0"/><net_sink comp="140" pin=1"/></net>

<net id="152"><net_src comp="2" pin="0"/><net_sink comp="147" pin=0"/></net>

<net id="153"><net_src comp="28" pin="0"/><net_sink comp="147" pin=1"/></net>

<net id="168"><net_src comp="140" pin="3"/><net_sink comp="163" pin=0"/></net>

<net id="169"><net_src comp="163" pin="3"/><net_sink comp="130" pin=1"/></net>

<net id="178"><net_src comp="30" pin="0"/><net_sink comp="175" pin=0"/></net>

<net id="185"><net_src comp="175" pin="1"/><net_sink comp="179" pin=2"/></net>

<net id="186"><net_src comp="179" pin="4"/><net_sink comp="170" pin=1"/></net>

<net id="191"><net_src comp="8" pin="0"/><net_sink comp="187" pin=0"/></net>

<net id="196"><net_src comp="10" pin="0"/><net_sink comp="192" pin=0"/></net>

<net id="201"><net_src comp="10" pin="0"/><net_sink comp="197" pin=0"/></net>

<net id="209"><net_src comp="202" pin="1"/><net_sink comp="205" pin=0"/></net>

<net id="210"><net_src comp="12" pin="0"/><net_sink comp="205" pin=1"/></net>

<net id="215"><net_src comp="202" pin="1"/><net_sink comp="211" pin=0"/></net>

<net id="216"><net_src comp="14" pin="0"/><net_sink comp="211" pin=1"/></net>

<net id="227"><net_src comp="220" pin="1"/><net_sink comp="223" pin=0"/></net>

<net id="228"><net_src comp="16" pin="0"/><net_sink comp="223" pin=1"/></net>

<net id="233"><net_src comp="217" pin="1"/><net_sink comp="229" pin=0"/></net>

<net id="234"><net_src comp="18" pin="0"/><net_sink comp="229" pin=1"/></net>

<net id="240"><net_src comp="229" pin="2"/><net_sink comp="235" pin=0"/></net>

<net id="241"><net_src comp="10" pin="0"/><net_sink comp="235" pin=1"/></net>

<net id="242"><net_src comp="217" pin="1"/><net_sink comp="235" pin=2"/></net>

<net id="248"><net_src comp="229" pin="2"/><net_sink comp="243" pin=0"/></net>

<net id="249"><net_src comp="223" pin="2"/><net_sink comp="243" pin=1"/></net>

<net id="250"><net_src comp="220" pin="1"/><net_sink comp="243" pin=2"/></net>

<net id="254"><net_src comp="243" pin="3"/><net_sink comp="251" pin=0"/></net>

<net id="260"><net_src comp="20" pin="0"/><net_sink comp="255" pin=0"/></net>

<net id="261"><net_src comp="251" pin="1"/><net_sink comp="255" pin=1"/></net>

<net id="262"><net_src comp="22" pin="0"/><net_sink comp="255" pin=2"/></net>

<net id="267"><net_src comp="243" pin="3"/><net_sink comp="263" pin=0"/></net>

<net id="268"><net_src comp="10" pin="0"/><net_sink comp="263" pin=1"/></net>

<net id="275"><net_src comp="24" pin="0"/><net_sink comp="269" pin=0"/></net>

<net id="276"><net_src comp="243" pin="3"/><net_sink comp="269" pin=1"/></net>

<net id="277"><net_src comp="4" pin="0"/><net_sink comp="269" pin=2"/></net>

<net id="278"><net_src comp="26" pin="0"/><net_sink comp="269" pin=3"/></net>

<net id="283"><net_src comp="269" pin="4"/><net_sink comp="279" pin=0"/></net>

<net id="284"><net_src comp="22" pin="0"/><net_sink comp="279" pin=1"/></net>

<net id="288"><net_src comp="235" pin="3"/><net_sink comp="285" pin=0"/></net>

<net id="289"><net_src comp="285" pin="1"/><net_sink comp="116" pin=2"/></net>

<net id="290"><net_src comp="285" pin="1"/><net_sink comp="123" pin=2"/></net>

<net id="294"><net_src comp="235" pin="3"/><net_sink comp="291" pin=0"/></net>

<net id="299"><net_src comp="255" pin="3"/><net_sink comp="295" pin=0"/></net>

<net id="300"><net_src comp="291" pin="1"/><net_sink comp="295" pin=1"/></net>

<net id="307"><net_src comp="24" pin="0"/><net_sink comp="301" pin=0"/></net>

<net id="308"><net_src comp="235" pin="3"/><net_sink comp="301" pin=1"/></net>

<net id="309"><net_src comp="4" pin="0"/><net_sink comp="301" pin=2"/></net>

<net id="310"><net_src comp="26" pin="0"/><net_sink comp="301" pin=3"/></net>

<net id="315"><net_src comp="301" pin="4"/><net_sink comp="311" pin=0"/></net>

<net id="316"><net_src comp="22" pin="0"/><net_sink comp="311" pin=1"/></net>

<net id="321"><net_src comp="279" pin="2"/><net_sink comp="317" pin=0"/></net>

<net id="322"><net_src comp="311" pin="2"/><net_sink comp="317" pin=1"/></net>

<net id="327"><net_src comp="235" pin="3"/><net_sink comp="323" pin=0"/></net>

<net id="328"><net_src comp="16" pin="0"/><net_sink comp="323" pin=1"/></net>

<net id="333"><net_src comp="211" pin="2"/><net_sink comp="329" pin=0"/></net>

<net id="338"><net_src comp="243" pin="3"/><net_sink comp="334" pin=0"/></net>

<net id="343"><net_src comp="323" pin="2"/><net_sink comp="339" pin=0"/></net>

<net id="347"><net_src comp="344" pin="1"/><net_sink comp="140" pin=2"/></net>

<net id="348"><net_src comp="344" pin="1"/><net_sink comp="147" pin=2"/></net>

<net id="354"><net_src comp="30" pin="0"/><net_sink comp="349" pin=1"/></net>

<net id="355"><net_src comp="130" pin="7"/><net_sink comp="349" pin=2"/></net>

<net id="370"><net_src comp="30" pin="0"/><net_sink comp="365" pin=1"/></net>

<net id="371"><net_src comp="154" pin="7"/><net_sink comp="365" pin=2"/></net>

<net id="384"><net_src comp="372" pin="1"/><net_sink comp="381" pin=0"/></net>

<net id="388"><net_src comp="356" pin="1"/><net_sink comp="385" pin=0"/></net>

<net id="392"><net_src comp="365" pin="3"/><net_sink comp="389" pin=0"/></net>

<net id="396"><net_src comp="378" pin="1"/><net_sink comp="393" pin=0"/></net>

<net id="401"><net_src comp="389" pin="1"/><net_sink comp="397" pin=0"/></net>

<net id="402"><net_src comp="393" pin="1"/><net_sink comp="397" pin=1"/></net>

<net id="408"><net_src comp="46" pin="0"/><net_sink comp="403" pin=0"/></net>

<net id="409"><net_src comp="375" pin="1"/><net_sink comp="403" pin=1"/></net>

<net id="410"><net_src comp="48" pin="0"/><net_sink comp="403" pin=2"/></net>

<net id="414"><net_src comp="403" pin="3"/><net_sink comp="411" pin=0"/></net>

<net id="419"><net_src comp="10" pin="0"/><net_sink comp="415" pin=0"/></net>

<net id="420"><net_src comp="411" pin="1"/><net_sink comp="415" pin=1"/></net>

<net id="424"><net_src comp="415" pin="2"/><net_sink comp="421" pin=0"/></net>

<net id="430"><net_src comp="46" pin="0"/><net_sink comp="425" pin=0"/></net>

<net id="431"><net_src comp="48" pin="0"/><net_sink comp="425" pin=2"/></net>

<net id="435"><net_src comp="425" pin="3"/><net_sink comp="432" pin=0"/></net>

<net id="440"><net_src comp="421" pin="1"/><net_sink comp="436" pin=0"/></net>

<net id="441"><net_src comp="381" pin="1"/><net_sink comp="436" pin=1"/></net>

<net id="445"><net_src comp="362" pin="1"/><net_sink comp="442" pin=0"/></net>

<net id="449"><net_src comp="163" pin="3"/><net_sink comp="446" pin=0"/></net>

<net id="454"><net_src comp="432" pin="1"/><net_sink comp="450" pin=0"/></net>

<net id="455"><net_src comp="446" pin="1"/><net_sink comp="450" pin=1"/></net>

<net id="460"><net_src comp="385" pin="1"/><net_sink comp="456" pin=0"/></net>

<net id="461"><net_src comp="442" pin="1"/><net_sink comp="456" pin=1"/></net>

<net id="467"><net_src comp="50" pin="0"/><net_sink comp="462" pin=0"/></net>

<net id="468"><net_src comp="456" pin="2"/><net_sink comp="462" pin=1"/></net>

<net id="469"><net_src comp="48" pin="0"/><net_sink comp="462" pin=2"/></net>

<net id="473"><net_src comp="462" pin="3"/><net_sink comp="470" pin=0"/></net>

<net id="478"><net_src comp="470" pin="1"/><net_sink comp="474" pin=0"/></net>

<net id="479"><net_src comp="381" pin="1"/><net_sink comp="474" pin=1"/></net>

<net id="484"><net_src comp="163" pin="3"/><net_sink comp="480" pin=0"/></net>

<net id="493"><net_src comp="365" pin="3"/><net_sink comp="489" pin=0"/></net>

<net id="498"><net_src comp="362" pin="1"/><net_sink comp="494" pin=0"/></net>

<net id="503"><net_src comp="359" pin="1"/><net_sink comp="499" pin=0"/></net>

<net id="508"><net_src comp="356" pin="1"/><net_sink comp="504" pin=0"/></net>

<net id="519"><net_src comp="509" pin="1"/><net_sink comp="515" pin=1"/></net>

<net id="527"><net_src comp="520" pin="1"/><net_sink comp="523" pin=0"/></net>

<net id="528"><net_src comp="515" pin="2"/><net_sink comp="523" pin=1"/></net>

<net id="532"><net_src comp="523" pin="2"/><net_sink comp="529" pin=0"/></net>

<net id="537"><net_src comp="512" pin="1"/><net_sink comp="533" pin=1"/></net>

<net id="542"><net_src comp="533" pin="2"/><net_sink comp="538" pin=0"/></net>

<net id="543"><net_src comp="509" pin="1"/><net_sink comp="538" pin=1"/></net>

<net id="547"><net_src comp="538" pin="2"/><net_sink comp="544" pin=0"/></net>

<net id="553"><net_src comp="52" pin="0"/><net_sink comp="548" pin=0"/></net>

<net id="554"><net_src comp="523" pin="2"/><net_sink comp="548" pin=1"/></net>

<net id="555"><net_src comp="54" pin="0"/><net_sink comp="548" pin=2"/></net>

<net id="560"><net_src comp="10" pin="0"/><net_sink comp="556" pin=0"/></net>

<net id="561"><net_src comp="529" pin="1"/><net_sink comp="556" pin=1"/></net>

<net id="567"><net_src comp="548" pin="3"/><net_sink comp="562" pin=0"/></net>

<net id="568"><net_src comp="556" pin="2"/><net_sink comp="562" pin=1"/></net>

<net id="569"><net_src comp="529" pin="1"/><net_sink comp="562" pin=2"/></net>

<net id="573"><net_src comp="562" pin="3"/><net_sink comp="570" pin=0"/></net>

<net id="579"><net_src comp="56" pin="0"/><net_sink comp="574" pin=0"/></net>

<net id="580"><net_src comp="544" pin="1"/><net_sink comp="574" pin=1"/></net>

<net id="581"><net_src comp="58" pin="0"/><net_sink comp="574" pin=2"/></net>

<net id="586"><net_src comp="60" pin="0"/><net_sink comp="582" pin=0"/></net>

<net id="587"><net_src comp="538" pin="2"/><net_sink comp="582" pin=1"/></net>

<net id="593"><net_src comp="574" pin="3"/><net_sink comp="588" pin=0"/></net>

<net id="594"><net_src comp="582" pin="2"/><net_sink comp="588" pin=1"/></net>

<net id="595"><net_src comp="538" pin="2"/><net_sink comp="588" pin=2"/></net>

<net id="599"><net_src comp="588" pin="3"/><net_sink comp="596" pin=0"/></net>

<net id="604"><net_src comp="596" pin="1"/><net_sink comp="600" pin=0"/></net>

<net id="605"><net_src comp="570" pin="1"/><net_sink comp="600" pin=1"/></net>

<net id="612"><net_src comp="62" pin="0"/><net_sink comp="606" pin=0"/></net>

<net id="613"><net_src comp="600" pin="2"/><net_sink comp="606" pin=1"/></net>

<net id="614"><net_src comp="64" pin="0"/><net_sink comp="606" pin=2"/></net>

<net id="615"><net_src comp="66" pin="0"/><net_sink comp="606" pin=3"/></net>

<net id="619"><net_src comp="600" pin="2"/><net_sink comp="616" pin=0"/></net>

<net id="624"><net_src comp="68" pin="0"/><net_sink comp="620" pin=1"/></net>

<net id="630"><net_src comp="620" pin="2"/><net_sink comp="625" pin=0"/></net>

<net id="631"><net_src comp="70" pin="0"/><net_sink comp="625" pin=1"/></net>

<net id="635"><net_src comp="72" pin="1"/><net_sink comp="632" pin=0"/></net>

<net id="636"><net_src comp="632" pin="1"/><net_sink comp="372" pin=0"/></net>

<net id="637"><net_src comp="632" pin="1"/><net_sink comp="504" pin=1"/></net>

<net id="641"><net_src comp="76" pin="1"/><net_sink comp="638" pin=0"/></net>

<net id="642"><net_src comp="638" pin="1"/><net_sink comp="375" pin=0"/></net>

<net id="643"><net_src comp="638" pin="1"/><net_sink comp="499" pin=1"/></net>

<net id="647"><net_src comp="80" pin="1"/><net_sink comp="644" pin=0"/></net>

<net id="648"><net_src comp="644" pin="1"/><net_sink comp="378" pin=0"/></net>

<net id="649"><net_src comp="644" pin="1"/><net_sink comp="494" pin=1"/></net>

<net id="653"><net_src comp="84" pin="1"/><net_sink comp="650" pin=0"/></net>

<net id="654"><net_src comp="650" pin="1"/><net_sink comp="197" pin=1"/></net>

<net id="655"><net_src comp="650" pin="1"/><net_sink comp="217" pin=0"/></net>

<net id="656"><net_src comp="650" pin="1"/><net_sink comp="339" pin=1"/></net>

<net id="660"><net_src comp="88" pin="1"/><net_sink comp="657" pin=0"/></net>

<net id="661"><net_src comp="657" pin="1"/><net_sink comp="192" pin=1"/></net>

<net id="662"><net_src comp="657" pin="1"/><net_sink comp="220" pin=0"/></net>

<net id="663"><net_src comp="657" pin="1"/><net_sink comp="334" pin=1"/></net>

<net id="667"><net_src comp="92" pin="1"/><net_sink comp="664" pin=0"/></net>

<net id="668"><net_src comp="664" pin="1"/><net_sink comp="187" pin=1"/></net>

<net id="669"><net_src comp="664" pin="1"/><net_sink comp="202" pin=0"/></net>

<net id="670"><net_src comp="664" pin="1"/><net_sink comp="329" pin=1"/></net>

<net id="674"><net_src comp="96" pin="1"/><net_sink comp="671" pin=0"/></net>

<net id="675"><net_src comp="671" pin="1"/><net_sink comp="356" pin=0"/></net>

<net id="676"><net_src comp="671" pin="1"/><net_sink comp="489" pin=1"/></net>

<net id="680"><net_src comp="100" pin="1"/><net_sink comp="677" pin=0"/></net>

<net id="681"><net_src comp="677" pin="1"/><net_sink comp="359" pin=0"/></net>

<net id="682"><net_src comp="677" pin="1"/><net_sink comp="485" pin=1"/></net>

<net id="686"><net_src comp="104" pin="1"/><net_sink comp="683" pin=0"/></net>

<net id="687"><net_src comp="683" pin="1"/><net_sink comp="362" pin=0"/></net>

<net id="688"><net_src comp="683" pin="1"/><net_sink comp="480" pin=1"/></net>

<net id="692"><net_src comp="205" pin="2"/><net_sink comp="689" pin=0"/></net>

<net id="696"><net_src comp="263" pin="2"/><net_sink comp="693" pin=0"/></net>

<net id="697"><net_src comp="693" pin="1"/><net_sink comp="365" pin=0"/></net>

<net id="701"><net_src comp="279" pin="2"/><net_sink comp="698" pin=0"/></net>

<net id="702"><net_src comp="698" pin="1"/><net_sink comp="349" pin=0"/></net>

<net id="706"><net_src comp="295" pin="2"/><net_sink comp="703" pin=0"/></net>

<net id="707"><net_src comp="703" pin="1"/><net_sink comp="344" pin=0"/></net>

<net id="711"><net_src comp="116" pin="3"/><net_sink comp="708" pin=0"/></net>

<net id="712"><net_src comp="708" pin="1"/><net_sink comp="154" pin=2"/></net>

<net id="713"><net_src comp="708" pin="1"/><net_sink comp="154" pin=0"/></net>

<net id="717"><net_src comp="123" pin="3"/><net_sink comp="714" pin=0"/></net>

<net id="718"><net_src comp="714" pin="1"/><net_sink comp="130" pin=2"/></net>

<net id="719"><net_src comp="714" pin="1"/><net_sink comp="130" pin=0"/></net>

<net id="723"><net_src comp="317" pin="2"/><net_sink comp="720" pin=0"/></net>

<net id="727"><net_src comp="140" pin="3"/><net_sink comp="724" pin=0"/></net>

<net id="728"><net_src comp="724" pin="1"/><net_sink comp="163" pin=0"/></net>

<net id="732"><net_src comp="147" pin="3"/><net_sink comp="729" pin=0"/></net>

<net id="733"><net_src comp="729" pin="1"/><net_sink comp="170" pin=0"/></net>

<net id="737"><net_src comp="349" pin="3"/><net_sink comp="734" pin=0"/></net>

<net id="738"><net_src comp="734" pin="1"/><net_sink comp="154" pin=1"/></net>

<net id="739"><net_src comp="734" pin="1"/><net_sink comp="425" pin=1"/></net>

<net id="740"><net_src comp="734" pin="1"/><net_sink comp="485" pin=0"/></net>

<net id="744"><net_src comp="163" pin="3"/><net_sink comp="741" pin=0"/></net>

<net id="745"><net_src comp="741" pin="1"/><net_sink comp="512" pin=0"/></net>

<net id="749"><net_src comp="397" pin="2"/><net_sink comp="746" pin=0"/></net>

<net id="750"><net_src comp="746" pin="1"/><net_sink comp="509" pin=0"/></net>

<net id="754"><net_src comp="436" pin="2"/><net_sink comp="751" pin=0"/></net>

<net id="755"><net_src comp="751" pin="1"/><net_sink comp="515" pin=0"/></net>

<net id="759"><net_src comp="450" pin="2"/><net_sink comp="756" pin=0"/></net>

<net id="760"><net_src comp="756" pin="1"/><net_sink comp="520" pin=0"/></net>

<net id="764"><net_src comp="474" pin="2"/><net_sink comp="761" pin=0"/></net>

<net id="765"><net_src comp="761" pin="1"/><net_sink comp="533" pin=0"/></net>

<net id="769"><net_src comp="606" pin="4"/><net_sink comp="766" pin=0"/></net>

<net id="770"><net_src comp="766" pin="1"/><net_sink comp="620" pin=0"/></net>

<net id="774"><net_src comp="616" pin="1"/><net_sink comp="771" pin=0"/></net>

<net id="775"><net_src comp="771" pin="1"/><net_sink comp="625" pin=2"/></net>

<net id="779"><net_src comp="625" pin="3"/><net_sink comp="776" pin=0"/></net>

<net id="780"><net_src comp="776" pin="1"/><net_sink comp="179" pin=0"/></net>

</net_list>

</model> 
---------------- Datapath Model END ------------------

* FSMD analyzer results:
  - Output states:
	Port: out_img | {6 }
 - Input state : 
	Port: sobel_filter : in_img | {2 3 }
  - Chain level:
	State 1
		store_ln0 : 1
		store_ln32 : 1
		store_ln34 : 1
		indvar_flatten_load : 1
		icmp_ln32 : 2
		add_ln32_1 : 2
		br_ln32 : 3
		c_load : 1
		r_load : 1
		add_ln32 : 2
		icmp_ln34 : 2
		select_ln32 : 3
		select_ln32_1 : 3
		trunc_ln49 : 4
		tmp_1 : 5
		cmp5 : 4
		tmp_3 : 4
		icmp28 : 5
		zext_ln34 : 4
		zext_ln49 : 4
		add_ln49 : 6
		linebuf_addr : 5
		linebuf_1_addr : 5
		linebuf_1_load : 6
		tmp_4 : 4
		icmp_ln62 : 5
		or_ln62 : 6
		br_ln62 : 6
		add_ln34 : 4
		store_ln32 : 3
		store_ln32 : 4
		store_ln34 : 5
	State 2
		in_img_addr : 1
		out_img_addr : 1
		pix_2 : 1
		pix_4 : 2
	State 3
		pix : 1
		store_ln49 : 1
		zext_ln73 : 1
		zext_ln73_1 : 1
		zext_ln73_2 : 2
		zext_ln73_3 : 1
		sub_ln74 : 3
		shl_ln74_1 : 1
		zext_ln74 : 2
		sub_ln74_1 : 3
		sext_ln74_1 : 4
		zext_ln74_1 : 1
		sub_ln74_2 : 5
		zext_ln68 : 1
		zext_ln73_5 : 1
		add_ln74_1 : 2
		tmp : 2
		tmp_2 : 3
		sext_ln75 : 4
		add_ln75 : 5
		store_ln49 : 1
		store_ln32 : 2
		store_ln73 : 1
		store_ln73 : 1
		store_ln68 : 1
	State 4
		add_ln74 : 1
		gx : 2
		empty : 3
		gy_3 : 1
		gy : 2
		sext_ln67 : 3
		tmp_5 : 3
		sub_ln79 : 4
		abs_gx : 5
		zext_ln79 : 6
		tmp_6 : 4
		sub_ln80 : 3
		abs_gy : 5
		sext_ln80 : 6
		mag : 7
		tmp_7 : 8
		trunc_ln85 : 8
	State 5
		select_ln85 : 1
	State 6
		store_ln63 : 1


============================================================
+ Verbose Summary: Datapath Resource usage 
============================================================

* Functional unit list:
|----------|----------------------|---------|---------|
| Operation|    Functional Unit   |    FF   |   LUT   |
|----------|----------------------|---------|---------|
|          |   add_ln32_1_fu_211  |    0    |    26   |
|          |    add_ln32_fu_223   |    0    |    17   |
|          |    add_ln49_fu_295   |    0    |    25   |
|          |    add_ln34_fu_323   |    0    |    17   |
|    add   |   add_ln74_1_fu_450  |    0    |    16   |
|          |    add_ln75_fu_474   |    0    |    17   |
|          |    add_ln74_fu_515   |    0    |    17   |
|          |       gx_fu_523      |    0    |    17   |
|          |       gy_fu_538      |    0    |    17   |
|          |      mag_fu_600      |    0    |    18   |
|----------|----------------------|---------|---------|
|          |    sub_ln74_fu_397   |    0    |    15   |
|          |   sub_ln74_1_fu_415  |    0    |    16   |
|          |   sub_ln74_2_fu_436  |    0    |    17   |
|    sub   |      tmp_fu_456      |    0    |    15   |
|          |      gy_3_fu_533     |    0    |    17   |
|          |    sub_ln79_fu_556   |    0    |    17   |
|          |    sub_ln80_fu_582   |    0    |    18   |
|----------|----------------------|---------|---------|
|          |   icmp_ln32_fu_205   |    0    |    26   |
|          |   icmp_ln34_fu_229   |    0    |    17   |
|   icmp   |      cmp5_fu_263     |    0    |    17   |
|          |     icmp28_fu_279    |    0    |    16   |
|          |   icmp_ln62_fu_311   |    0    |    16   |
|          |   icmp_ln83_fu_620   |    0    |    12   |
|----------|----------------------|---------|---------|
|          |  select_ln32_fu_235  |    0    |    10   |
|          | select_ln32_1_fu_243 |    0    |    10   |
|          |     pix_2_fu_349     |    0    |    8    |
|  select  |      pix_fu_365      |    0    |    8    |
|          |     abs_gx_fu_562    |    0    |    10   |
|          |     abs_gy_fu_588    |    0    |    11   |
|          |  select_ln85_fu_625  |    0    |    8    |
|----------|----------------------|---------|---------|
|    or    |    or_ln62_fu_317    |    0    |    2    |
|----------|----------------------|---------|---------|
|          |   trunc_ln49_fu_251  |    0    |    0    |
|   trunc  |     empty_fu_529     |    0    |    0    |
|          |   trunc_ln85_fu_616  |    0    |    0    |
|----------|----------------------|---------|---------|
|          |     tmp_1_fu_255     |    0    |    0    |
|bitconcatenate|   shl_ln74_1_fu_403  |    0    |    0    |
|          |     shl_ln_fu_425    |    0    |    0    |
|          |     tmp_2_fu_462     |    0    |    0    |
|----------|----------------------|---------|---------|
|          |     tmp_3_fu_269     |    0    |    0    |
|partselect|     tmp_4_fu_301     |    0    |    0    |
|          |     tmp_7_fu_606     |    0    |    0    |
|----------|----------------------|---------|---------|
|          |   zext_ln34_fu_285   |    0    |    0    |
|          |   zext_ln49_fu_291   |    0    |    0    |
|          |  zext_ln49_1_fu_344  |    0    |    0    |
|          |   zext_ln73_fu_381   |    0    |    0    |
|          |  zext_ln73_1_fu_385  |    0    |    0    |
|          |  zext_ln73_2_fu_389  |    0    |    0    |
|   zext   |  zext_ln73_3_fu_393  |    0    |    0    |
|          |   zext_ln74_fu_411   |    0    |    0    |
|          |  zext_ln74_1_fu_432  |    0    |    0    |
|          |   zext_ln68_fu_442   |    0    |    0    |
|          |  zext_ln73_5_fu_446  |    0    |    0    |
|          |  zext_ln73_4_fu_512  |    0    |    0    |
|          |  zext_ln74_2_fu_520  |    0    |    0    |
|          |   zext_ln79_fu_570   |    0    |    0    |
|----------|----------------------|---------|---------|
|          |  sext_ln74_1_fu_421  |    0    |    0    |
|          |   sext_ln75_fu_470   |    0    |    0    |
|   sext   |   sext_ln74_fu_509   |    0    |    0    |
|          |   sext_ln67_fu_544   |    0    |    0    |
|          |   sext_ln80_fu_596   |    0    |    0    |
|----------|----------------------|---------|---------|
| bitselect|     tmp_5_fu_548     |    0    |    0    |
|          |     tmp_6_fu_574     |    0    |    0    |
|----------|----------------------|---------|---------|
|   Total  |                      |    0    |   473   |
|----------|----------------------|---------|---------|

Memories:
+---------+--------+--------+--------+--------+
|         |  BRAM  |   FF   |   LUT  |  URAM  |
+---------+--------+--------+--------+--------+
| linebuf |    1   |    0   |    0   |    0   |
|linebuf_1|    1   |    0   |    0   |    0   |
+---------+--------+--------+--------+--------+
|  Total  |    2   |    0   |    0   |    0   |
+---------+--------+--------+--------+--------+

* Register list:
+----------------------+--------+
|                      |   FF   |
+----------------------+--------+
|   add_ln49_reg_703   |   18   |
|  add_ln74_1_reg_756  |   10   |
|   add_ln75_reg_761   |   11   |
|       c_reg_650      |   10   |
|     cmp5_reg_693     |    1   |
|     gy_1_reg_632     |    8   |
|    icmp28_reg_698    |    1   |
|   icmp_ln32_reg_689  |    1   |
|  in_img_addr_reg_724 |   18   |
|indvar_flatten_reg_664|   19   |
|linebuf_1_addr_reg_714|    9   |
| linebuf_addr_reg_708 |    9   |
|    or_ln62_reg_720   |    1   |
| out_img_addr_reg_729 |   18   |
|  p_0_0_04328_reg_677 |    8   |
|  p_0_0_04426_reg_671 |    8   |
|  p_0_0_05130_reg_683 |    8   |
|     pix_1_reg_638    |    8   |
|     pix_2_reg_734    |    8   |
|     pix_3_reg_644    |    8   |
|     pix_4_reg_741    |    8   |
|       r_reg_657      |   10   |
|  select_ln85_reg_776 |    8   |
|  storemerge_reg_175  |    8   |
|  sub_ln74_2_reg_751  |   11   |
|   sub_ln74_reg_746   |    9   |
|     tmp_7_reg_766    |    4   |
|  trunc_ln85_reg_771  |    8   |
+----------------------+--------+
|         Total        |   248  |
+----------------------+--------+

* Multiplexer (MUX) list: 
|-------------------|------|------|------|--------||---------||---------|
|        Comp       |  Pin | Size |  BW  | S x BW ||  Delay  ||   LUT   |
|-------------------|------|------|------|--------||---------||---------|
| grp_access_fu_130 |  p2  |   2  |   0  |    0   ||    9    |
| grp_access_fu_163 |  p0  |   2  |  18  |   36   ||    9    |
|-------------------|------|------|------|--------||---------||---------|
|       Total       |      |      |      |   36   ||  0.774  ||    18   |
|-------------------|------|------|------|--------||---------||---------|



* Summary:
+-----------+--------+--------+--------+--------+--------+
|           |  BRAM  |  Delay |   FF   |   LUT  |  URAM  |
+-----------+--------+--------+--------+--------+--------+
|  Function |    -   |    -   |    0   |   473  |    -   |
|   Memory  |    2   |    -   |    0   |    0   |    0   |
|Multiplexer|    -   |    0   |    -   |   18   |    -   |
|  Register |    -   |    -   |   248  |    -   |    -   |
+-----------+--------+--------+--------+--------+--------+
|   Total   |    2   |    0   |   248  |   491  |    0   |
+-----------+--------+--------+--------+--------+--------+
