#
# A fatal error has been detected by the Java Runtime Environment:
#
#  SIGSEGV (0xb) at pc=0x00007ff2b9684880, pid=14433, tid=14497
#
# JRE version: OpenJDK Runtime Environment Temurin-11.0.16.1+1 (11.0.16.1+1) (build 11.0.16.1+1)
# Java VM: OpenJDK 64-Bit Server VM Temurin-11.0.16.1+1 (11.0.16.1+1, mixed mode, tiered, compressed oops, g1 gc, linux-amd64)
# Problematic frame:
# C  [libstdc++.so.6+0xae880]  std::_Hash_bytes(void const*, unsigned long, unsigned long)+0x30
#
# Core dump will be written. Default location: Core dumps may be processed with "/usr/share/apport/apport -p%p -s%s -c%c -d%d -P%P -u%u -g%g -F%F -- %E" (or dumping to /home/ven_903/sobel-update2/scripts/core.14433)
#
# If you would like to submit a bug report, please visit:
#   https://github.com/adoptium/adoptium-support/issues
# The crash happened outside the Java Virtual Machine in native code.
# See problematic frame for where to report the bug.
#

---------------  S U M M A R Y ------------

Command Line: -Xms512m -Xmx4096m -XX:+HeapDumpOnOutOfMemoryError --add-modules=ALL-SYSTEM /tools/Xilinx/Vitis_HLS/2023.2/lnx64/tools/eclipse/plugins/org.eclipse.equinox.launcher_1.5.700.v20200207-2156.jar -showlocation -vm /tools/Xilinx/Vitis_HLS/2023.2/tps/lnx64/jre11.0.16_1/bin/java -clean -configuration /home/ven_903/.Xilinx/vitis_hls/2023.2/workspace4 -data /home/ven_903/.Xilinx/vitis_hls/2023.2/workspace4 -perspective com.autoesl.autopilot.ui.platform.perspective -application com.autoesl.autopilot.ui.platform.application -showsplash /tools/Xilinx/Vitis_HLS/2023.2/common/icons/splash_dark.bmp

Host: Intel Xeon Processor (Cascadelake), 16 cores, 125G, Ubuntu 22.04.1 LTS
Time: Fri Nov 21 01:04:33 2025 UTC elapsed time: 6.745184 seconds (0d 0h 0m 6s)

---------------  T H R E A D  ---------------

Current thread (0x00007ff3fc9ef000):  JavaThread "Worker-1: Initialize the SWIG data" [_thread_in_native, id=14497, stack(0x00007ff3806d2000,0x00007ff3807d2000)]

Stack: [0x00007ff3806d2000,0x00007ff3807d2000],  sp=0x00007ff3807ce958,  free space=1010k
Native frames: (J=compiled Java code, A=aot compiled Java code, j=interpreted, Vv=VM code, C=native code)
C  [libstdc++.so.6+0xae880]  std::_Hash_bytes(void const*, unsigned long, unsigned long)+0x30

Java frames: (J=compiled Java code, j=interpreted, Vv=VM code)
j  com.xilinx.hls.services.hlsvwrap.PartMgr_initBoards()Z+0
j  com.xilinx.hls.services.PartMgr.initBoards()Z+0
j  com.autoesl.autopilot.ui.platform.util.AutoPilotTemplateUtil$1.run(Lorg/eclipse/core/runtime/IProgressMonitor;)Lorg/eclipse/core/runtime/IStatus;+68
j  org.eclipse.core.internal.jobs.Worker.run()V+33
v  ~StubRoutines::call_stub

siginfo: si_signo: 11 (SIGSEGV), si_code: 2 (SEGV_ACCERR), si_addr: 0x00000007ff2b3952

Register to memory mapping:

RAX=0x00000000c70f6907 is an unknown value
RBX=0x00007ff2a872a5c0 points into unknown readable memory: 0x00007ff2a872a5f0 | f0 a5 72 a8 f2 7f 00 00
RCX=
[error occurred during error reporting (printing register info), id 0xb, SIGSEGV (0xb) at pc=0x00007ff401fae1e0]

Registers:
RAX=0x00000000c70f6907, RBX=0x00007ff2a872a5c0, RCX=0x00000007ff2b3952, RDX=0xc6a4a7935bd1e995
RSP=0x00007ff3807ce958, RBP=0x00007ff3807ceff0, RSI=0xabec91ce54254c80, RDI=0x00000007ff2b3952
R8 =0x6b1409d127d96f87, R9 =0xabec91d6535085d2, R10=0x00007ff2d41b3150, R11=0x00007ff2d4000090
R12=0x0000000000000000, R13=0x00007ff2d0dfbe87, R14=0x00007ff2d42e6170, R15=0x00007ff2b39520c0
RIP=0x00007ff2b9684880, EFLAGS=0x0000000000010203, CSGSFS=0x002b000000000033, ERR=0x0000000000000004
  TRAPNO=0x000000000000000e

Top of Stack: (sp=0x00007ff3807ce958)
0x00007ff3807ce958:   00007ff2d27364f5 0000000000636f6c
0x00007ff3807ce968:   00007ff2a8615080 00007ff3807ceff0
0x00007ff3807ce978:   0000000000000000 00007ff2d0dfbe87
0x00007ff3807ce988:   00007ff2d42e6170 00007ff3807cef80 

Instructions: (pc=0x00007ff2b9684880)
0x00007ff2b9684780:   48 89 fe b9 ff ff ff 7f ba 01 00 00 00 31 c0 bf
0x00007ff2b9684790:   ca 00 00 00 e9 37 1a ff ff 0f 1f 80 00 00 00 00
0x00007ff2b96847a0:   f3 0f 1e fa 48 8b 05 0d 4b 17 00 80 38 00 74 10
0x00007ff2b96847b0:   c7 07 01 00 00 00 c3 66 0f 1f 84 00 00 00 00 00
0x00007ff2b96847c0:   b8 01 00 00 00 87 07 a9 00 00 01 00 75 02 c3 90
0x00007ff2b96847d0:   48 89 fe b9 ff ff ff 7f ba 01 00 00 00 31 c0 bf
0x00007ff2b96847e0:   ca 00 00 00 e9 e7 19 ff ff 0f 1f 80 00 00 00 00
0x00007ff2b96847f0:   f3 0f 1e fa 48 8d 05 d5 d2 16 00 48 83 c0 10 48
0x00007ff2b9684800:   89 07 e9 99 2c ff ff 66 0f 1f 84 00 00 00 00 00
0x00007ff2b9684810:   f3 0f 1e fa 53 48 89 fb e8 d3 ff ff ff 48 89 df
0x00007ff2b9684820:   be 08 00 00 00 5b e9 f5 37 ff ff 0f 1f 44 00 00
0x00007ff2b9684830:   f3 0f 1e fa 48 8d 05 95 d2 16 00 48 83 c0 10 48
0x00007ff2b9684840:   89 07 c3 66 2e 0f 1f 84 00 00 00 00 00 0f 1f 00
0x00007ff2b9684850:   f3 0f 1e fa 48 89 d0 49 89 f0 49 89 f1 48 89 f9
0x00007ff2b9684860:   48 ba 95 e9 d1 5b 93 a7 a4 c6 49 83 e1 f8 4c 0f
0x00007ff2b9684870:   af c2 49 01 f9 49 31 c0 4c 39 cf 74 2b 0f 1f 00
0x00007ff2b9684880:   48 8b 39 48 83 c1 08 48 0f af fa 48 89 f8 48 c1
0x00007ff2b9684890:   e8 2f 48 31 f8 48 0f af c2 4c 31 c0 48 0f af c2
0x00007ff2b96848a0:   49 89 c0 49 39 c9 75 d8 83 e6 07 74 30 83 ee 01
0x00007ff2b96848b0:   31 d2 48 63 c6 0f 1f 00 41 0f b6 0c 01 48 c1 e2
0x00007ff2b96848c0:   08 48 83 e8 01 48 01 ca 85 c0 79 ec 4c 31 c2 49
0x00007ff2b96848d0:   b8 95 e9 d1 5b 93 a7 a4 c6 4c 0f af c2 48 b8 95
0x00007ff2b96848e0:   e9 d1 5b 93 a7 a4 c6 4c 89 c2 48 c1 ea 2f 4c 31
0x00007ff2b96848f0:   c2 48 0f af d0 48 89 d0 48 c1 e8 2f 48 31 d0 c3
0x00007ff2b9684900:   f3 0f 1e fa 48 89 d0 48 85 f6 74 28 48 b9 b3 01
0x00007ff2b9684910:   00 00 00 01 00 00 48 01 fe 0f 1f 80 00 00 00 00
0x00007ff2b9684920:   48 0f be 17 48 83 c7 01 48 31 d0 48 0f af c1 48
0x00007ff2b9684930:   39 f7 75 ec c3 66 2e 0f 1f 84 00 00 00 00 00 90
0x00007ff2b9684940:   f3 0f 1e fa 48 8b 05 75 51 17 00 48 83 c0 10 48
0x00007ff2b9684950:   83 7f 08 00 48 89 07 74 0f 48 83 c7 08 e9 5e fa
0x00007ff2b9684960:   fe ff 66 0f 1f 44 00 00 c3 0f 1f 80 00 00 00 00
0x00007ff2b9684970:   f3 0f 1e fa 53 48 89 fb e8 d3 1f ff ff 48 89 df 


Stack slot to memory mapping:
stack at sp + 0 slots: 0x00007ff2d27364f5: _ZNKSt10_HashtableINSt7__cxx1112basic_stringIcSt11char_traitsIcESaIcEEES5_SaIS5_ENSt8__detail9_IdentityESt8equal_toIS5_ESt4hashIS5_ENS7_18_Mod_range_hashingENS7_20_Default_ranged_hashENS7_20_Prime_rehash_policyENS7_17_Hashtable_traitsILb1ELb1ELb1EEEE5countERKS5_+0x0000000000000025 in /tools/Xilinx/Vitis_HLS/2023.2/lib/lnx64.o/libxv_hls_hwsyn.so at 0x00007ff2d1bcd000
stack at sp + 1 slots: 0x0000000000636f6c is an unknown value
stack at sp + 2 slots: 0x00007ff2a8615080 points into unknown readable memory: 0x00007ff2cab9f6d8 | d8 f6 b9 ca f2 7f 00 00
stack at sp + 3 slots: 0x00007ff3807ceff0 is pointing into the stack for thread: 0x00007ff3fc9ef000
stack at sp + 4 slots: 0x0 is NULL
stack at sp + 5 slots: 0x00007ff2d0dfbe87: <offset 0x0000000000198e87> in /tools/Xilinx/Vitis_HLS/2023.2/lib/lnx64.o/libxv_board.so at 0x00007ff2d0c63000
stack at sp + 6 slots: 0x00007ff2d42e6170 points into unknown readable memory: 0x0000000000000001 | 01 00 00 00 00 00 00 00
stack at sp + 7 slots: 0x00007ff3807cef80 is pointing into the stack for thread: 0x00007ff3fc9ef000


---------------  P R O C E S S  ---------------

Threads class SMR info:
_java_thread_list=0x00007ff3ac000b70, length=13, elements={
0x00007ff3fc027800, 0x00007ff3fc377800, 0x00007ff3fc37c000, 0x00007ff3fc393000,
0x00007ff3fc395000, 0x00007ff3fc397800, 0x00007ff3fc399800, 0x00007ff3a803c800,
0x00007ff3fc428000, 0x00007ff330068800, 0x00007ff3fc9ef000, 0x00007ff2d4039000,
0x00007ff3a8350000
}

Java Threads: ( => current thread )
  0x00007ff3fc027800 JavaThread "main" [_thread_blocked, id=14434, stack(0x00007ff401700000,0x00007ff401800000)]
  0x00007ff3fc377800 JavaThread "Reference Handler" daemon [_thread_blocked, id=14441, stack(0x00007ff3cecf3000,0x00007ff3cedf3000)]
  0x00007ff3fc37c000 JavaThread "Finalizer" daemon [_thread_blocked, id=14442, stack(0x00007ff3cebf3000,0x00007ff3cecf3000)]
  0x00007ff3fc393000 JavaThread "Service Thread" daemon [_thread_blocked, id=14444, stack(0x00007ff3ce70a000,0x00007ff3ce80a000)]
  0x00007ff3fc395000 JavaThread "C2 CompilerThread0" daemon [_thread_blocked, id=14445, stack(0x00007ff3ce60a000,0x00007ff3ce70a000)]
  0x00007ff3fc397800 JavaThread "C1 CompilerThread0" daemon [_thread_blocked, id=14446, stack(0x00007ff3ce50a000,0x00007ff3ce60a000)]
  0x00007ff3fc399800 JavaThread "Sweeper thread" daemon [_thread_blocked, id=14447, stack(0x00007ff3ce40a000,0x00007ff3ce50a000)]
  0x00007ff3a803c800 JavaThread "C1 CompilerThread1" daemon [_thread_blocked, id=14448, stack(0x00007ff3ce30a000,0x00007ff3ce40a000)]
  0x00007ff3fc428000 JavaThread "Common-Cleaner" daemon [_thread_blocked, id=14449, stack(0x00007ff3ce20a000,0x00007ff3ce30a000)]
  0x00007ff330068800 JavaThread "Timer-0" daemon [_thread_blocked, id=14492, stack(0x00007ff381116000,0x00007ff381216000)]
=>0x00007ff3fc9ef000 JavaThread "Worker-1: Initialize the SWIG data" [_thread_in_native, id=14497, stack(0x00007ff3806d2000,0x00007ff3807d2000)]
  0x00007ff2d4039000 JavaThread "EMF Reference Cleaner" daemon [_thread_blocked, id=14498, stack(0x00007ff3805d2000,0x00007ff3806d2000)]
  0x00007ff3a8350000 JavaThread "C1 CompilerThread2" daemon [_thread_blocked, id=14505, stack(0x00007ff3807d2000,0x00007ff3808d2000)]

Other Threads:
  0x00007ff3fc36f800 VMThread "VM Thread" [stack: 0x00007ff3cedf5000,0x00007ff3ceef5000] [id=14440]
  0x00007ff3fc041800 GCTaskThread "GC Thread#0" [stack: 0x00007ff400f00000,0x00007ff401000000] [id=14435]
  0x00007ff3c0001000 GCTaskThread "GC Thread#1" [stack: 0x00007ff38302c000,0x00007ff38312c000] [id=14463]
  0x00007ff3c0002800 GCTaskThread "GC Thread#2" [stack: 0x00007ff382f2a000,0x00007ff38302a000] [id=14464]
  0x00007ff3c0004000 GCTaskThread "GC Thread#3" [stack: 0x00007ff382e28000,0x00007ff382f28000] [id=14465]
  0x00007ff3c0006000 GCTaskThread "GC Thread#4" [stack: 0x00007ff382d26000,0x00007ff382e26000] [id=14466]
  0x00007ff3c0007800 GCTaskThread "GC Thread#5" [stack: 0x00007ff382c24000,0x00007ff382d24000] [id=14467]
  0x00007ff3c0009000 GCTaskThread "GC Thread#6" [stack: 0x00007ff382b22000,0x00007ff382c22000] [id=14468]
  0x00007ff3c000a800 GCTaskThread "GC Thread#7" [stack: 0x00007ff382a20000,0x00007ff382b20000] [id=14469]
  0x00007ff3c000c000 GCTaskThread "GC Thread#8" [stack: 0x00007ff38291e000,0x00007ff382a1e000] [id=14470]
  0x00007ff3c000d800 GCTaskThread "GC Thread#9" [stack: 0x00007ff38281c000,0x00007ff38291c000] [id=14471]
  0x00007ff3c000f000 GCTaskThread "GC Thread#10" [stack: 0x00007ff38271a000,0x00007ff38281a000] [id=14472]
  0x00007ff3c0010800 GCTaskThread "GC Thread#11" [stack: 0x00007ff382618000,0x00007ff382718000] [id=14473]
  0x00007ff3fc0a2800 ConcurrentGCThread "G1 Main Marker" [stack: 0x00007ff3e4083000,0x00007ff3e4183000] [id=14436]
  0x00007ff3fc0a4800 ConcurrentGCThread "G1 Conc#0" [stack: 0x00007ff3d6700000,0x00007ff3d6800000] [id=14437]
  0x00007ff3d0001000 ConcurrentGCThread "G1 Conc#1" [stack: 0x00007ff380bd6000,0x00007ff380cd6000] [id=14493]
  0x00007ff3d0002800 ConcurrentGCThread "G1 Conc#2" [stack: 0x00007ff380ad4000,0x00007ff380bd4000] [id=14494]
  0x00007ff3fc2a2800 ConcurrentGCThread "G1 Refine#0" [stack: 0x00007ff3cf7f9000,0x00007ff3cf8f9000] [id=14438]
  0x00007ff3fc2a4000 ConcurrentGCThread "G1 Young RemSet Sampling" [stack: 0x00007ff3cf6f7000,0x00007ff3cf7f7000] [id=14439]

Threads with active compile tasks:
C1 CompilerThread0     6747 4339   !   3       org.eclipse.osgi.storage.BundleInfo$Generation::clearManifestCache (30 bytes)
C1 CompilerThread2     6747 4334       3       java.lang.invoke.VarHandleGuards::guard_LL_L (74 bytes)

VM state:at safepoint (shutting down)

VM Mutex/Monitor currently owned by a thread:  ([mutex/lock_event])
[0x00007ff3fc0255e0] Threads_lock - owner thread: 0x00007ff3fc36f800

Heap address: 0x0000000700000000, size: 4096 MB, Compressed Oops mode: Zero based, Oop shift amount: 3
Narrow klass base: 0x0000000800000000, Narrow klass shift: 0
Compressed class space size: 1073741824 Address: 0x0000000800000000

Heap:
 garbage-first heap   total 524288K, used 57733K [0x0000000700000000, 0x0000000800000000)
  region size 1024K, 58 young (59392K), 22 survivors (22528K)
 Metaspace       used 26520K, capacity 28042K, committed 28336K, reserved 1075200K
  class space    used 2436K, capacity 2949K, committed 3072K, reserved 1048576K
Heap Regions: E=young(eden), S=young(survivor), O=old, HS=humongous(starts), HC=humongous(continues), CS=collection set, F=free, A=archive, TAMS=top-at-mark-start (previous, next)
|   0|0x0000000700000000, 0x0000000700000000, 0x0000000700100000|  0%| F|  |TAMS 0x0000000700000000, 0x0000000700000000| Untracked 
|   1|0x0000000700100000, 0x0000000700200000, 0x0000000700200000|100%|HS|  |TAMS 0x0000000700200000, 0x0000000700100000| Complete 
|   2|0x0000000700200000, 0x0000000700200000, 0x0000000700300000|  0%| F|  |TAMS 0x0000000700200000, 0x0000000700200000| Untracked 
|   3|0x0000000700300000, 0x0000000700300000, 0x0000000700400000|  0%| F|  |TAMS 0x0000000700300000, 0x0000000700300000| Untracked 
|   4|0x0000000700400000, 0x0000000700400000, 0x0000000700500000|  0%| F|  |TAMS 0x0000000700400000, 0x0000000700400000| Untracked 
|   5|0x0000000700500000, 0x0000000700500000, 0x0000000700600000|  0%| F|  |TAMS 0x0000000700500000, 0x0000000700500000| Untracked 
|   6|0x0000000700600000, 0x0000000700600000, 0x0000000700700000|  0%| F|  |TAMS 0x0000000700600000, 0x0000000700600000| Untracked 
|   7|0x0000000700700000, 0x0000000700700000, 0x0000000700800000|  0%| F|  |TAMS 0x0000000700700000, 0x0000000700700000| Untracked 
|   8|0x0000000700800000, 0x0000000700800000, 0x0000000700900000|  0%| F|  |TAMS 0x0000000700800000, 0x0000000700800000| Untracked 
|   9|0x0000000700900000, 0x0000000700900000, 0x0000000700a00000|  0%| F|  |TAMS 0x0000000700900000, 0x0000000700900000| Untracked 
|  10|0x0000000700a00000, 0x0000000700a00000, 0x0000000700b00000|  0%| F|  |TAMS 0x0000000700a00000, 0x0000000700a00000| Untracked 
|  11|0x0000000700b00000, 0x0000000700b00000, 0x0000000700c00000|  0%| F|  |TAMS 0x0000000700b00000, 0x0000000700b00000| Untracked 
|  12|0x0000000700c00000, 0x0000000700c00000, 0x0000000700d00000|  0%| F|  |TAMS 0x0000000700c00000, 0x0000000700c00000| Untracked 
|  13|0x0000000700d00000, 0x0000000700d00000, 0x0000000700e00000|  0%| F|  |TAMS 0x0000000700d00000, 0x0000000700d00000| Untracked 
|  14|0x0000000700e00000, 0x0000000700e00000, 0x0000000700f00000|  0%| F|  |TAMS 0x0000000700e00000, 0x0000000700e00000| Untracked 
|  15|0x0000000700f00000, 0x0000000700f00000, 0x0000000701000000|  0%| F|  |TAMS 0x0000000700f00000, 0x0000000700f00000| Untracked 
|  16|0x0000000701000000, 0x0000000701000000, 0x0000000701100000|  0%| F|  |TAMS 0x0000000701000000, 0x0000000701000000| Untracked 
|  17|0x0000000701100000, 0x0000000701100000, 0x0000000701200000|  0%| F|  |TAMS 0x0000000701100000, 0x0000000701100000| Untracked 
|  18|0x0000000701200000, 0x0000000701200000, 0x0000000701300000|  0%| F|  |TAMS 0x0000000701200000, 0x0000000701200000| Untracked 
|  19|0x0000000701300000, 0x0000000701300000, 0x0000000701400000|  0%| F|  |TAMS 0x0000000701300000, 0x0000000701300000| Untracked 
|  20|0x0000000701400000, 0x0000000701400000, 0x0000000701500000|  0%| F|  |TAMS 0x0000000701400000, 0x0000000701400000| Untracked 
|  21|0x0000000701500000, 0x0000000701500000, 0x0000000701600000|  0%| F|  |TAMS 0x0000000701500000, 0x0000000701500000| Untracked 
|  22|0x0000000701600000, 0x0000000701600000, 0x0000000701700000|  0%| F|  |TAMS 0x0000000701600000, 0x0000000701600000| Untracked 
|  23|0x0000000701700000, 0x0000000701700000, 0x0000000701800000|  0%| F|  |TAMS 0x0000000701700000, 0x0000000701700000| Untracked 
|  24|0x0000000701800000, 0x0000000701800000, 0x0000000701900000|  0%| F|  |TAMS 0x0000000701800000, 0x0000000701800000| Untracked 
|  25|0x0000000701900000, 0x0000000701900000, 0x0000000701a00000|  0%| F|  |TAMS 0x0000000701900000, 0x0000000701900000| Untracked 
|  26|0x0000000701a00000, 0x0000000701a00000, 0x0000000701b00000|  0%| F|  |TAMS 0x0000000701a00000, 0x0000000701a00000| Untracked 
|  27|0x0000000701b00000, 0x0000000701b00000, 0x0000000701c00000|  0%| F|  |TAMS 0x0000000701b00000, 0x0000000701b00000| Untracked 
|  28|0x0000000701c00000, 0x0000000701c00000, 0x0000000701d00000|  0%| F|  |TAMS 0x0000000701c00000, 0x0000000701c00000| Untracked 
|  29|0x0000000701d00000, 0x0000000701d00000, 0x0000000701e00000|  0%| F|  |TAMS 0x0000000701d00000, 0x0000000701d00000| Untracked 
|  30|0x0000000701e00000, 0x0000000701e00000, 0x0000000701f00000|  0%| F|  |TAMS 0x0000000701e00000, 0x0000000701e00000| Untracked 
|  31|0x0000000701f00000, 0x0000000701f00000, 0x0000000702000000|  0%| F|  |TAMS 0x0000000701f00000, 0x0000000701f00000| Untracked 
|  32|0x0000000702000000, 0x0000000702000000, 0x0000000702100000|  0%| F|  |TAMS 0x0000000702000000, 0x0000000702000000| Untracked 
|  33|0x0000000702100000, 0x0000000702100000, 0x0000000702200000|  0%| F|  |TAMS 0x0000000702100000, 0x0000000702100000| Untracked 
|  34|0x0000000702200000, 0x0000000702200000, 0x0000000702300000|  0%| F|  |TAMS 0x0000000702200000, 0x0000000702200000| Untracked 
|  35|0x0000000702300000, 0x0000000702300000, 0x0000000702400000|  0%| F|  |TAMS 0x0000000702300000, 0x0000000702300000| Untracked 
|  36|0x0000000702400000, 0x0000000702400000, 0x0000000702500000|  0%| F|  |TAMS 0x0000000702400000, 0x0000000702400000| Untracked 
|  37|0x0000000702500000, 0x0000000702500000, 0x0000000702600000|  0%| F|  |TAMS 0x0000000702500000, 0x0000000702500000| Untracked 
|  38|0x0000000702600000, 0x0000000702600000, 0x0000000702700000|  0%| F|  |TAMS 0x0000000702600000, 0x0000000702600000| Untracked 
|  39|0x0000000702700000, 0x0000000702700000, 0x0000000702800000|  0%| F|  |TAMS 0x0000000702700000, 0x0000000702700000| Untracked 
|  40|0x0000000702800000, 0x0000000702800000, 0x0000000702900000|  0%| F|  |TAMS 0x0000000702800000, 0x0000000702800000| Untracked 
|  41|0x0000000702900000, 0x0000000702900000, 0x0000000702a00000|  0%| F|  |TAMS 0x0000000702900000, 0x0000000702900000| Untracked 
|  42|0x0000000702a00000, 0x0000000702a00000, 0x0000000702b00000|  0%| F|  |TAMS 0x0000000702a00000, 0x0000000702a00000| Untracked 
|  43|0x0000000702b00000, 0x0000000702b00000, 0x0000000702c00000|  0%| F|  |TAMS 0x0000000702b00000, 0x0000000702b00000| Untracked 
|  44|0x0000000702c00000, 0x0000000702c00000, 0x0000000702d00000|  0%| F|  |TAMS 0x0000000702c00000, 0x0000000702c00000| Untracked 
|  45|0x0000000702d00000, 0x0000000702d00000, 0x0000000702e00000|  0%| F|  |TAMS 0x0000000702d00000, 0x0000000702d00000| Untracked 
|  46|0x0000000702e00000, 0x0000000702e00000, 0x0000000702f00000|  0%| F|  |TAMS 0x0000000702e00000, 0x0000000702e00000| Untracked 
|  47|0x0000000702f00000, 0x0000000702f00000, 0x0000000703000000|  0%| F|  |TAMS 0x0000000702f00000, 0x0000000702f00000| Untracked 
|  48|0x0000000703000000, 0x0000000703000000, 0x0000000703100000|  0%| F|  |TAMS 0x0000000703000000, 0x0000000703000000| Untracked 
|  49|0x0000000703100000, 0x0000000703100000, 0x0000000703200000|  0%| F|  |TAMS 0x0000000703100000, 0x0000000703100000| Untracked 
|  50|0x0000000703200000, 0x0000000703200000, 0x0000000703300000|  0%| F|  |TAMS 0x0000000703200000, 0x0000000703200000| Untracked 
|  51|0x0000000703300000, 0x0000000703300000, 0x0000000703400000|  0%| F|  |TAMS 0x0000000703300000, 0x0000000703300000| Untracked 
|  52|0x0000000703400000, 0x0000000703400000, 0x0000000703500000|  0%| F|  |TAMS 0x0000000703400000, 0x0000000703400000| Untracked 
|  53|0x0000000703500000, 0x0000000703500000, 0x0000000703600000|  0%| F|  |TAMS 0x0000000703500000, 0x0000000703500000| Untracked 
|  54|0x0000000703600000, 0x0000000703600000, 0x0000000703700000|  0%| F|  |TAMS 0x0000000703600000, 0x0000000703600000| Untracked 
|  55|0x0000000703700000, 0x0000000703700000, 0x0000000703800000|  0%| F|  |TAMS 0x0000000703700000, 0x0000000703700000| Untracked 
|  56|0x0000000703800000, 0x0000000703800000, 0x0000000703900000|  0%| F|  |TAMS 0x0000000703800000, 0x0000000703800000| Untracked 
|  57|0x0000000703900000, 0x0000000703900000, 0x0000000703a00000|  0%| F|  |TAMS 0x0000000703900000, 0x0000000703900000| Untracked 
|  58|0x0000000703a00000, 0x0000000703a00000, 0x0000000703b00000|  0%| F|  |TAMS 0x0000000703a00000, 0x0000000703a00000| Untracked 
|  59|0x0000000703b00000, 0x0000000703b00000, 0x0000000703c00000|  0%| F|  |TAMS 0x0000000703b00000, 0x0000000703b00000| Untracked 
|  60|0x0000000703c00000, 0x0000000703c00000, 0x0000000703d00000|  0%| F|  |TAMS 0x0000000703c00000, 0x0000000703c00000| Untracked 
|  61|0x0000000703d00000, 0x0000000703d00000, 0x0000000703e00000|  0%| F|  |TAMS 0x0000000703d00000, 0x0000000703d00000| Untracked 
|  62|0x0000000703e00000, 0x0000000703e00000, 0x0000000703f00000|  0%| F|  |TAMS 0x0000000703e00000, 0x0000000703e00000| Untracked 
|  63|0x0000000703f00000, 0x0000000703f00000, 0x0000000704000000|  0%| F|  |TAMS 0x0000000703f00000, 0x0000000703f00000| Untracked 
|  64|0x0000000704000000, 0x0000000704000000, 0x0000000704100000|  0%| F|  |TAMS 0x0000000704000000, 0x0000000704000000| Untracked 
|  65|0x0000000704100000, 0x0000000704100000, 0x0000000704200000|  0%| F|  |TAMS 0x0000000704100000, 0x0000000704100000| Untracked 
|  66|0x0000000704200000, 0x0000000704200000, 0x0000000704300000|  0%| F|  |TAMS 0x0000000704200000, 0x0000000704200000| Untracked 
|  67|0x0000000704300000, 0x0000000704300000, 0x0000000704400000|  0%| F|  |TAMS 0x0000000704300000, 0x0000000704300000| Untracked 
|  68|0x0000000704400000, 0x0000000704400000, 0x0000000704500000|  0%| F|  |TAMS 0x0000000704400000, 0x0000000704400000| Untracked 
|  69|0x0000000704500000, 0x0000000704500000, 0x0000000704600000|  0%| F|  |TAMS 0x0000000704500000, 0x0000000704500000| Untracked 
|  70|0x0000000704600000, 0x0000000704600000, 0x0000000704700000|  0%| F|  |TAMS 0x0000000704600000, 0x0000000704600000| Untracked 
|  71|0x0000000704700000, 0x0000000704700000, 0x0000000704800000|  0%| F|  |TAMS 0x0000000704700000, 0x0000000704700000| Untracked 
|  72|0x0000000704800000, 0x0000000704800000, 0x0000000704900000|  0%| F|  |TAMS 0x0000000704800000, 0x0000000704800000| Untracked 
|  73|0x0000000704900000, 0x0000000704900000, 0x0000000704a00000|  0%| F|  |TAMS 0x0000000704900000, 0x0000000704900000| Untracked 
|  74|0x0000000704a00000, 0x0000000704a00000, 0x0000000704b00000|  0%| F|  |TAMS 0x0000000704a00000, 0x0000000704a00000| Untracked 
|  75|0x0000000704b00000, 0x0000000704b00000, 0x0000000704c00000|  0%| F|  |TAMS 0x0000000704b00000, 0x0000000704b00000| Untracked 
|  76|0x0000000704c00000, 0x0000000704c00000, 0x0000000704d00000|  0%| F|  |TAMS 0x0000000704c00000, 0x0000000704c00000| Untracked 
|  77|0x0000000704d00000, 0x0000000704d00000, 0x0000000704e00000|  0%| F|  |TAMS 0x0000000704d00000, 0x0000000704d00000| Untracked 
|  78|0x0000000704e00000, 0x0000000704e00000, 0x0000000704f00000|  0%| F|  |TAMS 0x0000000704e00000, 0x0000000704e00000| Untracked 
|  79|0x0000000704f00000, 0x0000000704f00000, 0x0000000705000000|  0%| F|  |TAMS 0x0000000704f00000, 0x0000000704f00000| Untracked 
|  80|0x0000000705000000, 0x0000000705000000, 0x0000000705100000|  0%| F|  |TAMS 0x0000000705000000, 0x0000000705000000| Untracked 
|  81|0x0000000705100000, 0x0000000705100000, 0x0000000705200000|  0%| F|  |TAMS 0x0000000705100000, 0x0000000705100000| Untracked 
|  82|0x0000000705200000, 0x0000000705200000, 0x0000000705300000|  0%| F|  |TAMS 0x0000000705200000, 0x0000000705200000| Untracked 
|  83|0x0000000705300000, 0x0000000705300000, 0x0000000705400000|  0%| F|  |TAMS 0x0000000705300000, 0x0000000705300000| Untracked 
|  84|0x0000000705400000, 0x0000000705400000, 0x0000000705500000|  0%| F|  |TAMS 0x0000000705400000, 0x0000000705400000| Untracked 
|  85|0x0000000705500000, 0x0000000705500000, 0x0000000705600000|  0%| F|  |TAMS 0x0000000705500000, 0x0000000705500000| Untracked 
|  86|0x0000000705600000, 0x0000000705600000, 0x0000000705700000|  0%| F|  |TAMS 0x0000000705600000, 0x0000000705600000| Untracked 
|  87|0x0000000705700000, 0x0000000705700000, 0x0000000705800000|  0%| F|  |TAMS 0x0000000705700000, 0x0000000705700000| Untracked 
|  88|0x0000000705800000, 0x0000000705800000, 0x0000000705900000|  0%| F|  |TAMS 0x0000000705800000, 0x0000000705800000| Untracked 
|  89|0x0000000705900000, 0x0000000705900000, 0x0000000705a00000|  0%| F|  |TAMS 0x0000000705900000, 0x0000000705900000| Untracked 
|  90|0x0000000705a00000, 0x0000000705a00000, 0x0000000705b00000|  0%| F|  |TAMS 0x0000000705a00000, 0x0000000705a00000| Untracked 
|  91|0x0000000705b00000, 0x0000000705b00000, 0x0000000705c00000|  0%| F|  |TAMS 0x0000000705b00000, 0x0000000705b00000| Untracked 
|  92|0x0000000705c00000, 0x0000000705c00000, 0x0000000705d00000|  0%| F|  |TAMS 0x0000000705c00000, 0x0000000705c00000| Untracked 
|  93|0x0000000705d00000, 0x0000000705d00000, 0x0000000705e00000|  0%| F|  |TAMS 0x0000000705d00000, 0x0000000705d00000| Untracked 
|  94|0x0000000705e00000, 0x0000000705e00000, 0x0000000705f00000|  0%| F|  |TAMS 0x0000000705e00000, 0x0000000705e00000| Untracked 
|  95|0x0000000705f00000, 0x0000000705f00000, 0x0000000706000000|  0%| F|  |TAMS 0x0000000705f00000, 0x0000000705f00000| Untracked 
|  96|0x0000000706000000, 0x0000000706000000, 0x0000000706100000|  0%| F|  |TAMS 0x0000000706000000, 0x0000000706000000| Untracked 
|  97|0x0000000706100000, 0x0000000706100000, 0x0000000706200000|  0%| F|  |TAMS 0x0000000706100000, 0x0000000706100000| Untracked 
|  98|0x0000000706200000, 0x0000000706200000, 0x0000000706300000|  0%| F|  |TAMS 0x0000000706200000, 0x0000000706200000| Untracked 
|  99|0x0000000706300000, 0x0000000706300000, 0x0000000706400000|  0%| F|  |TAMS 0x0000000706300000, 0x0000000706300000| Untracked 
| 100|0x0000000706400000, 0x0000000706400000, 0x0000000706500000|  0%| F|  |TAMS 0x0000000706400000, 0x0000000706400000| Untracked 
| 101|0x0000000706500000, 0x0000000706500000, 0x0000000706600000|  0%| F|  |TAMS 0x0000000706500000, 0x0000000706500000| Untracked 
| 102|0x0000000706600000, 0x0000000706600000, 0x0000000706700000|  0%| F|  |TAMS 0x0000000706600000, 0x0000000706600000| Untracked 
| 103|0x0000000706700000, 0x0000000706700000, 0x0000000706800000|  0%| F|  |TAMS 0x0000000706700000, 0x0000000706700000| Untracked 
| 104|0x0000000706800000, 0x0000000706800000, 0x0000000706900000|  0%| F|  |TAMS 0x0000000706800000, 0x0000000706800000| Untracked 
| 105|0x0000000706900000, 0x0000000706900000, 0x0000000706a00000|  0%| F|  |TAMS 0x0000000706900000, 0x0000000706900000| Untracked 
| 106|0x0000000706a00000, 0x0000000706a00000, 0x0000000706b00000|  0%| F|  |TAMS 0x0000000706a00000, 0x0000000706a00000| Untracked 
| 107|0x0000000706b00000, 0x0000000706b00000, 0x0000000706c00000|  0%| F|  |TAMS 0x0000000706b00000, 0x0000000706b00000| Untracked 
| 108|0x0000000706c00000, 0x0000000706c00000, 0x0000000706d00000|  0%| F|  |TAMS 0x0000000706c00000, 0x0000000706c00000| Untracked 
| 109|0x0000000706d00000, 0x0000000706d00000, 0x0000000706e00000|  0%| F|  |TAMS 0x0000000706d00000, 0x0000000706d00000| Untracked 
| 110|0x0000000706e00000, 0x0000000706e00000, 0x0000000706f00000|  0%| F|  |TAMS 0x0000000706e00000, 0x0000000706e00000| Untracked 
| 111|0x0000000706f00000, 0x0000000706f00000, 0x0000000707000000|  0%| F|  |TAMS 0x0000000706f00000, 0x0000000706f00000| Untracked 
| 112|0x0000000707000000, 0x0000000707000000, 0x0000000707100000|  0%| F|  |TAMS 0x0000000707000000, 0x0000000707000000| Untracked 
| 113|0x0000000707100000, 0x0000000707100000, 0x0000000707200000|  0%| F|  |TAMS 0x0000000707100000, 0x0000000707100000| Untracked 
| 114|0x0000000707200000, 0x0000000707200000, 0x0000000707300000|  0%| F|  |TAMS 0x0000000707200000, 0x0000000707200000| Untracked 
| 115|0x0000000707300000, 0x0000000707300000, 0x0000000707400000|  0%| F|  |TAMS 0x0000000707300000, 0x0000000707300000| Untracked 
| 116|0x0000000707400000, 0x0000000707400000, 0x0000000707500000|  0%| F|  |TAMS 0x0000000707400000, 0x0000000707400000| Untracked 
| 117|0x0000000707500000, 0x0000000707500000, 0x0000000707600000|  0%| F|  |TAMS 0x0000000707500000, 0x0000000707500000| Untracked 
| 118|0x0000000707600000, 0x0000000707600000, 0x0000000707700000|  0%| F|  |TAMS 0x0000000707600000, 0x0000000707600000| Untracked 
| 119|0x0000000707700000, 0x0000000707700000, 0x0000000707800000|  0%| F|  |TAMS 0x0000000707700000, 0x0000000707700000| Untracked 
| 120|0x0000000707800000, 0x0000000707800000, 0x0000000707900000|  0%| F|  |TAMS 0x0000000707800000, 0x0000000707800000| Untracked 
| 121|0x0000000707900000, 0x0000000707900000, 0x0000000707a00000|  0%| F|  |TAMS 0x0000000707900000, 0x0000000707900000| Untracked 
| 122|0x0000000707a00000, 0x0000000707a00000, 0x0000000707b00000|  0%| F|  |TAMS 0x0000000707a00000, 0x0000000707a00000| Untracked 
| 123|0x0000000707b00000, 0x0000000707b00000, 0x0000000707c00000|  0%| F|  |TAMS 0x0000000707b00000, 0x0000000707b00000| Untracked 
| 124|0x0000000707c00000, 0x0000000707c00000, 0x0000000707d00000|  0%| F|  |TAMS 0x0000000707c00000, 0x0000000707c00000| Untracked 
| 125|0x0000000707d00000, 0x0000000707d00000, 0x0000000707e00000|  0%| F|  |TAMS 0x0000000707d00000, 0x0000000707d00000| Untracked 
| 126|0x0000000707e00000, 0x0000000707e00000, 0x0000000707f00000|  0%| F|  |TAMS 0x0000000707e00000, 0x0000000707e00000| Untracked 
| 127|0x0000000707f00000, 0x0000000707f00000, 0x0000000708000000|  0%| F|  |TAMS 0x0000000707f00000, 0x0000000707f00000| Untracked 
| 128|0x0000000708000000, 0x0000000708000000, 0x0000000708100000|  0%| F|  |TAMS 0x0000000708000000, 0x0000000708000000| Untracked 
| 129|0x0000000708100000, 0x0000000708100000, 0x0000000708200000|  0%| F|  |TAMS 0x0000000708100000, 0x0000000708100000| Untracked 
| 130|0x0000000708200000, 0x0000000708200000, 0x0000000708300000|  0%| F|  |TAMS 0x0000000708200000, 0x0000000708200000| Untracked 
| 131|0x0000000708300000, 0x0000000708300000, 0x0000000708400000|  0%| F|  |TAMS 0x0000000708300000, 0x0000000708300000| Untracked 
| 132|0x0000000708400000, 0x0000000708400000, 0x0000000708500000|  0%| F|  |TAMS 0x0000000708400000, 0x0000000708400000| Untracked 
| 133|0x0000000708500000, 0x0000000708500000, 0x0000000708600000|  0%| F|  |TAMS 0x0000000708500000, 0x0000000708500000| Untracked 
| 134|0x0000000708600000, 0x0000000708600000, 0x0000000708700000|  0%| F|  |TAMS 0x0000000708600000, 0x0000000708600000| Untracked 
| 135|0x0000000708700000, 0x0000000708700000, 0x0000000708800000|  0%| F|  |TAMS 0x0000000708700000, 0x0000000708700000| Untracked 
| 136|0x0000000708800000, 0x0000000708800000, 0x0000000708900000|  0%| F|  |TAMS 0x0000000708800000, 0x0000000708800000| Untracked 
| 137|0x0000000708900000, 0x0000000708900000, 0x0000000708a00000|  0%| F|  |TAMS 0x0000000708900000, 0x0000000708900000| Untracked 
| 138|0x0000000708a00000, 0x0000000708a00000, 0x0000000708b00000|  0%| F|  |TAMS 0x0000000708a00000, 0x0000000708a00000| Untracked 
| 139|0x0000000708b00000, 0x0000000708b00000, 0x0000000708c00000|  0%| F|  |TAMS 0x0000000708b00000, 0x0000000708b00000| Untracked 
| 140|0x0000000708c00000, 0x0000000708c00000, 0x0000000708d00000|  0%| F|  |TAMS 0x0000000708c00000, 0x0000000708c00000| Untracked 
| 141|0x0000000708d00000, 0x0000000708d00000, 0x0000000708e00000|  0%| F|  |TAMS 0x0000000708d00000, 0x0000000708d00000| Untracked 
| 142|0x0000000708e00000, 0x0000000708e00000, 0x0000000708f00000|  0%| F|  |TAMS 0x0000000708e00000, 0x0000000708e00000| Untracked 
| 143|0x0000000708f00000, 0x0000000708f00000, 0x0000000709000000|  0%| F|  |TAMS 0x0000000708f00000, 0x0000000708f00000| Untracked 
| 144|0x0000000709000000, 0x0000000709000000, 0x0000000709100000|  0%| F|  |TAMS 0x0000000709000000, 0x0000000709000000| Untracked 
| 145|0x0000000709100000, 0x0000000709100000, 0x0000000709200000|  0%| F|  |TAMS 0x0000000709100000, 0x0000000709100000| Untracked 
| 146|0x0000000709200000, 0x0000000709200000, 0x0000000709300000|  0%| F|  |TAMS 0x0000000709200000, 0x0000000709200000| Untracked 
| 147|0x0000000709300000, 0x0000000709300000, 0x0000000709400000|  0%| F|  |TAMS 0x0000000709300000, 0x0000000709300000| Untracked 
| 148|0x0000000709400000, 0x0000000709400000, 0x0000000709500000|  0%| F|  |TAMS 0x0000000709400000, 0x0000000709400000| Untracked 
| 149|0x0000000709500000, 0x0000000709500000, 0x0000000709600000|  0%| F|  |TAMS 0x0000000709500000, 0x0000000709500000| Untracked 
| 150|0x0000000709600000, 0x0000000709600000, 0x0000000709700000|  0%| F|  |TAMS 0x0000000709600000, 0x0000000709600000| Untracked 
| 151|0x0000000709700000, 0x0000000709700000, 0x0000000709800000|  0%| F|  |TAMS 0x0000000709700000, 0x0000000709700000| Untracked 
| 152|0x0000000709800000, 0x0000000709800000, 0x0000000709900000|  0%| F|  |TAMS 0x0000000709800000, 0x0000000709800000| Untracked 
| 153|0x0000000709900000, 0x0000000709900000, 0x0000000709a00000|  0%| F|  |TAMS 0x0000000709900000, 0x0000000709900000| Untracked 
| 154|0x0000000709a00000, 0x0000000709a00000, 0x0000000709b00000|  0%| F|  |TAMS 0x0000000709a00000, 0x0000000709a00000| Untracked 
| 155|0x0000000709b00000, 0x0000000709b00000, 0x0000000709c00000|  0%| F|  |TAMS 0x0000000709b00000, 0x0000000709b00000| Untracked 
| 156|0x0000000709c00000, 0x0000000709c00000, 0x0000000709d00000|  0%| F|  |TAMS 0x0000000709c00000, 0x0000000709c00000| Untracked 
| 157|0x0000000709d00000, 0x0000000709d00000, 0x0000000709e00000|  0%| F|  |TAMS 0x0000000709d00000, 0x0000000709d00000| Untracked 
| 158|0x0000000709e00000, 0x0000000709e00000, 0x0000000709f00000|  0%| F|  |TAMS 0x0000000709e00000, 0x0000000709e00000| Untracked 
| 159|0x0000000709f00000, 0x0000000709f00000, 0x000000070a000000|  0%| F|  |TAMS 0x0000000709f00000, 0x0000000709f00000| Untracked 
| 160|0x000000070a000000, 0x000000070a000000, 0x000000070a100000|  0%| F|  |TAMS 0x000000070a000000, 0x000000070a000000| Untracked 
| 161|0x000000070a100000, 0x000000070a100000, 0x000000070a200000|  0%| F|  |TAMS 0x000000070a100000, 0x000000070a100000| Untracked 
| 162|0x000000070a200000, 0x000000070a200000, 0x000000070a300000|  0%| F|  |TAMS 0x000000070a200000, 0x000000070a200000| Untracked 
| 163|0x000000070a300000, 0x000000070a300000, 0x000000070a400000|  0%| F|  |TAMS 0x000000070a300000, 0x000000070a300000| Untracked 
| 164|0x000000070a400000, 0x000000070a400000, 0x000000070a500000|  0%| F|  |TAMS 0x000000070a400000, 0x000000070a400000| Untracked 
| 165|0x000000070a500000, 0x000000070a500000, 0x000000070a600000|  0%| F|  |TAMS 0x000000070a500000, 0x000000070a500000| Untracked 
| 166|0x000000070a600000, 0x000000070a600000, 0x000000070a700000|  0%| F|  |TAMS 0x000000070a600000, 0x000000070a600000| Untracked 
| 167|0x000000070a700000, 0x000000070a700000, 0x000000070a800000|  0%| F|  |TAMS 0x000000070a700000, 0x000000070a700000| Untracked 
| 168|0x000000070a800000, 0x000000070a800000, 0x000000070a900000|  0%| F|  |TAMS 0x000000070a800000, 0x000000070a800000| Untracked 
| 169|0x000000070a900000, 0x000000070a900000, 0x000000070aa00000|  0%| F|  |TAMS 0x000000070a900000, 0x000000070a900000| Untracked 
| 170|0x000000070aa00000, 0x000000070aa00000, 0x000000070ab00000|  0%| F|  |TAMS 0x000000070aa00000, 0x000000070aa00000| Untracked 
| 171|0x000000070ab00000, 0x000000070ab00000, 0x000000070ac00000|  0%| F|  |TAMS 0x000000070ab00000, 0x000000070ab00000| Untracked 
| 172|0x000000070ac00000, 0x000000070ac00000, 0x000000070ad00000|  0%| F|  |TAMS 0x000000070ac00000, 0x000000070ac00000| Untracked 
| 173|0x000000070ad00000, 0x000000070ad00000, 0x000000070ae00000|  0%| F|  |TAMS 0x000000070ad00000, 0x000000070ad00000| Untracked 
| 174|0x000000070ae00000, 0x000000070ae00000, 0x000000070af00000|  0%| F|  |TAMS 0x000000070ae00000, 0x000000070ae00000| Untracked 
| 175|0x000000070af00000, 0x000000070af00000, 0x000000070b000000|  0%| F|  |TAMS 0x000000070af00000, 0x000000070af00000| Untracked 
| 176|0x000000070b000000, 0x000000070b000000, 0x000000070b100000|  0%| F|  |TAMS 0x000000070b000000, 0x000000070b000000| Untracked 
| 177|0x000000070b100000, 0x000000070b100000, 0x000000070b200000|  0%| F|  |TAMS 0x000000070b100000, 0x000000070b100000| Untracked 
| 178|0x000000070b200000, 0x000000070b200000, 0x000000070b300000|  0%| F|  |TAMS 0x000000070b200000, 0x000000070b200000| Untracked 
| 179|0x000000070b300000, 0x000000070b300000, 0x000000070b400000|  0%| F|  |TAMS 0x000000070b300000, 0x000000070b300000| Untracked 
| 180|0x000000070b400000, 0x000000070b400000, 0x000000070b500000|  0%| F|  |TAMS 0x000000070b400000, 0x000000070b400000| Untracked 
| 181|0x000000070b500000, 0x000000070b500000, 0x000000070b600000|  0%| F|  |TAMS 0x000000070b500000, 0x000000070b500000| Untracked 
| 182|0x000000070b600000, 0x000000070b600000, 0x000000070b700000|  0%| F|  |TAMS 0x000000070b600000, 0x000000070b600000| Untracked 
| 183|0x000000070b700000, 0x000000070b700000, 0x000000070b800000|  0%| F|  |TAMS 0x000000070b700000, 0x000000070b700000| Untracked 
| 184|0x000000070b800000, 0x000000070b800000, 0x000000070b900000|  0%| F|  |TAMS 0x000000070b800000, 0x000000070b800000| Untracked 
| 185|0x000000070b900000, 0x000000070b900000, 0x000000070ba00000|  0%| F|  |TAMS 0x000000070b900000, 0x000000070b900000| Untracked 
| 186|0x000000070ba00000, 0x000000070ba00000, 0x000000070bb00000|  0%| F|  |TAMS 0x000000070ba00000, 0x000000070ba00000| Untracked 
| 187|0x000000070bb00000, 0x000000070bb00000, 0x000000070bc00000|  0%| F|  |TAMS 0x000000070bb00000, 0x000000070bb00000| Untracked 
| 188|0x000000070bc00000, 0x000000070bc00000, 0x000000070bd00000|  0%| F|  |TAMS 0x000000070bc00000, 0x000000070bc00000| Untracked 
| 189|0x000000070bd00000, 0x000000070bd00000, 0x000000070be00000|  0%| F|  |TAMS 0x000000070bd00000, 0x000000070bd00000| Untracked 
| 190|0x000000070be00000, 0x000000070be00000, 0x000000070bf00000|  0%| F|  |TAMS 0x000000070be00000, 0x000000070be00000| Untracked 
| 191|0x000000070bf00000, 0x000000070bf00000, 0x000000070c000000|  0%| F|  |TAMS 0x000000070bf00000, 0x000000070bf00000| Untracked 
| 192|0x000000070c000000, 0x000000070c000000, 0x000000070c100000|  0%| F|  |TAMS 0x000000070c000000, 0x000000070c000000| Untracked 
| 193|0x000000070c100000, 0x000000070c100000, 0x000000070c200000|  0%| F|  |TAMS 0x000000070c100000, 0x000000070c100000| Untracked 
| 194|0x000000070c200000, 0x000000070c200000, 0x000000070c300000|  0%| F|  |TAMS 0x000000070c200000, 0x000000070c200000| Untracked 
| 195|0x000000070c300000, 0x000000070c300000, 0x000000070c400000|  0%| F|  |TAMS 0x000000070c300000, 0x000000070c300000| Untracked 
| 196|0x000000070c400000, 0x000000070c400000, 0x000000070c500000|  0%| F|  |TAMS 0x000000070c400000, 0x000000070c400000| Untracked 
| 197|0x000000070c500000, 0x000000070c500000, 0x000000070c600000|  0%| F|  |TAMS 0x000000070c500000, 0x000000070c500000| Untracked 
| 198|0x000000070c600000, 0x000000070c600000, 0x000000070c700000|  0%| F|  |TAMS 0x000000070c600000, 0x000000070c600000| Untracked 
| 199|0x000000070c700000, 0x000000070c700000, 0x000000070c800000|  0%| F|  |TAMS 0x000000070c700000, 0x000000070c700000| Untracked 
| 200|0x000000070c800000, 0x000000070c800000, 0x000000070c900000|  0%| F|  |TAMS 0x000000070c800000, 0x000000070c800000| Untracked 
| 201|0x000000070c900000, 0x000000070c900000, 0x000000070ca00000|  0%| F|  |TAMS 0x000000070c900000, 0x000000070c900000| Untracked 
| 202|0x000000070ca00000, 0x000000070ca00000, 0x000000070cb00000|  0%| F|  |TAMS 0x000000070ca00000, 0x000000070ca00000| Untracked 
| 203|0x000000070cb00000, 0x000000070cb00000, 0x000000070cc00000|  0%| F|  |TAMS 0x000000070cb00000, 0x000000070cb00000| Untracked 
| 204|0x000000070cc00000, 0x000000070cc00000, 0x000000070cd00000|  0%| F|  |TAMS 0x000000070cc00000, 0x000000070cc00000| Untracked 
| 205|0x000000070cd00000, 0x000000070cd00000, 0x000000070ce00000|  0%| F|  |TAMS 0x000000070cd00000, 0x000000070cd00000| Untracked 
| 206|0x000000070ce00000, 0x000000070ce00000, 0x000000070cf00000|  0%| F|  |TAMS 0x000000070ce00000, 0x000000070ce00000| Untracked 
| 207|0x000000070cf00000, 0x000000070cf00000, 0x000000070d000000|  0%| F|  |TAMS 0x000000070cf00000, 0x000000070cf00000| Untracked 
| 208|0x000000070d000000, 0x000000070d000000, 0x000000070d100000|  0%| F|  |TAMS 0x000000070d000000, 0x000000070d000000| Untracked 
| 209|0x000000070d100000, 0x000000070d100000, 0x000000070d200000|  0%| F|  |TAMS 0x000000070d100000, 0x000000070d100000| Untracked 
| 210|0x000000070d200000, 0x000000070d200000, 0x000000070d300000|  0%| F|  |TAMS 0x000000070d200000, 0x000000070d200000| Untracked 
| 211|0x000000070d300000, 0x000000070d300000, 0x000000070d400000|  0%| F|  |TAMS 0x000000070d300000, 0x000000070d300000| Untracked 
| 212|0x000000070d400000, 0x000000070d400000, 0x000000070d500000|  0%| F|  |TAMS 0x000000070d400000, 0x000000070d400000| Untracked 
| 213|0x000000070d500000, 0x000000070d500000, 0x000000070d600000|  0%| F|  |TAMS 0x000000070d500000, 0x000000070d500000| Untracked 
| 214|0x000000070d600000, 0x000000070d600000, 0x000000070d700000|  0%| F|  |TAMS 0x000000070d600000, 0x000000070d600000| Untracked 
| 215|0x000000070d700000, 0x000000070d700000, 0x000000070d800000|  0%| F|  |TAMS 0x000000070d700000, 0x000000070d700000| Untracked 
| 216|0x000000070d800000, 0x000000070d800000, 0x000000070d900000|  0%| F|  |TAMS 0x000000070d800000, 0x000000070d800000| Untracked 
| 217|0x000000070d900000, 0x000000070d900000, 0x000000070da00000|  0%| F|  |TAMS 0x000000070d900000, 0x000000070d900000| Untracked 
| 218|0x000000070da00000, 0x000000070da00000, 0x000000070db00000|  0%| F|  |TAMS 0x000000070da00000, 0x000000070da00000| Untracked 
| 219|0x000000070db00000, 0x000000070db00000, 0x000000070dc00000|  0%| F|  |TAMS 0x000000070db00000, 0x000000070db00000| Untracked 
| 220|0x000000070dc00000, 0x000000070dc00000, 0x000000070dd00000|  0%| F|  |TAMS 0x000000070dc00000, 0x000000070dc00000| Untracked 
| 221|0x000000070dd00000, 0x000000070dd00000, 0x000000070de00000|  0%| F|  |TAMS 0x000000070dd00000, 0x000000070dd00000| Untracked 
| 222|0x000000070de00000, 0x000000070de00000, 0x000000070df00000|  0%| F|  |TAMS 0x000000070de00000, 0x000000070de00000| Untracked 
| 223|0x000000070df00000, 0x000000070df00000, 0x000000070e000000|  0%| F|  |TAMS 0x000000070df00000, 0x000000070df00000| Untracked 
| 224|0x000000070e000000, 0x000000070e000000, 0x000000070e100000|  0%| F|  |TAMS 0x000000070e000000, 0x000000070e000000| Untracked 
| 225|0x000000070e100000, 0x000000070e100000, 0x000000070e200000|  0%| F|  |TAMS 0x000000070e100000, 0x000000070e100000| Untracked 
| 226|0x000000070e200000, 0x000000070e200000, 0x000000070e300000|  0%| F|  |TAMS 0x000000070e200000, 0x000000070e200000| Untracked 
| 227|0x000000070e300000, 0x000000070e300000, 0x000000070e400000|  0%| F|  |TAMS 0x000000070e300000, 0x000000070e300000| Untracked 
| 228|0x000000070e400000, 0x000000070e400000, 0x000000070e500000|  0%| F|  |TAMS 0x000000070e400000, 0x000000070e400000| Untracked 
| 229|0x000000070e500000, 0x000000070e500000, 0x000000070e600000|  0%| F|  |TAMS 0x000000070e500000, 0x000000070e500000| Untracked 
| 230|0x000000070e600000, 0x000000070e600000, 0x000000070e700000|  0%| F|  |TAMS 0x000000070e600000, 0x000000070e600000| Untracked 
| 231|0x000000070e700000, 0x000000070e700000, 0x000000070e800000|  0%| F|  |TAMS 0x000000070e700000, 0x000000070e700000| Untracked 
| 232|0x000000070e800000, 0x000000070e800000, 0x000000070e900000|  0%| F|  |TAMS 0x000000070e800000, 0x000000070e800000| Untracked 
| 233|0x000000070e900000, 0x000000070e900000, 0x000000070ea00000|  0%| F|  |TAMS 0x000000070e900000, 0x000000070e900000| Untracked 
| 234|0x000000070ea00000, 0x000000070ea00000, 0x000000070eb00000|  0%| F|  |TAMS 0x000000070ea00000, 0x000000070ea00000| Untracked 
| 235|0x000000070eb00000, 0x000000070eb00000, 0x000000070ec00000|  0%| F|  |TAMS 0x000000070eb00000, 0x000000070eb00000| Untracked 
| 236|0x000000070ec00000, 0x000000070ec00000, 0x000000070ed00000|  0%| F|  |TAMS 0x000000070ec00000, 0x000000070ec00000| Untracked 
| 237|0x000000070ed00000, 0x000000070ed00000, 0x000000070ee00000|  0%| F|  |TAMS 0x000000070ed00000, 0x000000070ed00000| Untracked 
| 238|0x000000070ee00000, 0x000000070ee00000, 0x000000070ef00000|  0%| F|  |TAMS 0x000000070ee00000, 0x000000070ee00000| Untracked 
| 239|0x000000070ef00000, 0x000000070ef00000, 0x000000070f000000|  0%| F|  |TAMS 0x000000070ef00000, 0x000000070ef00000| Untracked 
| 240|0x000000070f000000, 0x000000070f000000, 0x000000070f100000|  0%| F|  |TAMS 0x000000070f000000, 0x000000070f000000| Untracked 
| 241|0x000000070f100000, 0x000000070f100000, 0x000000070f200000|  0%| F|  |TAMS 0x000000070f100000, 0x000000070f100000| Untracked 
| 242|0x000000070f200000, 0x000000070f200000, 0x000000070f300000|  0%| F|  |TAMS 0x000000070f200000, 0x000000070f200000| Untracked 
| 243|0x000000070f300000, 0x000000070f300000, 0x000000070f400000|  0%| F|  |TAMS 0x000000070f300000, 0x000000070f300000| Untracked 
| 244|0x000000070f400000, 0x000000070f400000, 0x000000070f500000|  0%| F|  |TAMS 0x000000070f400000, 0x000000070f400000| Untracked 
| 245|0x000000070f500000, 0x000000070f500000, 0x000000070f600000|  0%| F|  |TAMS 0x000000070f500000, 0x000000070f500000| Untracked 
| 246|0x000000070f600000, 0x000000070f600000, 0x000000070f700000|  0%| F|  |TAMS 0x000000070f600000, 0x000000070f600000| Untracked 
| 247|0x000000070f700000, 0x000000070f700000, 0x000000070f800000|  0%| F|  |TAMS 0x000000070f700000, 0x000000070f700000| Untracked 
| 248|0x000000070f800000, 0x000000070f800000, 0x000000070f900000|  0%| F|  |TAMS 0x000000070f800000, 0x000000070f800000| Untracked 
| 249|0x000000070f900000, 0x000000070f900000, 0x000000070fa00000|  0%| F|  |TAMS 0x000000070f900000, 0x000000070f900000| Untracked 
| 250|0x000000070fa00000, 0x000000070fa00000, 0x000000070fb00000|  0%| F|  |TAMS 0x000000070fa00000, 0x000000070fa00000| Untracked 
| 251|0x000000070fb00000, 0x000000070fb00000, 0x000000070fc00000|  0%| F|  |TAMS 0x000000070fb00000, 0x000000070fb00000| Untracked 
| 252|0x000000070fc00000, 0x000000070fc00000, 0x000000070fd00000|  0%| F|  |TAMS 0x000000070fc00000, 0x000000070fc00000| Untracked 
| 253|0x000000070fd00000, 0x000000070fd00000, 0x000000070fe00000|  0%| F|  |TAMS 0x000000070fd00000, 0x000000070fd00000| Untracked 
| 254|0x000000070fe00000, 0x000000070fe00000, 0x000000070ff00000|  0%| F|  |TAMS 0x000000070fe00000, 0x000000070fe00000| Untracked 
| 255|0x000000070ff00000, 0x000000070ff00000, 0x0000000710000000|  0%| F|  |TAMS 0x000000070ff00000, 0x000000070ff00000| Untracked 
| 256|0x0000000710000000, 0x0000000710000000, 0x0000000710100000|  0%| F|  |TAMS 0x0000000710000000, 0x0000000710000000| Untracked 
| 257|0x0000000710100000, 0x0000000710100000, 0x0000000710200000|  0%| F|  |TAMS 0x0000000710100000, 0x0000000710100000| Untracked 
| 258|0x0000000710200000, 0x0000000710200000, 0x0000000710300000|  0%| F|  |TAMS 0x0000000710200000, 0x0000000710200000| Untracked 
| 259|0x0000000710300000, 0x0000000710300000, 0x0000000710400000|  0%| F|  |TAMS 0x0000000710300000, 0x0000000710300000| Untracked 
| 260|0x0000000710400000, 0x0000000710400000, 0x0000000710500000|  0%| F|  |TAMS 0x0000000710400000, 0x0000000710400000| Untracked 
| 261|0x0000000710500000, 0x0000000710500000, 0x0000000710600000|  0%| F|  |TAMS 0x0000000710500000, 0x0000000710500000| Untracked 
| 262|0x0000000710600000, 0x0000000710600000, 0x0000000710700000|  0%| F|  |TAMS 0x0000000710600000, 0x0000000710600000| Untracked 
| 263|0x0000000710700000, 0x0000000710700000, 0x0000000710800000|  0%| F|  |TAMS 0x0000000710700000, 0x0000000710700000| Untracked 
| 264|0x0000000710800000, 0x0000000710800000, 0x0000000710900000|  0%| F|  |TAMS 0x0000000710800000, 0x0000000710800000| Untracked 
| 265|0x0000000710900000, 0x0000000710900000, 0x0000000710a00000|  0%| F|  |TAMS 0x0000000710900000, 0x0000000710900000| Untracked 
| 266|0x0000000710a00000, 0x0000000710a00000, 0x0000000710b00000|  0%| F|  |TAMS 0x0000000710a00000, 0x0000000710a00000| Untracked 
| 267|0x0000000710b00000, 0x0000000710b00000, 0x0000000710c00000|  0%| F|  |TAMS 0x0000000710b00000, 0x0000000710b00000| Untracked 
| 268|0x0000000710c00000, 0x0000000710c00000, 0x0000000710d00000|  0%| F|  |TAMS 0x0000000710c00000, 0x0000000710c00000| Untracked 
| 269|0x0000000710d00000, 0x0000000710d00000, 0x0000000710e00000|  0%| F|  |TAMS 0x0000000710d00000, 0x0000000710d00000| Untracked 
| 270|0x0000000710e00000, 0x0000000710e00000, 0x0000000710f00000|  0%| F|  |TAMS 0x0000000710e00000, 0x0000000710e00000| Untracked 
| 271|0x0000000710f00000, 0x0000000710f00000, 0x0000000711000000|  0%| F|  |TAMS 0x0000000710f00000, 0x0000000710f00000| Untracked 
| 272|0x0000000711000000, 0x0000000711000000, 0x0000000711100000|  0%| F|  |TAMS 0x0000000711000000, 0x0000000711000000| Untracked 
| 273|0x0000000711100000, 0x0000000711100000, 0x0000000711200000|  0%| F|  |TAMS 0x0000000711100000, 0x0000000711100000| Untracked 
| 274|0x0000000711200000, 0x0000000711200000, 0x0000000711300000|  0%| F|  |TAMS 0x0000000711200000, 0x0000000711200000| Untracked 
| 275|0x0000000711300000, 0x0000000711300000, 0x0000000711400000|  0%| F|  |TAMS 0x0000000711300000, 0x0000000711300000| Untracked 
| 276|0x0000000711400000, 0x0000000711400000, 0x0000000711500000|  0%| F|  |TAMS 0x0000000711400000, 0x0000000711400000| Untracked 
| 277|0x0000000711500000, 0x0000000711500000, 0x0000000711600000|  0%| F|  |TAMS 0x0000000711500000, 0x0000000711500000| Untracked 
| 278|0x0000000711600000, 0x0000000711661610, 0x0000000711700000| 38%| S|CS|TAMS 0x0000000711600000, 0x0000000711600000| Complete 
| 279|0x0000000711700000, 0x0000000711800000, 0x0000000711800000|100%| S|CS|TAMS 0x0000000711700000, 0x0000000711700000| Complete 
| 280|0x0000000711800000, 0x0000000711900000, 0x0000000711900000|100%| S|CS|TAMS 0x0000000711800000, 0x0000000711800000| Complete 
| 281|0x0000000711900000, 0x0000000711a00000, 0x0000000711a00000|100%| S|CS|TAMS 0x0000000711900000, 0x0000000711900000| Complete 
| 282|0x0000000711a00000, 0x0000000711b00000, 0x0000000711b00000|100%| S|CS|TAMS 0x0000000711a00000, 0x0000000711a00000| Complete 
| 283|0x0000000711b00000, 0x0000000711c00000, 0x0000000711c00000|100%| S|CS|TAMS 0x0000000711b00000, 0x0000000711b00000| Complete 
| 284|0x0000000711c00000, 0x0000000711d00000, 0x0000000711d00000|100%| S|CS|TAMS 0x0000000711c00000, 0x0000000711c00000| Complete 
| 285|0x0000000711d00000, 0x0000000711e00000, 0x0000000711e00000|100%| S|CS|TAMS 0x0000000711d00000, 0x0000000711d00000| Complete 
| 286|0x0000000711e00000, 0x0000000711f00000, 0x0000000711f00000|100%| S|CS|TAMS 0x0000000711e00000, 0x0000000711e00000| Complete 
| 287|0x0000000711f00000, 0x0000000712000000, 0x0000000712000000|100%| S|CS|TAMS 0x0000000711f00000, 0x0000000711f00000| Complete 
| 288|0x0000000712000000, 0x0000000712100000, 0x0000000712100000|100%| S|CS|TAMS 0x0000000712000000, 0x0000000712000000| Complete 
| 289|0x0000000712100000, 0x0000000712200000, 0x0000000712200000|100%| S|CS|TAMS 0x0000000712100000, 0x0000000712100000| Complete 
| 290|0x0000000712200000, 0x0000000712300000, 0x0000000712300000|100%| S|CS|TAMS 0x0000000712200000, 0x0000000712200000| Complete 
| 291|0x0000000712300000, 0x0000000712400000, 0x0000000712400000|100%| S|CS|TAMS 0x0000000712300000, 0x0000000712300000| Complete 
| 292|0x0000000712400000, 0x0000000712500000, 0x0000000712500000|100%| S|CS|TAMS 0x0000000712400000, 0x0000000712400000| Complete 
| 293|0x0000000712500000, 0x0000000712600000, 0x0000000712600000|100%| S|CS|TAMS 0x0000000712500000, 0x0000000712500000| Complete 
| 294|0x0000000712600000, 0x0000000712700000, 0x0000000712700000|100%| S|CS|TAMS 0x0000000712600000, 0x0000000712600000| Complete 
| 295|0x0000000712700000, 0x0000000712800000, 0x0000000712800000|100%| S|CS|TAMS 0x0000000712700000, 0x0000000712700000| Complete 
| 296|0x0000000712800000, 0x0000000712900000, 0x0000000712900000|100%| S|CS|TAMS 0x0000000712800000, 0x0000000712800000| Complete 
| 297|0x0000000712900000, 0x0000000712a00000, 0x0000000712a00000|100%| S|CS|TAMS 0x0000000712900000, 0x0000000712900000| Complete 
| 298|0x0000000712a00000, 0x0000000712b00000, 0x0000000712b00000|100%| S|CS|TAMS 0x0000000712a00000, 0x0000000712a00000| Complete 
| 299|0x0000000712b00000, 0x0000000712c00000, 0x0000000712c00000|100%| S|CS|TAMS 0x0000000712b00000, 0x0000000712b00000| Complete 
| 300|0x0000000712c00000, 0x0000000712c00000, 0x0000000712d00000|  0%| F|  |TAMS 0x0000000712c00000, 0x0000000712c00000| Untracked 
| 301|0x0000000712d00000, 0x0000000712d00000, 0x0000000712e00000|  0%| F|  |TAMS 0x0000000712d00000, 0x0000000712d00000| Untracked 
| 302|0x0000000712e00000, 0x0000000712e00000, 0x0000000712f00000|  0%| F|  |TAMS 0x0000000712e00000, 0x0000000712e00000| Untracked 
| 303|0x0000000712f00000, 0x0000000712f00000, 0x0000000713000000|  0%| F|  |TAMS 0x0000000712f00000, 0x0000000712f00000| Untracked 
| 304|0x0000000713000000, 0x0000000713000000, 0x0000000713100000|  0%| F|  |TAMS 0x0000000713000000, 0x0000000713000000| Untracked 
| 305|0x0000000713100000, 0x0000000713100000, 0x0000000713200000|  0%| F|  |TAMS 0x0000000713100000, 0x0000000713100000| Untracked 
| 306|0x0000000713200000, 0x0000000713200000, 0x0000000713300000|  0%| F|  |TAMS 0x0000000713200000, 0x0000000713200000| Untracked 
| 307|0x0000000713300000, 0x0000000713300000, 0x0000000713400000|  0%| F|  |TAMS 0x0000000713300000, 0x0000000713300000| Untracked 
| 308|0x0000000713400000, 0x0000000713400000, 0x0000000713500000|  0%| F|  |TAMS 0x0000000713400000, 0x0000000713400000| Untracked 
| 309|0x0000000713500000, 0x0000000713500000, 0x0000000713600000|  0%| F|  |TAMS 0x0000000713500000, 0x0000000713500000| Untracked 
| 310|0x0000000713600000, 0x0000000713600000, 0x0000000713700000|  0%| F|  |TAMS 0x0000000713600000, 0x0000000713600000| Untracked 
| 311|0x0000000713700000, 0x0000000713700000, 0x0000000713800000|  0%| F|  |TAMS 0x0000000713700000, 0x0000000713700000| Untracked 
| 312|0x0000000713800000, 0x0000000713800000, 0x0000000713900000|  0%| F|  |TAMS 0x0000000713800000, 0x0000000713800000| Untracked 
| 313|0x0000000713900000, 0x0000000713900000, 0x0000000713a00000|  0%| F|  |TAMS 0x0000000713900000, 0x0000000713900000| Untracked 
| 314|0x0000000713a00000, 0x0000000713a00000, 0x0000000713b00000|  0%| F|  |TAMS 0x0000000713a00000, 0x0000000713a00000| Untracked 
| 315|0x0000000713b00000, 0x0000000713b00000, 0x0000000713c00000|  0%| F|  |TAMS 0x0000000713b00000, 0x0000000713b00000| Untracked 
| 316|0x0000000713c00000, 0x0000000713c00000, 0x0000000713d00000|  0%| F|  |TAMS 0x0000000713c00000, 0x0000000713c00000| Untracked 
| 317|0x0000000713d00000, 0x0000000713d00000, 0x0000000713e00000|  0%| F|  |TAMS 0x0000000713d00000, 0x0000000713d00000| Untracked 
| 318|0x0000000713e00000, 0x0000000713e00000, 0x0000000713f00000|  0%| F|  |TAMS 0x0000000713e00000, 0x0000000713e00000| Untracked 
| 319|0x0000000713f00000, 0x0000000713f00000, 0x0000000714000000|  0%| F|  |TAMS 0x0000000713f00000, 0x0000000713f00000| Untracked 
| 320|0x0000000714000000, 0x0000000714000000, 0x0000000714100000|  0%| F|  |TAMS 0x0000000714000000, 0x0000000714000000| Untracked 
| 321|0x0000000714100000, 0x0000000714100000, 0x0000000714200000|  0%| F|  |TAMS 0x0000000714100000, 0x0000000714100000| Untracked 
| 322|0x0000000714200000, 0x0000000714200000, 0x0000000714300000|  0%| F|  |TAMS 0x0000000714200000, 0x0000000714200000| Untracked 
| 323|0x0000000714300000, 0x0000000714300000, 0x0000000714400000|  0%| F|  |TAMS 0x0000000714300000, 0x0000000714300000| Untracked 
| 324|0x0000000714400000, 0x0000000714400000, 0x0000000714500000|  0%| F|  |TAMS 0x0000000714400000, 0x0000000714400000| Untracked 
| 325|0x0000000714500000, 0x0000000714500000, 0x0000000714600000|  0%| F|  |TAMS 0x0000000714500000, 0x0000000714500000| Untracked 
| 326|0x0000000714600000, 0x0000000714600000, 0x0000000714700000|  0%| F|  |TAMS 0x0000000714600000, 0x0000000714600000| Untracked 
| 327|0x0000000714700000, 0x0000000714700000, 0x0000000714800000|  0%| F|  |TAMS 0x0000000714700000, 0x0000000714700000| Untracked 
| 328|0x0000000714800000, 0x0000000714800000, 0x0000000714900000|  0%| F|  |TAMS 0x0000000714800000, 0x0000000714800000| Untracked 
| 329|0x0000000714900000, 0x0000000714900000, 0x0000000714a00000|  0%| F|  |TAMS 0x0000000714900000, 0x0000000714900000| Untracked 
| 330|0x0000000714a00000, 0x0000000714a00000, 0x0000000714b00000|  0%| F|  |TAMS 0x0000000714a00000, 0x0000000714a00000| Untracked 
| 331|0x0000000714b00000, 0x0000000714b00000, 0x0000000714c00000|  0%| F|  |TAMS 0x0000000714b00000, 0x0000000714b00000| Untracked 
| 332|0x0000000714c00000, 0x0000000714c00000, 0x0000000714d00000|  0%| F|  |TAMS 0x0000000714c00000, 0x0000000714c00000| Untracked 
| 333|0x0000000714d00000, 0x0000000714d00000, 0x0000000714e00000|  0%| F|  |TAMS 0x0000000714d00000, 0x0000000714d00000| Untracked 
| 334|0x0000000714e00000, 0x0000000714e00000, 0x0000000714f00000|  0%| F|  |TAMS 0x0000000714e00000, 0x0000000714e00000| Untracked 
| 335|0x0000000714f00000, 0x0000000714f00000, 0x0000000715000000|  0%| F|  |TAMS 0x0000000714f00000, 0x0000000714f00000| Untracked 
| 336|0x0000000715000000, 0x0000000715000000, 0x0000000715100000|  0%| F|  |TAMS 0x0000000715000000, 0x0000000715000000| Untracked 
| 337|0x0000000715100000, 0x0000000715100000, 0x0000000715200000|  0%| F|  |TAMS 0x0000000715100000, 0x0000000715100000| Untracked 
| 338|0x0000000715200000, 0x0000000715200000, 0x0000000715300000|  0%| F|  |TAMS 0x0000000715200000, 0x0000000715200000| Untracked 
| 339|0x0000000715300000, 0x0000000715300000, 0x0000000715400000|  0%| F|  |TAMS 0x0000000715300000, 0x0000000715300000| Untracked 
| 340|0x0000000715400000, 0x0000000715400000, 0x0000000715500000|  0%| F|  |TAMS 0x0000000715400000, 0x0000000715400000| Untracked 
| 341|0x0000000715500000, 0x0000000715500000, 0x0000000715600000|  0%| F|  |TAMS 0x0000000715500000, 0x0000000715500000| Untracked 
| 342|0x0000000715600000, 0x0000000715600000, 0x0000000715700000|  0%| F|  |TAMS 0x0000000715600000, 0x0000000715600000| Untracked 
| 343|0x0000000715700000, 0x0000000715700000, 0x0000000715800000|  0%| F|  |TAMS 0x0000000715700000, 0x0000000715700000| Untracked 
| 344|0x0000000715800000, 0x0000000715800000, 0x0000000715900000|  0%| F|  |TAMS 0x0000000715800000, 0x0000000715800000| Untracked 
| 345|0x0000000715900000, 0x0000000715900000, 0x0000000715a00000|  0%| F|  |TAMS 0x0000000715900000, 0x0000000715900000| Untracked 
| 346|0x0000000715a00000, 0x0000000715a00000, 0x0000000715b00000|  0%| F|  |TAMS 0x0000000715a00000, 0x0000000715a00000| Untracked 
| 347|0x0000000715b00000, 0x0000000715b00000, 0x0000000715c00000|  0%| F|  |TAMS 0x0000000715b00000, 0x0000000715b00000| Untracked 
| 348|0x0000000715c00000, 0x0000000715c00000, 0x0000000715d00000|  0%| F|  |TAMS 0x0000000715c00000, 0x0000000715c00000| Untracked 
| 349|0x0000000715d00000, 0x0000000715d00000, 0x0000000715e00000|  0%| F|  |TAMS 0x0000000715d00000, 0x0000000715d00000| Untracked 
| 350|0x0000000715e00000, 0x0000000715e00000, 0x0000000715f00000|  0%| F|  |TAMS 0x0000000715e00000, 0x0000000715e00000| Untracked 
| 351|0x0000000715f00000, 0x0000000715f00000, 0x0000000716000000|  0%| F|  |TAMS 0x0000000715f00000, 0x0000000715f00000| Untracked 
| 352|0x0000000716000000, 0x0000000716000000, 0x0000000716100000|  0%| F|  |TAMS 0x0000000716000000, 0x0000000716000000| Untracked 
| 353|0x0000000716100000, 0x0000000716100000, 0x0000000716200000|  0%| F|  |TAMS 0x0000000716100000, 0x0000000716100000| Untracked 
| 354|0x0000000716200000, 0x0000000716200000, 0x0000000716300000|  0%| F|  |TAMS 0x0000000716200000, 0x0000000716200000| Untracked 
| 355|0x0000000716300000, 0x0000000716300000, 0x0000000716400000|  0%| F|  |TAMS 0x0000000716300000, 0x0000000716300000| Untracked 
| 356|0x0000000716400000, 0x0000000716400000, 0x0000000716500000|  0%| F|  |TAMS 0x0000000716400000, 0x0000000716400000| Untracked 
| 357|0x0000000716500000, 0x0000000716500000, 0x0000000716600000|  0%| F|  |TAMS 0x0000000716500000, 0x0000000716500000| Untracked 
| 358|0x0000000716600000, 0x0000000716600000, 0x0000000716700000|  0%| F|  |TAMS 0x0000000716600000, 0x0000000716600000| Untracked 
| 359|0x0000000716700000, 0x0000000716700000, 0x0000000716800000|  0%| F|  |TAMS 0x0000000716700000, 0x0000000716700000| Untracked 
| 360|0x0000000716800000, 0x0000000716800000, 0x0000000716900000|  0%| F|  |TAMS 0x0000000716800000, 0x0000000716800000| Untracked 
| 361|0x0000000716900000, 0x0000000716900000, 0x0000000716a00000|  0%| F|  |TAMS 0x0000000716900000, 0x0000000716900000| Untracked 
| 362|0x0000000716a00000, 0x0000000716a00000, 0x0000000716b00000|  0%| F|  |TAMS 0x0000000716a00000, 0x0000000716a00000| Untracked 
| 363|0x0000000716b00000, 0x0000000716b00000, 0x0000000716c00000|  0%| F|  |TAMS 0x0000000716b00000, 0x0000000716b00000| Untracked 
| 364|0x0000000716c00000, 0x0000000716c00000, 0x0000000716d00000|  0%| F|  |TAMS 0x0000000716c00000, 0x0000000716c00000| Untracked 
| 365|0x0000000716d00000, 0x0000000716d00000, 0x0000000716e00000|  0%| F|  |TAMS 0x0000000716d00000, 0x0000000716d00000| Untracked 
| 366|0x0000000716e00000, 0x0000000716e00000, 0x0000000716f00000|  0%| F|  |TAMS 0x0000000716e00000, 0x0000000716e00000| Untracked 
| 367|0x0000000716f00000, 0x0000000716f00000, 0x0000000717000000|  0%| F|  |TAMS 0x0000000716f00000, 0x0000000716f00000| Untracked 
| 368|0x0000000717000000, 0x0000000717000000, 0x0000000717100000|  0%| F|  |TAMS 0x0000000717000000, 0x0000000717000000| Untracked 
| 369|0x0000000717100000, 0x0000000717100000, 0x0000000717200000|  0%| F|  |TAMS 0x0000000717100000, 0x0000000717100000| Untracked 
| 370|0x0000000717200000, 0x0000000717200000, 0x0000000717300000|  0%| F|  |TAMS 0x0000000717200000, 0x0000000717200000| Untracked 
| 371|0x0000000717300000, 0x0000000717300000, 0x0000000717400000|  0%| F|  |TAMS 0x0000000717300000, 0x0000000717300000| Untracked 
| 372|0x0000000717400000, 0x0000000717400000, 0x0000000717500000|  0%| F|  |TAMS 0x0000000717400000, 0x0000000717400000| Untracked 
| 373|0x0000000717500000, 0x0000000717500000, 0x0000000717600000|  0%| F|  |TAMS 0x0000000717500000, 0x0000000717500000| Untracked 
| 374|0x0000000717600000, 0x0000000717600000, 0x0000000717700000|  0%| F|  |TAMS 0x0000000717600000, 0x0000000717600000| Untracked 
| 375|0x0000000717700000, 0x0000000717700000, 0x0000000717800000|  0%| F|  |TAMS 0x0000000717700000, 0x0000000717700000| Untracked 
| 376|0x0000000717800000, 0x0000000717800000, 0x0000000717900000|  0%| F|  |TAMS 0x0000000717800000, 0x0000000717800000| Untracked 
| 377|0x0000000717900000, 0x0000000717900000, 0x0000000717a00000|  0%| F|  |TAMS 0x0000000717900000, 0x0000000717900000| Untracked 
| 378|0x0000000717a00000, 0x0000000717a00000, 0x0000000717b00000|  0%| F|  |TAMS 0x0000000717a00000, 0x0000000717a00000| Untracked 
| 379|0x0000000717b00000, 0x0000000717b00000, 0x0000000717c00000|  0%| F|  |TAMS 0x0000000717b00000, 0x0000000717b00000| Untracked 
| 380|0x0000000717c00000, 0x0000000717c00000, 0x0000000717d00000|  0%| F|  |TAMS 0x0000000717c00000, 0x0000000717c00000| Untracked 
| 381|0x0000000717d00000, 0x0000000717d00000, 0x0000000717e00000|  0%| F|  |TAMS 0x0000000717d00000, 0x0000000717d00000| Untracked 
| 382|0x0000000717e00000, 0x0000000717e00000, 0x0000000717f00000|  0%| F|  |TAMS 0x0000000717e00000, 0x0000000717e00000| Untracked 
| 383|0x0000000717f00000, 0x0000000717f00000, 0x0000000718000000|  0%| F|  |TAMS 0x0000000717f00000, 0x0000000717f00000| Untracked 
| 384|0x0000000718000000, 0x0000000718000000, 0x0000000718100000|  0%| F|  |TAMS 0x0000000718000000, 0x0000000718000000| Untracked 
| 385|0x0000000718100000, 0x0000000718100000, 0x0000000718200000|  0%| F|  |TAMS 0x0000000718100000, 0x0000000718100000| Untracked 
| 386|0x0000000718200000, 0x0000000718200000, 0x0000000718300000|  0%| F|  |TAMS 0x0000000718200000, 0x0000000718200000| Untracked 
| 387|0x0000000718300000, 0x0000000718300000, 0x0000000718400000|  0%| F|  |TAMS 0x0000000718300000, 0x0000000718300000| Untracked 
| 388|0x0000000718400000, 0x0000000718400000, 0x0000000718500000|  0%| F|  |TAMS 0x0000000718400000, 0x0000000718400000| Untracked 
| 389|0x0000000718500000, 0x0000000718500000, 0x0000000718600000|  0%| F|  |TAMS 0x0000000718500000, 0x0000000718500000| Untracked 
| 390|0x0000000718600000, 0x0000000718600000, 0x0000000718700000|  0%| F|  |TAMS 0x0000000718600000, 0x0000000718600000| Untracked 
| 391|0x0000000718700000, 0x0000000718700000, 0x0000000718800000|  0%| F|  |TAMS 0x0000000718700000, 0x0000000718700000| Untracked 
| 392|0x0000000718800000, 0x0000000718800000, 0x0000000718900000|  0%| F|  |TAMS 0x0000000718800000, 0x0000000718800000| Untracked 
| 393|0x0000000718900000, 0x0000000718900000, 0x0000000718a00000|  0%| F|  |TAMS 0x0000000718900000, 0x0000000718900000| Untracked 
| 394|0x0000000718a00000, 0x0000000718a00000, 0x0000000718b00000|  0%| F|  |TAMS 0x0000000718a00000, 0x0000000718a00000| Untracked 
| 395|0x0000000718b00000, 0x0000000718b00000, 0x0000000718c00000|  0%| F|  |TAMS 0x0000000718b00000, 0x0000000718b00000| Untracked 
| 396|0x0000000718c00000, 0x0000000718c00000, 0x0000000718d00000|  0%| F|  |TAMS 0x0000000718c00000, 0x0000000718c00000| Untracked 
| 397|0x0000000718d00000, 0x0000000718d00000, 0x0000000718e00000|  0%| F|  |TAMS 0x0000000718d00000, 0x0000000718d00000| Untracked 
| 398|0x0000000718e00000, 0x0000000718e00000, 0x0000000718f00000|  0%| F|  |TAMS 0x0000000718e00000, 0x0000000718e00000| Untracked 
| 399|0x0000000718f00000, 0x0000000718f00000, 0x0000000719000000|  0%| F|  |TAMS 0x0000000718f00000, 0x0000000718f00000| Untracked 
| 400|0x0000000719000000, 0x0000000719000000, 0x0000000719100000|  0%| F|  |TAMS 0x0000000719000000, 0x0000000719000000| Untracked 
| 401|0x0000000719100000, 0x0000000719100000, 0x0000000719200000|  0%| F|  |TAMS 0x0000000719100000, 0x0000000719100000| Untracked 
| 402|0x0000000719200000, 0x0000000719200000, 0x0000000719300000|  0%| F|  |TAMS 0x0000000719200000, 0x0000000719200000| Untracked 
| 403|0x0000000719300000, 0x0000000719300000, 0x0000000719400000|  0%| F|  |TAMS 0x0000000719300000, 0x0000000719300000| Untracked 
| 404|0x0000000719400000, 0x0000000719400000, 0x0000000719500000|  0%| F|  |TAMS 0x0000000719400000, 0x0000000719400000| Untracked 
| 405|0x0000000719500000, 0x0000000719500000, 0x0000000719600000|  0%| F|  |TAMS 0x0000000719500000, 0x0000000719500000| Untracked 
| 406|0x0000000719600000, 0x0000000719600000, 0x0000000719700000|  0%| F|  |TAMS 0x0000000719600000, 0x0000000719600000| Untracked 
| 407|0x0000000719700000, 0x0000000719700000, 0x0000000719800000|  0%| F|  |TAMS 0x0000000719700000, 0x0000000719700000| Untracked 
| 408|0x0000000719800000, 0x0000000719800000, 0x0000000719900000|  0%| F|  |TAMS 0x0000000719800000, 0x0000000719800000| Untracked 
| 409|0x0000000719900000, 0x0000000719900000, 0x0000000719a00000|  0%| F|  |TAMS 0x0000000719900000, 0x0000000719900000| Untracked 
| 410|0x0000000719a00000, 0x0000000719a00000, 0x0000000719b00000|  0%| F|  |TAMS 0x0000000719a00000, 0x0000000719a00000| Untracked 
| 411|0x0000000719b00000, 0x0000000719b00000, 0x0000000719c00000|  0%| F|  |TAMS 0x0000000719b00000, 0x0000000719b00000| Untracked 
| 412|0x0000000719c00000, 0x0000000719c00000, 0x0000000719d00000|  0%| F|  |TAMS 0x0000000719c00000, 0x0000000719c00000| Untracked 
| 413|0x0000000719d00000, 0x0000000719d00000, 0x0000000719e00000|  0%| F|  |TAMS 0x0000000719d00000, 0x0000000719d00000| Untracked 
| 414|0x0000000719e00000, 0x0000000719e00000, 0x0000000719f00000|  0%| F|  |TAMS 0x0000000719e00000, 0x0000000719e00000| Untracked 
| 415|0x0000000719f00000, 0x0000000719f00000, 0x000000071a000000|  0%| F|  |TAMS 0x0000000719f00000, 0x0000000719f00000| Untracked 
| 416|0x000000071a000000, 0x000000071a000000, 0x000000071a100000|  0%| F|  |TAMS 0x000000071a000000, 0x000000071a000000| Untracked 
| 417|0x000000071a100000, 0x000000071a100000, 0x000000071a200000|  0%| F|  |TAMS 0x000000071a100000, 0x000000071a100000| Untracked 
| 418|0x000000071a200000, 0x000000071a200000, 0x000000071a300000|  0%| F|  |TAMS 0x000000071a200000, 0x000000071a200000| Untracked 
| 419|0x000000071a300000, 0x000000071a300000, 0x000000071a400000|  0%| F|  |TAMS 0x000000071a300000, 0x000000071a300000| Untracked 
| 420|0x000000071a400000, 0x000000071a400000, 0x000000071a500000|  0%| F|  |TAMS 0x000000071a400000, 0x000000071a400000| Untracked 
| 421|0x000000071a500000, 0x000000071a500000, 0x000000071a600000|  0%| F|  |TAMS 0x000000071a500000, 0x000000071a500000| Untracked 
| 422|0x000000071a600000, 0x000000071a600000, 0x000000071a700000|  0%| F|  |TAMS 0x000000071a600000, 0x000000071a600000| Untracked 
| 423|0x000000071a700000, 0x000000071a700000, 0x000000071a800000|  0%| F|  |TAMS 0x000000071a700000, 0x000000071a700000| Untracked 
| 424|0x000000071a800000, 0x000000071a800000, 0x000000071a900000|  0%| F|  |TAMS 0x000000071a800000, 0x000000071a800000| Untracked 
| 425|0x000000071a900000, 0x000000071a900000, 0x000000071aa00000|  0%| F|  |TAMS 0x000000071a900000, 0x000000071a900000| Untracked 
| 426|0x000000071aa00000, 0x000000071aa00000, 0x000000071ab00000|  0%| F|  |TAMS 0x000000071aa00000, 0x000000071aa00000| Untracked 
| 427|0x000000071ab00000, 0x000000071ab00000, 0x000000071ac00000|  0%| F|  |TAMS 0x000000071ab00000, 0x000000071ab00000| Untracked 
| 428|0x000000071ac00000, 0x000000071ac00000, 0x000000071ad00000|  0%| F|  |TAMS 0x000000071ac00000, 0x000000071ac00000| Untracked 
| 429|0x000000071ad00000, 0x000000071ad00000, 0x000000071ae00000|  0%| F|  |TAMS 0x000000071ad00000, 0x000000071ad00000| Untracked 
| 430|0x000000071ae00000, 0x000000071ae00000, 0x000000071af00000|  0%| F|  |TAMS 0x000000071ae00000, 0x000000071ae00000| Untracked 
| 431|0x000000071af00000, 0x000000071af00000, 0x000000071b000000|  0%| F|  |TAMS 0x000000071af00000, 0x000000071af00000| Untracked 
| 432|0x000000071b000000, 0x000000071b000000, 0x000000071b100000|  0%| F|  |TAMS 0x000000071b000000, 0x000000071b000000| Untracked 
| 433|0x000000071b100000, 0x000000071b100000, 0x000000071b200000|  0%| F|  |TAMS 0x000000071b100000, 0x000000071b100000| Untracked 
| 434|0x000000071b200000, 0x000000071b200000, 0x000000071b300000|  0%| F|  |TAMS 0x000000071b200000, 0x000000071b200000| Untracked 
| 435|0x000000071b300000, 0x000000071b300000, 0x000000071b400000|  0%| F|  |TAMS 0x000000071b300000, 0x000000071b300000| Untracked 
| 436|0x000000071b400000, 0x000000071b400000, 0x000000071b500000|  0%| F|  |TAMS 0x000000071b400000, 0x000000071b400000| Untracked 
| 437|0x000000071b500000, 0x000000071b500000, 0x000000071b600000|  0%| F|  |TAMS 0x000000071b500000, 0x000000071b500000| Untracked 
| 438|0x000000071b600000, 0x000000071b600000, 0x000000071b700000|  0%| F|  |TAMS 0x000000071b600000, 0x000000071b600000| Untracked 
| 439|0x000000071b700000, 0x000000071b700000, 0x000000071b800000|  0%| F|  |TAMS 0x000000071b700000, 0x000000071b700000| Untracked 
| 440|0x000000071b800000, 0x000000071b800000, 0x000000071b900000|  0%| F|  |TAMS 0x000000071b800000, 0x000000071b800000| Untracked 
| 441|0x000000071b900000, 0x000000071b900000, 0x000000071ba00000|  0%| F|  |TAMS 0x000000071b900000, 0x000000071b900000| Untracked 
| 442|0x000000071ba00000, 0x000000071ba00000, 0x000000071bb00000|  0%| F|  |TAMS 0x000000071ba00000, 0x000000071ba00000| Untracked 
| 443|0x000000071bb00000, 0x000000071bb00000, 0x000000071bc00000|  0%| F|  |TAMS 0x000000071bb00000, 0x000000071bb00000| Untracked 
| 444|0x000000071bc00000, 0x000000071bc00000, 0x000000071bd00000|  0%| F|  |TAMS 0x000000071bc00000, 0x000000071bc00000| Untracked 
| 445|0x000000071bd00000, 0x000000071bd00000, 0x000000071be00000|  0%| F|  |TAMS 0x000000071bd00000, 0x000000071bd00000| Untracked 
| 446|0x000000071be00000, 0x000000071be00000, 0x000000071bf00000|  0%| F|  |TAMS 0x000000071be00000, 0x000000071be00000| Untracked 
| 447|0x000000071bf00000, 0x000000071bf00000, 0x000000071c000000|  0%| F|  |TAMS 0x000000071bf00000, 0x000000071bf00000| Untracked 
| 448|0x000000071c000000, 0x000000071c000000, 0x000000071c100000|  0%| F|  |TAMS 0x000000071c000000, 0x000000071c000000| Untracked 
| 449|0x000000071c100000, 0x000000071c100000, 0x000000071c200000|  0%| F|  |TAMS 0x000000071c100000, 0x000000071c100000| Untracked 
| 450|0x000000071c200000, 0x000000071c200000, 0x000000071c300000|  0%| F|  |TAMS 0x000000071c200000, 0x000000071c200000| Untracked 
| 451|0x000000071c300000, 0x000000071c300000, 0x000000071c400000|  0%| F|  |TAMS 0x000000071c300000, 0x000000071c300000| Untracked 
| 452|0x000000071c400000, 0x000000071c400000, 0x000000071c500000|  0%| F|  |TAMS 0x000000071c400000, 0x000000071c400000| Untracked 
| 453|0x000000071c500000, 0x000000071c500000, 0x000000071c600000|  0%| F|  |TAMS 0x000000071c500000, 0x000000071c500000| Untracked 
| 454|0x000000071c600000, 0x000000071c600000, 0x000000071c700000|  0%| F|  |TAMS 0x000000071c600000, 0x000000071c600000| Untracked 
| 455|0x000000071c700000, 0x000000071c700000, 0x000000071c800000|  0%| F|  |TAMS 0x000000071c700000, 0x000000071c700000| Untracked 
| 456|0x000000071c800000, 0x000000071c800000, 0x000000071c900000|  0%| F|  |TAMS 0x000000071c800000, 0x000000071c800000| Untracked 
| 457|0x000000071c900000, 0x000000071c900000, 0x000000071ca00000|  0%| F|  |TAMS 0x000000071c900000, 0x000000071c900000| Untracked 
| 458|0x000000071ca00000, 0x000000071ca00000, 0x000000071cb00000|  0%| F|  |TAMS 0x000000071ca00000, 0x000000071ca00000| Untracked 
| 459|0x000000071cb00000, 0x000000071cb00000, 0x000000071cc00000|  0%| F|  |TAMS 0x000000071cb00000, 0x000000071cb00000| Untracked 
| 460|0x000000071cc00000, 0x000000071cc00000, 0x000000071cd00000|  0%| F|  |TAMS 0x000000071cc00000, 0x000000071cc00000| Untracked 
| 461|0x000000071cd00000, 0x000000071cd00000, 0x000000071ce00000|  0%| F|  |TAMS 0x000000071cd00000, 0x000000071cd00000| Untracked 
| 462|0x000000071ce00000, 0x000000071ce00000, 0x000000071cf00000|  0%| F|  |TAMS 0x000000071ce00000, 0x000000071ce00000| Untracked 
| 463|0x000000071cf00000, 0x000000071cf00000, 0x000000071d000000|  0%| F|  |TAMS 0x000000071cf00000, 0x000000071cf00000| Untracked 
| 464|0x000000071d000000, 0x000000071d000000, 0x000000071d100000|  0%| F|  |TAMS 0x000000071d000000, 0x000000071d000000| Untracked 
| 465|0x000000071d100000, 0x000000071d100000, 0x000000071d200000|  0%| F|  |TAMS 0x000000071d100000, 0x000000071d100000| Untracked 
| 466|0x000000071d200000, 0x000000071d200000, 0x000000071d300000|  0%| F|  |TAMS 0x000000071d200000, 0x000000071d200000| Untracked 
| 467|0x000000071d300000, 0x000000071d300000, 0x000000071d400000|  0%| F|  |TAMS 0x000000071d300000, 0x000000071d300000| Untracked 
| 468|0x000000071d400000, 0x000000071d400000, 0x000000071d500000|  0%| F|  |TAMS 0x000000071d400000, 0x000000071d400000| Untracked 
| 469|0x000000071d500000, 0x000000071d500000, 0x000000071d600000|  0%| F|  |TAMS 0x000000071d500000, 0x000000071d500000| Untracked 
| 470|0x000000071d600000, 0x000000071d600000, 0x000000071d700000|  0%| F|  |TAMS 0x000000071d600000, 0x000000071d600000| Untracked 
| 471|0x000000071d700000, 0x000000071d700000, 0x000000071d800000|  0%| F|  |TAMS 0x000000071d700000, 0x000000071d700000| Untracked 
| 472|0x000000071d800000, 0x000000071d800000, 0x000000071d900000|  0%| F|  |TAMS 0x000000071d800000, 0x000000071d800000| Untracked 
| 473|0x000000071d900000, 0x000000071d900000, 0x000000071da00000|  0%| F|  |TAMS 0x000000071d900000, 0x000000071d900000| Untracked 
| 474|0x000000071da00000, 0x000000071da00000, 0x000000071db00000|  0%| F|  |TAMS 0x000000071da00000, 0x000000071da00000| Untracked 
| 475|0x000000071db00000, 0x000000071db00000, 0x000000071dc00000|  0%| F|  |TAMS 0x000000071db00000, 0x000000071db00000| Untracked 
| 476|0x000000071dc00000, 0x000000071dc7aad8, 0x000000071dd00000| 47%| E|  |TAMS 0x000000071dc00000, 0x000000071dc00000| Complete 
| 477|0x000000071dd00000, 0x000000071de00000, 0x000000071de00000|100%| E|CS|TAMS 0x000000071dd00000, 0x000000071dd00000| Complete 
| 478|0x000000071de00000, 0x000000071df00000, 0x000000071df00000|100%| E|CS|TAMS 0x000000071de00000, 0x000000071de00000| Complete 
| 479|0x000000071df00000, 0x000000071e000000, 0x000000071e000000|100%| E|CS|TAMS 0x000000071df00000, 0x000000071df00000| Complete 
| 480|0x000000071e000000, 0x000000071e100000, 0x000000071e100000|100%| E|CS|TAMS 0x000000071e000000, 0x000000071e000000| Complete 
| 481|0x000000071e100000, 0x000000071e200000, 0x000000071e200000|100%| E|CS|TAMS 0x000000071e100000, 0x000000071e100000| Complete 
| 482|0x000000071e200000, 0x000000071e300000, 0x000000071e300000|100%| E|  |TAMS 0x000000071e200000, 0x000000071e200000| Complete 
| 483|0x000000071e300000, 0x000000071e400000, 0x000000071e400000|100%| E|CS|TAMS 0x000000071e300000, 0x000000071e300000| Complete 
| 484|0x000000071e400000, 0x000000071e500000, 0x000000071e500000|100%| E|CS|TAMS 0x000000071e400000, 0x000000071e400000| Complete 
| 485|0x000000071e500000, 0x000000071e600000, 0x000000071e600000|100%| E|CS|TAMS 0x000000071e500000, 0x000000071e500000| Complete 
| 486|0x000000071e600000, 0x000000071e700000, 0x000000071e700000|100%| E|CS|TAMS 0x000000071e600000, 0x000000071e600000| Complete 
| 487|0x000000071e700000, 0x000000071e800000, 0x000000071e800000|100%| E|CS|TAMS 0x000000071e700000, 0x000000071e700000| Complete 
| 488|0x000000071e800000, 0x000000071e900000, 0x000000071e900000|100%| E|CS|TAMS 0x000000071e800000, 0x000000071e800000| Complete 
| 489|0x000000071e900000, 0x000000071ea00000, 0x000000071ea00000|100%| E|CS|TAMS 0x000000071e900000, 0x000000071e900000| Complete 
| 490|0x000000071ea00000, 0x000000071eb00000, 0x000000071eb00000|100%| E|CS|TAMS 0x000000071ea00000, 0x000000071ea00000| Complete 
| 491|0x000000071eb00000, 0x000000071ec00000, 0x000000071ec00000|100%| E|CS|TAMS 0x000000071eb00000, 0x000000071eb00000| Complete 
| 492|0x000000071ec00000, 0x000000071ed00000, 0x000000071ed00000|100%| E|CS|TAMS 0x000000071ec00000, 0x000000071ec00000| Complete 
| 493|0x000000071ed00000, 0x000000071ee00000, 0x000000071ee00000|100%| E|CS|TAMS 0x000000071ed00000, 0x000000071ed00000| Complete 
| 494|0x000000071ee00000, 0x000000071ef00000, 0x000000071ef00000|100%| E|CS|TAMS 0x000000071ee00000, 0x000000071ee00000| Complete 
| 495|0x000000071ef00000, 0x000000071f000000, 0x000000071f000000|100%| E|CS|TAMS 0x000000071ef00000, 0x000000071ef00000| Complete 
| 496|0x000000071f000000, 0x000000071f100000, 0x000000071f100000|100%| E|CS|TAMS 0x000000071f000000, 0x000000071f000000| Complete 
| 497|0x000000071f100000, 0x000000071f200000, 0x000000071f200000|100%| E|CS|TAMS 0x000000071f100000, 0x000000071f100000| Complete 
| 498|0x000000071f200000, 0x000000071f300000, 0x000000071f300000|100%| E|CS|TAMS 0x000000071f200000, 0x000000071f200000| Complete 
| 499|0x000000071f300000, 0x000000071f400000, 0x000000071f400000|100%| E|CS|TAMS 0x000000071f300000, 0x000000071f300000| Complete 
| 500|0x000000071f400000, 0x000000071f500000, 0x000000071f500000|100%| E|CS|TAMS 0x000000071f400000, 0x000000071f400000| Complete 
| 501|0x000000071f500000, 0x000000071f600000, 0x000000071f600000|100%| E|CS|TAMS 0x000000071f500000, 0x000000071f500000| Complete 
| 502|0x000000071f600000, 0x000000071f700000, 0x000000071f700000|100%| E|CS|TAMS 0x000000071f600000, 0x000000071f600000| Complete 
| 503|0x000000071f700000, 0x000000071f800000, 0x000000071f800000|100%| E|CS|TAMS 0x000000071f700000, 0x000000071f700000| Complete 
| 504|0x000000071f800000, 0x000000071f900000, 0x000000071f900000|100%| E|CS|TAMS 0x000000071f800000, 0x000000071f800000| Complete 
| 505|0x000000071f900000, 0x000000071fa00000, 0x000000071fa00000|100%| E|CS|TAMS 0x000000071f900000, 0x000000071f900000| Complete 
| 506|0x000000071fa00000, 0x000000071fb00000, 0x000000071fb00000|100%| E|CS|TAMS 0x000000071fa00000, 0x000000071fa00000| Complete 
| 507|0x000000071fb00000, 0x000000071fc00000, 0x000000071fc00000|100%| E|CS|TAMS 0x000000071fb00000, 0x000000071fb00000| Complete 
| 508|0x000000071fc00000, 0x000000071fd00000, 0x000000071fd00000|100%| E|CS|TAMS 0x000000071fc00000, 0x000000071fc00000| Complete 
| 509|0x000000071fd00000, 0x000000071fe00000, 0x000000071fe00000|100%| E|CS|TAMS 0x000000071fd00000, 0x000000071fd00000| Complete 
| 510|0x000000071fe00000, 0x000000071ff00000, 0x000000071ff00000|100%| E|CS|TAMS 0x000000071fe00000, 0x000000071fe00000| Complete 
| 511|0x000000071ff00000, 0x0000000720000000, 0x0000000720000000|100%| E|CS|TAMS 0x000000071ff00000, 0x000000071ff00000| Complete 

Card table byte_map: [0x00007ff3df000000,0x00007ff3df800000] _byte_map_base: 0x00007ff3db800000

Marking Bits (Prev, Next): (CMBitMap*) 0x00007ff3fc0918d0, (CMBitMap*) 0x00007ff3fc091898
 Prev Bits: [0x00007ff3d6800000, 0x00007ff3da800000)
 Next Bits: [0x00007ff3da800000, 0x00007ff3de800000)

Polling page: 0x00007ff4033e6000

Metaspace:

Usage:
  Non-class:     24.50 MB capacity,    23.52 MB ( 96%) used,   964.93 KB (  4%) free+waste,    44.50 KB ( <1%) overhead. 
      Class:      2.88 MB capacity,     2.38 MB ( 83%) used,   491.12 KB ( 17%) free+waste,    21.19 KB ( <1%) overhead. 
       Both:     27.38 MB capacity,    25.90 MB ( 95%) used,     1.42 MB (  5%) free+waste,    65.69 KB ( <1%) overhead. 

Virtual space:
  Non-class space:       26.00 MB reserved,      24.67 MB ( 95%) committed 
      Class space:        1.00 GB reserved,       3.00 MB ( <1%) committed 
             Both:        1.03 GB reserved,      27.67 MB (  3%) committed 

Chunk freelists:
   Non-Class:  43.00 KB
       Class:  27.00 KB
        Both:  70.00 KB

MaxMetaspaceSize: unlimited
CompressedClassSpaceSize: 1.00 GB
Initial GC threshold: 20.80 MB
Current GC threshold: 35.08 MB
CDS: off

CodeHeap 'non-profiled nmethods': size=119172Kb used=3037Kb max_used=3037Kb free=116134Kb
 bounds [0x00007ff3ec3b0000, 0x00007ff3ec6b0000, 0x00007ff3f3811000]
CodeHeap 'profiled nmethods': size=119168Kb used=10680Kb max_used=10680Kb free=108488Kb
 bounds [0x00007ff3e4f50000, 0x00007ff3e59c0000, 0x00007ff3ec3b0000]
CodeHeap 'non-nmethods': size=7420Kb used=2402Kb max_used=3020Kb free=5017Kb
 bounds [0x00007ff3e4811000, 0x00007ff3e4b11000, 0x00007ff3e4f50000]
 total_blobs=4892 nmethods=4335 adapters=467
 compilation: enabled
              stopped_count=0, restarted_count=0
 full_count=0

Compilation events (20 events):
Event: 6.392 Thread 0x00007ff3a803c800 4330       3       jdk.internal.misc.Unsafe::weakCompareAndSetObject (11 bytes)
Event: 6.392 Thread 0x00007ff3a8350000 4331       1       org.eclipse.osgi.storage.Storage::getModuleDatabase (5 bytes)
Event: 6.392 Thread 0x00007ff3a803c800 nmethod 4330 0x00007ff3e59b9510 code [0x00007ff3e59b96c0, 0x00007ff3e59b9830]
Event: 6.392 Thread 0x00007ff3a8350000 nmethod 4331 0x00007ff3ec6a7310 code [0x00007ff3ec6a74c0, 0x00007ff3ec6a7570]
Event: 6.393 Thread 0x00007ff3fc397800 4332       3       org.eclipse.osgi.container.ModuleContainer::getModule (9 bytes)
Event: 6.393 Thread 0x00007ff3a803c800 4333       3       java.util.concurrent.atomic.AtomicReference::getAndSet (9 bytes)
Event: 6.393 Thread 0x00007ff3a8350000 4334       3       java.lang.invoke.VarHandleGuards::guard_LL_L (74 bytes)
Event: 6.393 Thread 0x00007ff3fc397800 nmethod 4332 0x00007ff3e59b9910 code [0x00007ff3e59b9ac0, 0x00007ff3e59b9c00]
Event: 6.393 Thread 0x00007ff3fc397800 4335       3       java.lang.invoke.VarHandleObjects$FieldInstanceReadWrite::getAndSet (30 bytes)
Event: 6.394 Thread 0x00007ff3a803c800 nmethod 4333 0x00007ff3e59b9d10 code [0x00007ff3e59b9fa0, 0x00007ff3e59bac50]
Event: 6.394 Thread 0x00007ff3a803c800 4336       3       jdk.internal.misc.Unsafe::getAndSetObject (24 bytes)
Event: 6.394 Thread 0x00007ff3a803c800 nmethod 4336 0x00007ff3e59baf90 code [0x00007ff3e59bb160, 0x00007ff3e59bb470]
Event: 6.394 Thread 0x00007ff3a803c800 4337       3       org.eclipse.osgi.internal.container.AtomicLazyInitializer::getAndClear (9 bytes)
Event: 6.394 Thread 0x00007ff3fc397800 nmethod 4335 0x00007ff3e59bb590 code [0x00007ff3e59bb7c0, 0x00007ff3e59bbf00]
Event: 6.394 Thread 0x00007ff3fc397800 4338       3       org.eclipse.osgi.container.Module::holdsTransitionEventLock (25 bytes)
Event: 6.395 Thread 0x00007ff3fc397800 nmethod 4338 0x00007ff3e59bc210 code [0x00007ff3e59bc400, 0x00007ff3e59bc900]
Event: 6.395 Thread 0x00007ff3fc397800 4339   !   3       org.eclipse.osgi.storage.BundleInfo$Generation::clearManifestCache (30 bytes)
Event: 6.395 Thread 0x00007ff3a803c800 nmethod 4337 0x00007ff3e59bca90 code [0x00007ff3e59bcd20, 0x00007ff3e59bd920]
Event: 6.395 Thread 0x00007ff3a803c800 4340       3       org.eclipse.osgi.container.ModuleWiring::unload (6 bytes)
Event: 6.395 Thread 0x00007ff3a803c800 nmethod 4340 0x00007ff3e59bdc90 code [0x00007ff3e59bde40, 0x00007ff3e59bdf60]

GC Heap History (4 events):
Event: 0.516 GC heap before
{Heap before GC invocations=0 (full 0):
 garbage-first heap   total 524288K, used 25600K [0x0000000700000000, 0x0000000800000000)
  region size 1024K, 25 young (25600K), 0 survivors (0K)
 Metaspace       used 13878K, capacity 14152K, committed 14464K, reserved 1062912K
  class space    used 1247K, capacity 1333K, committed 1408K, reserved 1048576K
}
Event: 0.527 GC heap after
{Heap after GC invocations=1 (full 0):
 garbage-first heap   total 524288K, used 3797K [0x0000000700000000, 0x0000000800000000)
  region size 1024K, 4 young (4096K), 4 survivors (4096K)
 Metaspace       used 13878K, capacity 14152K, committed 14464K, reserved 1062912K
  class space    used 1247K, capacity 1333K, committed 1408K, reserved 1048576K
}
Event: 2.147 GC heap before
{Heap before GC invocations=1 (full 0):
 garbage-first heap   total 524288K, used 217813K [0x0000000700000000, 0x0000000800000000)
  region size 1024K, 212 young (217088K), 4 survivors (4096K)
 Metaspace       used 20321K, capacity 21203K, committed 21296K, reserved 1069056K
  class space    used 1807K, capacity 2133K, committed 2176K, reserved 1048576K
}
Event: 2.179 GC heap after
{Heap after GC invocations=2 (full 0):
 garbage-first heap   total 524288K, used 22917K [0x0000000700000000, 0x0000000800000000)
  region size 1024K, 22 young (22528K), 22 survivors (22528K)
 Metaspace       used 20321K, capacity 21203K, committed 21296K, reserved 1069056K
  class space    used 1807K, capacity 2133K, committed 2176K, reserved 1048576K
}

Deoptimization events (20 events):
Event: 6.380 Thread 0x00007ff32400c000 DEOPT UNPACKING pc=0x00007ff3e48192a5 sp=0x00007ff381d143b0 mode 2
Event: 6.380 Thread 0x00007ff324006800 DEOPT PACKING pc=0x00007ff3ec4c0e18 sp=0x00007ff382014410
Event: 6.380 Thread 0x00007ff3fc782800 DEOPT UNPACKING pc=0x00007ff3e48192a5 sp=0x00007ff38372a3b0 mode 2
Event: 6.380 Thread 0x00007ff324006800 DEOPT UNPACKING pc=0x00007ff3e48192a5 sp=0x00007ff3820143b0 mode 2
Event: 6.380 Thread 0x00007ff324005000 Uncommon trap: trap_request=0xffffff4d fr.pc=0x00007ff3ec4c0e18 relative=0x0000000000000458
Event: 6.380 Thread 0x00007ff374002000 Uncommon trap: trap_request=0xffffff4d fr.pc=0x00007ff3ec4c0e18 relative=0x0000000000000458
Event: 6.380 Thread 0x00007ff324005000 Uncommon trap: reason=unstable_if action=reinterpret pc=0x00007ff3ec4c0e18 method=java.util.concurrent.SynchronousQueue$TransferStack.awaitFulfill(Ljava/util/concurrent/SynchronousQueue$TransferStack$SNode;ZJ)Ljava/util/concurrent/SynchronousQueue$Transfe
Event: 6.380 Thread 0x00007ff324005000 DEOPT PACKING pc=0x00007ff3ec4c0e18 sp=0x00007ff382114410
Event: 6.380 Thread 0x00007ff374002000 Uncommon trap: reason=unstable_if action=reinterpret pc=0x00007ff3ec4c0e18 method=java.util.concurrent.SynchronousQueue$TransferStack.awaitFulfill(Ljava/util/concurrent/SynchronousQueue$TransferStack$SNode;ZJ)Ljava/util/concurrent/SynchronousQueue$Transfe
Event: 6.380 Thread 0x00007ff374002000 DEOPT PACKING pc=0x00007ff3ec4c0e18 sp=0x00007ff38392a410
Event: 6.380 Thread 0x00007ff324005000 DEOPT UNPACKING pc=0x00007ff3e48192a5 sp=0x00007ff3821143b0 mode 2
Event: 6.380 Thread 0x00007ff374002000 DEOPT UNPACKING pc=0x00007ff3e48192a5 sp=0x00007ff38392a3b0 mode 2
Event: 6.380 Thread 0x00007ff324011800 Uncommon trap: trap_request=0xffffff4d fr.pc=0x00007ff3ec4c0e18 relative=0x0000000000000458
Event: 6.380 Thread 0x00007ff324011800 Uncommon trap: reason=unstable_if action=reinterpret pc=0x00007ff3ec4c0e18 method=java.util.concurrent.SynchronousQueue$TransferStack.awaitFulfill(Ljava/util/concurrent/SynchronousQueue$TransferStack$SNode;ZJ)Ljava/util/concurrent/SynchronousQueue$Transfe
Event: 6.380 Thread 0x00007ff324011800 DEOPT PACKING pc=0x00007ff3ec4c0e18 sp=0x00007ff381a14410
Event: 6.380 Thread 0x00007ff324011800 DEOPT UNPACKING pc=0x00007ff3e48192a5 sp=0x00007ff381a143b0 mode 2
Event: 6.382 Thread 0x00007ff3fc8bd800 Uncommon trap: trap_request=0xffffff4d fr.pc=0x00007ff3ec658ca0 relative=0x0000000000000760
Event: 6.382 Thread 0x00007ff3fc8bd800 Uncommon trap: reason=unstable_if action=reinterpret pc=0x00007ff3ec658ca0 method=org.eclipse.osgi.internal.framework.BundleContextImpl.dispatchEvent(Ljava/lang/Object;Ljava/lang/Object;ILjava/lang/Object;)V @ 10 c2
Event: 6.382 Thread 0x00007ff3fc8bd800 DEOPT PACKING pc=0x00007ff3ec658ca0 sp=0x00007ff3803d02b0
Event: 6.382 Thread 0x00007ff3fc8bd800 DEOPT UNPACKING pc=0x00007ff3e48192a5 sp=0x00007ff3803d0260 mode 2

Classes redefined (0 events):
No events

Internal exceptions (20 events):
Event: 0.491 Thread 0x00007ff3fc027800 Exception <a 'java/lang/NoSuchMethodError'{0x000000071e864500}: 'int java.lang.invoke.DirectMethodHandle$Holder.invokeStaticInit(java.lang.Object, java.lang.Object, java.lang.Object, java.lang.Object)'> (0x000000071e864500) thrown at [./src/hotspot/share/interpreter/linkResolver.cpp, line 773]
Event: 0.492 Thread 0x00007ff3fc027800 Exception <a 'java/lang/IncompatibleClassChangeError'{0x000000071e86e448}: Found class java.lang.Object, but interface was expected> (0x000000071e86e448) thrown at [./src/hotspot/share/interpreter/linkResolver.cpp, line 839]
Event: 0.492 Thread 0x00007ff3fc027800 Exception <a 'java/lang/NoSuchMethodError'{0x000000071e8717b0}: 'void java.lang.invoke.DirectMethodHandle$Holder.invokeStaticInit(java.lang.Object, java.lang.Object)'> (0x000000071e8717b0) thrown at [./src/hotspot/share/interpreter/linkResolver.cpp, line 773]
Event: 0.493 Thread 0x00007ff3fc027800 Exception <a 'java/lang/NoSuchMethodError'{0x000000071e876a78}: 'int java.lang.invoke.DirectMethodHandle$Holder.invokeStaticInit(java.lang.Object, java.lang.Object)'> (0x000000071e876a78) thrown at [./src/hotspot/share/interpreter/linkResolver.cpp, line 773]
Event: 1.626 Thread 0x00007ff3fc7b3800 Exception <a 'java/io/FileNotFoundException'{0x0000000715b802e0}> (0x0000000715b802e0) thrown at [./src/hotspot/share/prims/jni.cpp, line 617]
Event: 1.684 Thread 0x00007ff3fc7b3800 Exception <a 'java/lang/NoSuchMethodError'{0x0000000715961748}: 'java.lang.Object java.lang.invoke.DirectMethodHandle$Holder.invokeStatic(java.lang.Object, java.lang.Object, java.lang.Object, java.lang.Object, java.lang.Object, java.lang.Object, java.lang.Object, java.lang.Object, java.lang.Object, java.lang.Object, java.lang.Object, java.lang.Object, java.lang.Object, java.lang.Object, java.lang.Object)'> (0x0000000715961748) thrown at [./src/hotspot/share/interpreter/linkResolver.cpp, line 773]
Event: 1.685 Thread 0x00007ff3fc7b3800 Exception <a 'java/lang/NoSuchMethodError'{0x000000071596ff48}: 'java.lang.Object java.lang.invoke.DirectMethodHandle$Holder.invokeStatic(java.lang.Object, java.lang.Object, java.lang.Object, java.lang.Object, java.lang.Object, java.lang.Object, java.lang.Object, java.lang.Object, java.lang.Object, java.lang.Object, java.lang.Object, java.lang.Object, java.lang.Object, java.lang.Object, java.lang.Object, java.lang.Object)'> (0x000000071596ff48) thrown at [./src/hotspot/share/interpreter/linkResolver.cpp, l
Event: 1.688 Thread 0x00007ff3fc7b3800 Exception <a 'java/lang/NoSuchMethodError'{0x000000071597e658}: 'java.lang.Object java.lang.invoke.DirectMethodHandle$Holder.invokeSpecial(java.lang.Object, java.lang.Object, int, int, java.lang.Object, java.lang.Object, java.lang.Object)'> (0x000000071597e658) thrown at [./src/hotspot/share/interpreter/linkResolver.cpp, line 773]
Event: 1.688 Thread 0x00007ff3fc7b3800 Exception <a 'java/lang/NoSuchMethodError'{0x0000000715982998}: 'java.lang.Object java.lang.invoke.DelegatingMethodHandle$Holder.reinvoke_L(java.lang.Object, int, int, java.lang.Object, java.lang.Object, java.lang.Object)'> (0x0000000715982998) thrown at [./src/hotspot/share/interpreter/linkResolver.cpp, line 773]
Event: 1.689 Thread 0x00007ff3fc7b3800 Exception <a 'java/lang/NoSuchMethodError'{0x00000007159878b8}: 'java.lang.Object java.lang.invoke.DirectMethodHandle$Holder.invokeStatic(java.lang.Object, java.lang.Object, java.lang.Object, java.lang.Object, int)'> (0x00000007159878b8) thrown at [./src/hotspot/share/interpreter/linkResolver.cpp, line 773]
Event: 2.137 Thread 0x00007ff3fc7b3800 Exception <a 'java/io/FileNotFoundException'{0x0000000712dd6d68}> (0x0000000712dd6d68) thrown at [./src/hotspot/share/prims/jni.cpp, line 617]
Event: 2.509 Thread 0x00007ff3fc7b3800 Exception <a 'java/io/FileNotFoundException'{0x000000071ff7a440}> (0x000000071ff7a440) thrown at [./src/hotspot/share/prims/jni.cpp, line 617]
Event: 2.663 Thread 0x00007ff3fc940800 Exception <a 'java/io/FileNotFoundException'{0x000000071f3de3f8}> (0x000000071f3de3f8) thrown at [./src/hotspot/share/prims/jni.cpp, line 617]
Event: 2.672 Thread 0x00007ff3fc027800 Exception <a 'java/lang/NoSuchMethodError'{0x000000071f28d6d8}: 'void java.lang.invoke.DirectMethodHandle$Holder.invokeStaticInit(java.lang.Object)'> (0x000000071f28d6d8) thrown at [./src/hotspot/share/interpreter/linkResolver.cpp, line 773]
Event: 2.771 Thread 0x00007ff3fc8bd800 Exception <a 'java/io/FileNotFoundException'{0x000000071edd0588}> (0x000000071edd0588) thrown at [./src/hotspot/share/prims/jni.cpp, line 617]
Event: 5.458 Thread 0x00007ff3fc8bd800 Implicit null exception at 0x00007ff3ec660b9e to 0x00007ff3ec6617c0
Event: 6.379 Thread 0x00007ff3fc8c4800 Exception <a 'java/lang/InterruptedException'{0x000000071fe7db60}> (0x000000071fe7db60) thrown at [./src/hotspot/share/runtime/objectMonitor.cpp, line 1635]
Event: 6.388 Thread 0x00007ff3fc776000 Exception <a 'java/lang/InterruptedException'{0x000000071ed42c80}> (0x000000071ed42c80) thrown at [./src/hotspot/share/runtime/objectMonitor.cpp, line 1635]
Event: 6.389 Thread 0x00007ff3fc7b3800 Exception <a 'java/lang/InterruptedException'{0x000000071fe20840}> (0x000000071fe20840) thrown at [./src/hotspot/share/runtime/objectMonitor.cpp, line 1635]
Event: 6.389 Thread 0x00007ff3fc7d7000 Exception <a 'java/lang/InterruptedException'{0x000000071dc32db0}> (0x000000071dc32db0) thrown at [./src/hotspot/share/runtime/objectMonitor.cpp, line 1635]

Events (20 events):
Event: 6.391 Executing VM operation: RevokeBias done
Event: 6.391 Executing VM operation: RevokeBias
Event: 6.391 Executing VM operation: RevokeBias done
Event: 6.391 Executing VM operation: RevokeBias
Event: 6.391 Executing VM operation: RevokeBias done
Event: 6.391 Executing VM operation: RevokeBias
Event: 6.391 Executing VM operation: RevokeBias done
Event: 6.391 Executing VM operation: RevokeBias
Event: 6.391 Executing VM operation: RevokeBias done
Event: 6.391 Executing VM operation: RevokeBias
Event: 6.391 Executing VM operation: RevokeBias done
Event: 6.391 Executing VM operation: BulkRevokeBias
Event: 6.391 Executing VM operation: BulkRevokeBias done
Event: 6.392 Thread 0x00007ff3a4177000 Thread exited: 0x00007ff3a4177000
Event: 6.393 Thread 0x00007ff3fc8bd800 Thread exited: 0x00007ff3fc8bd800
Event: 6.394 Thread 0x00007ff3fc782800 Thread added: 0x00007ff3fc782800
Event: 6.394 Protecting memory [0x00007ff3802d2000,0x00007ff3802d6000] with protection modes 0
Event: 6.395 Thread 0x00007ff3fc782800 Thread exited: 0x00007ff3fc782800
Event: 6.396 Executing VM operation: Exit
Event: 6.396 Thread 0x00007ff3fc391000 Thread exited: 0x00007ff3fc391000


Dynamic libraries:
700000000-720000000 rw-p 00000000 00:00 0 
720000000-800000000 ---p 00000000 00:00 0 
800000000-800300000 rw-p 00000000 00:00 0 
800300000-840000000 ---p 00000000 00:00 0 
55be2a800000-55be2a801000 r-xp 00000000 fc:01 73679805                   /tools/Xilinx/Vitis_HLS/2023.2/tps/lnx64/jre11.0.16_1/bin/java
55be2aa01000-55be2aa02000 r--p 00001000 fc:01 73679805                   /tools/Xilinx/Vitis_HLS/2023.2/tps/lnx64/jre11.0.16_1/bin/java
55be2aa02000-55be2aa03000 rw-p 00002000 fc:01 73679805                   /tools/Xilinx/Vitis_HLS/2023.2/tps/lnx64/jre11.0.16_1/bin/java
55be54254000-55be5594e000 rw-p 00000000 00:00 0                          [heap]
7ff2a8000000-7ff2a8856000 rw-p 00000000 00:00 0 
7ff2a8856000-7ff2ac000000 ---p 00000000 00:00 0 
7ff2b0000000-7ff2b3fdd000 rw-p 00000000 00:00 0 
7ff2b3fdd000-7ff2b4000000 ---p 00000000 00:00 0 
7ff2b6cda000-7ff2b6cdb000 ---p 00000000 00:00 0 
7ff2b6cdb000-7ff2b74db000 rw-p 00000000 00:00 0 
7ff2b85ff000-7ff2b8600000 ---p 00000000 00:00 0 
7ff2b8600000-7ff2b8e00000 rw-p 00000000 00:00 0 
7ff2b8e00000-7ff2b8e2d000 r-xp 00000000 fc:01 73297560                   /tools/Xilinx/Vitis_HLS/2023.2/lib/lnx64.o/Ubuntu/libgomp.so.1
7ff2b8e2d000-7ff2b902c000 ---p 0002d000 fc:01 73297560                   /tools/Xilinx/Vitis_HLS/2023.2/lib/lnx64.o/Ubuntu/libgomp.so.1
7ff2b902c000-7ff2b902d000 rw-p 0002c000 fc:01 73297560                   /tools/Xilinx/Vitis_HLS/2023.2/lib/lnx64.o/Ubuntu/libgomp.so.1
7ff2b9200000-7ff2b9217000 r-xp 00000000 fc:01 73297555                   /tools/Xilinx/Vitis_HLS/2023.2/lib/lnx64.o/Ubuntu/libgcc_s.so.1
7ff2b9217000-7ff2b9416000 ---p 00017000 fc:01 73297555                   /tools/Xilinx/Vitis_HLS/2023.2/lib/lnx64.o/Ubuntu/libgcc_s.so.1
7ff2b9416000-7ff2b9417000 rw-p 00016000 fc:01 73297555                   /tools/Xilinx/Vitis_HLS/2023.2/lib/lnx64.o/Ubuntu/libgcc_s.so.1
7ff2b95d6000-7ff2b9670000 r--p 00000000 fc:01 73297591                   /tools/Xilinx/Vitis_HLS/2023.2/lib/lnx64.o/Ubuntu/22/libstdc++.so.6.0.30
7ff2b9670000-7ff2b9780000 r-xp 0009a000 fc:01 73297591                   /tools/Xilinx/Vitis_HLS/2023.2/lib/lnx64.o/Ubuntu/22/libstdc++.so.6.0.30
7ff2b9780000-7ff2b97ef000 r--p 001aa000 fc:01 73297591                   /tools/Xilinx/Vitis_HLS/2023.2/lib/lnx64.o/Ubuntu/22/libstdc++.so.6.0.30
7ff2b97ef000-7ff2b97fa000 r--p 00218000 fc:01 73297591                   /tools/Xilinx/Vitis_HLS/2023.2/lib/lnx64.o/Ubuntu/22/libstdc++.so.6.0.30
7ff2b97fa000-7ff2b97fd000 rw-p 00223000 fc:01 73297591                   /tools/Xilinx/Vitis_HLS/2023.2/lib/lnx64.o/Ubuntu/22/libstdc++.so.6.0.30
7ff2b97fd000-7ff2b9800000 rw-p 00000000 00:00 0 
7ff2b9800000-7ff2b9b1a000 r-xp 00000000 fc:01 73358042                   /tools/Xilinx/Vitis_HLS/2023.2/lib/lnx64.o/libxgboost.so
7ff2b9b1a000-7ff2b9d1a000 ---p 0031a000 fc:01 73358042                   /tools/Xilinx/Vitis_HLS/2023.2/lib/lnx64.o/libxgboost.so
7ff2b9d1a000-7ff2b9d24000 rw-p 0031a000 fc:01 73358042                   /tools/Xilinx/Vitis_HLS/2023.2/lib/lnx64.o/libxgboost.so
7ff2b9d24000-7ff2b9d25000 rw-p 00000000 00:00 0 
7ff2b9d25000-7ff2b9d67000 rw-p 00390000 fc:01 73358042                   /tools/Xilinx/Vitis_HLS/2023.2/lib/lnx64.o/libxgboost.so
7ff2b9e00000-7ff2b9e70000 r-xp 00000000 fc:01 73112103                   /tools/Xilinx/Vitis_HLS/2023.2/lib/lnx64.o/libtreelite_runtime-0.32.so
7ff2b9e70000-7ff2ba06f000 ---p 00070000 fc:01 73112103                   /tools/Xilinx/Vitis_HLS/2023.2/lib/lnx64.o/libtreelite_runtime-0.32.so
7ff2ba06f000-7ff2ba072000 rw-p 0006f000 fc:01 73112103                   /tools/Xilinx/Vitis_HLS/2023.2/lib/lnx64.o/libtreelite_runtime-0.32.so
7ff2ba072000-7ff2ba07e000 rw-p 00084000 fc:01 73112103                   /tools/Xilinx/Vitis_HLS/2023.2/lib/lnx64.o/libtreelite_runtime-0.32.so
7ff2ba200000-7ff2ba61b000 r-xp 00000000 fc:01 73100502                   /tools/Xilinx/Vitis_HLS/2023.2/lib/lnx64.o/libcrypto.so.3
7ff2ba61b000-7ff2ba81b000 ---p 0041b000 fc:01 73100502                   /tools/Xilinx/Vitis_HLS/2023.2/lib/lnx64.o/libcrypto.so.3
7ff2ba81b000-7ff2ba876000 r--p 0041b000 fc:01 73100502                   /tools/Xilinx/Vitis_HLS/2023.2/lib/lnx64.o/libcrypto.so.3
7ff2ba876000-7ff2ba879000 rw-p 00476000 fc:01 73100502                   /tools/Xilinx/Vitis_HLS/2023.2/lib/lnx64.o/libcrypto.so.3
7ff2ba879000-7ff2ba87d000 rw-p 00000000 00:00 0 
7ff2baa00000-7ff2baa97000 r-xp 00000000 fc:01 73165389                   /tools/Xilinx/Vitis_HLS/2023.2/lib/lnx64.o/libssl.so.3
7ff2baa97000-7ff2bac97000 ---p 00097000 fc:01 73165389                   /tools/Xilinx/Vitis_HLS/2023.2/lib/lnx64.o/libssl.so.3
7ff2bac97000-7ff2baca0000 r--p 00097000 fc:01 73165389                   /tools/Xilinx/Vitis_HLS/2023.2/lib/lnx64.o/libssl.so.3
7ff2baca0000-7ff2baca5000 rw-p 000a0000 fc:01 73165389                   /tools/Xilinx/Vitis_HLS/2023.2/lib/lnx64.o/libssl.so.3
7ff2bae00000-7ff2bae30000 r-xp 00000000 fc:01 73137422                   /tools/Xilinx/Vitis_HLS/2023.2/lib/lnx64.o/libedit.so.0
7ff2bae30000-7ff2bb030000 ---p 00030000 fc:01 73137422                   /tools/Xilinx/Vitis_HLS/2023.2/lib/lnx64.o/libedit.so.0
7ff2bb030000-7ff2bb033000 rw-p 00030000 fc:01 73137422                   /tools/Xilinx/Vitis_HLS/2023.2/lib/lnx64.o/libedit.so.0
7ff2bb033000-7ff2bb036000 rw-p 00000000 00:00 0 
7ff2bb095000-7ff2bb0fd000 r--p 00000000 fc:01 73358043                   /tools/Xilinx/Vitis_HLS/2023.2/lib/lnx64.o/libXil_lmgr11.so
7ff2bb0fd000-7ff2bb301000 r-xp 00068000 fc:01 73358043                   /tools/Xilinx/Vitis_HLS/2023.2/lib/lnx64.o/libXil_lmgr11.so
7ff2bb301000-7ff2bb3b7000 r--p 0026c000 fc:01 73358043                   /tools/Xilinx/Vitis_HLS/2023.2/lib/lnx64.o/libXil_lmgr11.so
7ff2bb3b7000-7ff2bb3b8000 ---p 00322000 fc:01 73358043                   /tools/Xilinx/Vitis_HLS/2023.2/lib/lnx64.o/libXil_lmgr11.so
7ff2bb3b8000-7ff2bb3da000 r--p 00322000 fc:01 73358043                   /tools/Xilinx/Vitis_HLS/2023.2/lib/lnx64.o/libXil_lmgr11.so
7ff2bb3da000-7ff2bb3e9000 rw-p 00344000 fc:01 73358043                   /tools/Xilinx/Vitis_HLS/2023.2/lib/lnx64.o/libXil_lmgr11.so
7ff2bb3e9000-7ff2bb3ee000 rw-p 00000000 00:00 0 
7ff2bb3ee000-7ff2bb400000 rw-p 003be000 fc:01 73358043                   /tools/Xilinx/Vitis_HLS/2023.2/lib/lnx64.o/libXil_lmgr11.so
7ff2bb400000-7ff2bb724000 r-xp 00000000 fc:01 73100494                   /tools/Xilinx/Vitis_HLS/2023.2/lib/lnx64.o/libpython3.8.so.1.0
7ff2bb724000-7ff2bb923000 ---p 00324000 fc:01 73100494                   /tools/Xilinx/Vitis_HLS/2023.2/lib/lnx64.o/libpython3.8.so.1.0
7ff2bb923000-7ff2bb928000 r--p 00323000 fc:01 73100494                   /tools/Xilinx/Vitis_HLS/2023.2/lib/lnx64.o/libpython3.8.so.1.0
7ff2bb928000-7ff2bb96a000 rw-p 00328000 fc:01 73100494                   /tools/Xilinx/Vitis_HLS/2023.2/lib/lnx64.o/libpython3.8.so.1.0
7ff2bb96a000-7ff2bb98a000 rw-p 00000000 00:00 0 
7ff2bba00000-7ff2be050000 r-xp 00000000 fc:01 73097467                   /tools/Xilinx/Vitis_HLS/2023.2/lib/lnx64.o/libgurobi90.so
7ff2be050000-7ff2be24f000 ---p 02650000 fc:01 73097467                   /tools/Xilinx/Vitis_HLS/2023.2/lib/lnx64.o/libgurobi90.so
7ff2be24f000-7ff2be2ae000 rw-p 0264f000 fc:01 73097467                   /tools/Xilinx/Vitis_HLS/2023.2/lib/lnx64.o/libgurobi90.so
7ff2be2ae000-7ff2be2ba000 rw-p 00000000 00:00 0 
7ff2be2ba000-7ff2be2bc000 rw-p 0278a000 fc:01 73097467                   /tools/Xilinx/Vitis_HLS/2023.2/lib/lnx64.o/libgurobi90.so
7ff2be400000-7ff2be417000 r-xp 00000000 fc:01 73425784                   /tools/Xilinx/Vitis_HLS/2023.2/lib/lnx64.o/librdiconfig.so
7ff2be417000-7ff2be617000 ---p 00017000 fc:01 73425784                   /tools/Xilinx/Vitis_HLS/2023.2/lib/lnx64.o/librdiconfig.so
7ff2be617000-7ff2be618000 rw-p 00017000 fc:01 73425784                   /tools/Xilinx/Vitis_HLS/2023.2/lib/lnx64.o/librdiconfig.so
7ff2be800000-7ff2be80f000 r-xp 00000000 fc:01 73037389                   /tools/Xilinx/Vitis_HLS/2023.2/lib/lnx64.o/libprofiler.so.0
7ff2be80f000-7ff2bea0e000 ---p 0000f000 fc:01 73037389                   /tools/Xilinx/Vitis_HLS/2023.2/lib/lnx64.o/libprofiler.so.0
7ff2bea0e000-7ff2bea0f000 rw-p 0000e000 fc:01 73037389                   /tools/Xilinx/Vitis_HLS/2023.2/lib/lnx64.o/libprofiler.so.0
7ff2bea0f000-7ff2bea13000 rw-p 00000000 00:00 0 
7ff2bec00000-7ff2bec21000 r-xp 00000000 fc:01 73358040                   /tools/Xilinx/Vitis_HLS/2023.2/lib/lnx64.o/librdizlib.so
7ff2bec21000-7ff2bee21000 ---p 00021000 fc:01 73358040                   /tools/Xilinx/Vitis_HLS/2023.2/lib/lnx64.o/librdizlib.so
7ff2bee21000-7ff2bee22000 rw-p 00021000 fc:01 73358040                   /tools/Xilinx/Vitis_HLS/2023.2/lib/lnx64.o/librdizlib.so
7ff2bee22000-7ff2bee23000 rw-p 00025000 fc:01 73358040                   /tools/Xilinx/Vitis_HLS/2023.2/lib/lnx64.o/librdizlib.so
7ff2bf000000-7ff2bf0a0000 r-xp 00000000 fc:01 73126812                   /tools/Xilinx/Vitis_HLS/2023.2/lib/lnx64.o/libhdlpsolve.so
7ff2bf0a0000-7ff2bf29f000 ---p 000a0000 fc:01 73126812                   /tools/Xilinx/Vitis_HLS/2023.2/lib/lnx64.o/libhdlpsolve.so
7ff2bf29f000-7ff2bf2a3000 rw-p 0009f000 fc:01 73126812                   /tools/Xilinx/Vitis_HLS/2023.2/lib/lnx64.o/libhdlpsolve.so
7ff2bf400000-7ff2bf6c4000 r-xp 00000000 fc:01 73069873                   /tools/Xilinx/Vitis_HLS/2023.2/lib/lnx64.o/libprotoc.so.18
7ff2bf6c4000-7ff2bf8c3000 ---p 002c4000 fc:01 73069873                   /tools/Xilinx/Vitis_HLS/2023.2/lib/lnx64.o/libprotoc.so.18
7ff2bf8c3000-7ff2bf8cd000 rw-p 002c3000 fc:01 73069873                   /tools/Xilinx/Vitis_HLS/2023.2/lib/lnx64.o/libprotoc.so.18
7ff2bfa5a000-7ff2bfafe000 r--p 00000000 fc:01 73069381                   /tools/Xilinx/Vitis_HLS/2023.2/lib/lnx64.o/libxv_curl.so
7ff2bfafe000-7ff2bfcc9000 r-xp 000a4000 fc:01 73069381                   /tools/Xilinx/Vitis_HLS/2023.2/lib/lnx64.o/libxv_curl.so
7ff2bfcc9000-7ff2bfd65000 r--p 0026f000 fc:01 73069381                   /tools/Xilinx/Vitis_HLS/2023.2/lib/lnx64.o/libxv_curl.so
7ff2bfd65000-7ff2bfd66000 ---p 0030b000 fc:01 73069381                   /tools/Xilinx/Vitis_HLS/2023.2/lib/lnx64.o/libxv_curl.so
7ff2bfd66000-7ff2bfd8c000 r--p 0030b000 fc:01 73069381                   /tools/Xilinx/Vitis_HLS/2023.2/lib/lnx64.o/libxv_curl.so
7ff2bfd8c000-7ff2bfd98000 rw-p 00331000 fc:01 73069381                   /tools/Xilinx/Vitis_HLS/2023.2/lib/lnx64.o/libxv_curl.so
7ff2bfd98000-7ff2bfd9a000 rw-p 00000000 00:00 0 
7ff2bfd9a000-7ff2bfe73000 r--p 00000000 fc:01 73165355                   /tools/Xilinx/Vitis_HLS/2023.2/lib/lnx64.o/libxv_COIN-all.so
7ff2bfe73000-7ff2c0314000 r-xp 000d9000 fc:01 73165355                   /tools/Xilinx/Vitis_HLS/2023.2/lib/lnx64.o/libxv_COIN-all.so
7ff2c0314000-7ff2c03d8000 r--p 0057a000 fc:01 73165355                   /tools/Xilinx/Vitis_HLS/2023.2/lib/lnx64.o/libxv_COIN-all.so
7ff2c03d8000-7ff2c03d9000 ---p 0063e000 fc:01 73165355                   /tools/Xilinx/Vitis_HLS/2023.2/lib/lnx64.o/libxv_COIN-all.so
7ff2c03d9000-7ff2c03ec000 r--p 0063e000 fc:01 73165355                   /tools/Xilinx/Vitis_HLS/2023.2/lib/lnx64.o/libxv_COIN-all.so
7ff2c03ec000-7ff2c03f4000 rw-p 00651000 fc:01 73165355                   /tools/Xilinx/Vitis_HLS/2023.2/lib/lnx64.o/libxv_COIN-all.so
7ff2c03f4000-7ff2c0400000 rw-p 00000000 00:00 0 
7ff2c0400000-7ff2c0481000 r-xp 00000000 fc:01 73157844                   /tools/Xilinx/Vitis_HLS/2023.2/lib/lnx64.o/libtdom0.8.2.so
7ff2c0481000-7ff2c0681000 ---p 00081000 fc:01 73157844                   /tools/Xilinx/Vitis_HLS/2023.2/lib/lnx64.o/libtdom0.8.2.so
7ff2c0681000-7ff2c0689000 rw-p 00081000 fc:01 73157844                   /tools/Xilinx/Vitis_HLS/2023.2/lib/lnx64.o/libtdom0.8.2.so
7ff2c0689000-7ff2c068b000 rw-p 00000000 00:00 0 
7ff2c068b000-7ff2c068d000 rw-p 00092000 fc:01 73157844                   /tools/Xilinx/Vitis_HLS/2023.2/lib/lnx64.o/libtdom0.8.2.so
7ff2c0800000-7ff2c0aaf000 r-xp 00000000 fc:01 73108382                   /tools/Xilinx/Vitis_HLS/2023.2/lib/lnx64.o/libprotobuf.so.18
7ff2c0aaf000-7ff2c0cae000 ---p 002af000 fc:01 73108382                   /tools/Xilinx/Vitis_HLS/2023.2/lib/lnx64.o/libprotobuf.so.18
7ff2c0cae000-7ff2c0cbd000 rw-p 002ae000 fc:01 73108382                   /tools/Xilinx/Vitis_HLS/2023.2/lib/lnx64.o/libprotobuf.so.18
7ff2c0cbd000-7ff2c0cbf000 rw-p 00000000 00:00 0 
7ff2c0d3c000-7ff2c0d7b000 r--p 00000000 fc:01 73121509                   /tools/Xilinx/Vitis_HLS/2023.2/lib/lnx64.o/libxv_hdxml.so
7ff2c0d7b000-7ff2c0dd4000 r-xp 0003f000 fc:01 73121509                   /tools/Xilinx/Vitis_HLS/2023.2/lib/lnx64.o/libxv_hdxml.so
7ff2c0dd4000-7ff2c0df7000 r--p 00098000 fc:01 73121509                   /tools/Xilinx/Vitis_HLS/2023.2/lib/lnx64.o/libxv_hdxml.so
7ff2c0df7000-7ff2c0dfe000 r--p 000ba000 fc:01 73121509                   /tools/Xilinx/Vitis_HLS/2023.2/lib/lnx64.o/libxv_hdxml.so
7ff2c0dfe000-7ff2c0e00000 rw-p 000c1000 fc:01 73121509                   /tools/Xilinx/Vitis_HLS/2023.2/lib/lnx64.o/libxv_hdxml.so
7ff2c0e00000-7ff2c118c000 r-xp 00000000 fc:01 73425786                   /tools/Xilinx/Vitis_HLS/2023.2/lib/lnx64.o/libxerces-c-3.2.so
7ff2c118c000-7ff2c138b000 ---p 0038c000 fc:01 73425786                   /tools/Xilinx/Vitis_HLS/2023.2/lib/lnx64.o/libxerces-c-3.2.so
7ff2c138b000-7ff2c13c4000 rw-p 0038b000 fc:01 73425786                   /tools/Xilinx/Vitis_HLS/2023.2/lib/lnx64.o/libxerces-c-3.2.so
7ff2c13c4000-7ff2c13c5000 rw-p 00000000 00:00 0 
7ff2c13cb000-7ff2c164e000 r--p 00000000 fc:01 73154590                   /tools/Xilinx/Vitis_HLS/2023.2/lib/lnx64.o/libxv_hls_llvm3.1.so
7ff2c164e000-7ff2c22c7000 r-xp 00283000 fc:01 73154590                   /tools/Xilinx/Vitis_HLS/2023.2/lib/lnx64.o/libxv_hls_llvm3.1.so
7ff2c22c7000-7ff2c2720000 r--p 00efc000 fc:01 73154590                   /tools/Xilinx/Vitis_HLS/2023.2/lib/lnx64.o/libxv_hls_llvm3.1.so
7ff2c2720000-7ff2c2721000 ---p 01355000 fc:01 73154590                   /tools/Xilinx/Vitis_HLS/2023.2/lib/lnx64.o/libxv_hls_llvm3.1.so
7ff2c2721000-7ff2c27f3000 r--p 01355000 fc:01 73154590                   /tools/Xilinx/Vitis_HLS/2023.2/lib/lnx64.o/libxv_hls_llvm3.1.so
7ff2c27f3000-7ff2c2805000 rw-p 01427000 fc:01 73154590                   /tools/Xilinx/Vitis_HLS/2023.2/lib/lnx64.o/libxv_hls_llvm3.1.so
7ff2c2805000-7ff2c2812000 rw-p 00000000 00:00 0 
7ff2c2812000-7ff2c3284000 rwxp 00000000 fc:01 73358045                   /tools/Xilinx/Vitis_HLS/2023.2/lib/lnx64.o/libxv_isl_iostreams.so
7ff2c3284000-7ff2c3285000 ---p 00a72000 fc:01 73358045                   /tools/Xilinx/Vitis_HLS/2023.2/lib/lnx64.o/libxv_isl_iostreams.so
7ff2c3285000-7ff2c32b0000 r--p 00a72000 fc:01 73358045                   /tools/Xilinx/Vitis_HLS/2023.2/lib/lnx64.o/libxv_isl_iostreams.so
7ff2c32b0000-7ff2c348a000 rwxp 00a9d000 fc:01 73358045                   /tools/Xilinx/Vitis_HLS/2023.2/lib/lnx64.o/libxv_isl_iostreams.so
7ff2c348a000-7ff2c348e000 rwxp 00000000 00:00 0 
7ff2c348e000-7ff2c3512000 ---p 00c7c000 fc:01 73358045                   /tools/Xilinx/Vitis_HLS/2023.2/lib/lnx64.o/libxv_isl_iostreams.so
7ff2c3512000-7ff2c4000000 rwxp 00d00000 fc:01 73358045                   /tools/Xilinx/Vitis_HLS/2023.2/lib/lnx64.o/libxv_isl_iostreams.so
7ff2c4000000-7ff2c43c3000 rw-p 00000000 00:00 0 
7ff2c43c3000-7ff2c8000000 ---p 00000000 00:00 0 
7ff2c8079000-7ff2c8082000 r--p 00000000 fc:01 73117215                   /tools/Xilinx/Vitis_HLS/2023.2/lib/lnx64.o/libxv_hlstasks.so
7ff2c8082000-7ff2c8095000 r-xp 00009000 fc:01 73117215                   /tools/Xilinx/Vitis_HLS/2023.2/lib/lnx64.o/libxv_hlstasks.so
7ff2c8095000-7ff2c80a0000 r--p 0001c000 fc:01 73117215                   /tools/Xilinx/Vitis_HLS/2023.2/lib/lnx64.o/libxv_hlstasks.so
7ff2c80a0000-7ff2c80a1000 ---p 00027000 fc:01 73117215                   /tools/Xilinx/Vitis_HLS/2023.2/lib/lnx64.o/libxv_hlstasks.so
7ff2c80a1000-7ff2c80a4000 r--p 00027000 fc:01 73117215                   /tools/Xilinx/Vitis_HLS/2023.2/lib/lnx64.o/libxv_hlstasks.so
7ff2c80a4000-7ff2c80a5000 rw-p 0002a000 fc:01 73117215                   /tools/Xilinx/Vitis_HLS/2023.2/lib/lnx64.o/libxv_hlstasks.so
7ff2c80a5000-7ff2c80c8000 r--p 00000000 fc:01 73165371                   /tools/Xilinx/Vitis_HLS/2023.2/lib/lnx64.o/libxv_lmx.so
7ff2c80c8000-7ff2c80fa000 r-xp 00023000 fc:01 73165371                   /tools/Xilinx/Vitis_HLS/2023.2/lib/lnx64.o/libxv_lmx.so
7ff2c80fa000-7ff2c810f000 r--p 00055000 fc:01 73165371                   /tools/Xilinx/Vitis_HLS/2023.2/lib/lnx64.o/libxv_lmx.so
7ff2c810f000-7ff2c8110000 ---p 0006a000 fc:01 73165371                   /tools/Xilinx/Vitis_HLS/2023.2/lib/lnx64.o/libxv_lmx.so
7ff2c8110000-7ff2c8112000 r--p 0006a000 fc:01 73165371                   /tools/Xilinx/Vitis_HLS/2023.2/lib/lnx64.o/libxv_lmx.so
7ff2c8112000-7ff2c8115000 rw-p 0006c000 fc:01 73165371                   /tools/Xilinx/Vitis_HLS/2023.2/lib/lnx64.o/libxv_lmx.so
7ff2c8115000-7ff2c8158000 r--p 00000000 fc:01 73165382                   /tools/Xilinx/Vitis_HLS/2023.2/lib/lnx64.o/libboost_regex.so.1.72.0
7ff2c8158000-7ff2c81dc000 r-xp 00043000 fc:01 73165382                   /tools/Xilinx/Vitis_HLS/2023.2/lib/lnx64.o/libboost_regex.so.1.72.0
7ff2c81dc000-7ff2c81fa000 r--p 000c7000 fc:01 73165382                   /tools/Xilinx/Vitis_HLS/2023.2/lib/lnx64.o/libboost_regex.so.1.72.0
7ff2c81fa000-7ff2c81fe000 r--p 000e4000 fc:01 73165382                   /tools/Xilinx/Vitis_HLS/2023.2/lib/lnx64.o/libboost_regex.so.1.72.0
7ff2c81fe000-7ff2c8200000 rw-p 000e8000 fc:01 73165382                   /tools/Xilinx/Vitis_HLS/2023.2/lib/lnx64.o/libboost_regex.so.1.72.0
7ff2c8200000-7ff2c8317000 r-xp 00000000 fc:01 73120368                   /tools/Xilinx/Vitis_HLS/2023.2/lib/lnx64.o/libtcl8.5.so
7ff2c8317000-7ff2c8517000 ---p 00117000 fc:01 73120368                   /tools/Xilinx/Vitis_HLS/2023.2/lib/lnx64.o/libtcl8.5.so
7ff2c8517000-7ff2c8522000 rw-p 00117000 fc:01 73120368                   /tools/Xilinx/Vitis_HLS/2023.2/lib/lnx64.o/libtcl8.5.so
7ff2c8522000-7ff2c8523000 rw-p 00000000 00:00 0 
7ff2c8523000-7ff2c8528000 rw-p 0013c000 fc:01 73120368                   /tools/Xilinx/Vitis_HLS/2023.2/lib/lnx64.o/libtcl8.5.so
7ff2c8549000-7ff2c8556000 r--p 00000000 fc:01 81932                      /usr/lib/x86_64-linux-gnu/libtinfo.so.5.9
7ff2c8556000-7ff2c8566000 r-xp 0000d000 fc:01 81932                      /usr/lib/x86_64-linux-gnu/libtinfo.so.5.9
7ff2c8566000-7ff2c8574000 r--p 0001d000 fc:01 81932                      /usr/lib/x86_64-linux-gnu/libtinfo.so.5.9
7ff2c8574000-7ff2c8578000 r--p 0002a000 fc:01 81932                      /usr/lib/x86_64-linux-gnu/libtinfo.so.5.9
7ff2c8578000-7ff2c8579000 rw-p 0002e000 fc:01 81932                      /usr/lib/x86_64-linux-gnu/libtinfo.so.5.9
7ff2c8579000-7ff2c85a5000 r--p 00000000 fc:01 73069476                   /tools/Xilinx/Vitis_HLS/2023.2/lib/lnx64.o/libboost_program_options.so.1.72.0
7ff2c85a5000-7ff2c85e8000 r-xp 0002c000 fc:01 73069476                   /tools/Xilinx/Vitis_HLS/2023.2/lib/lnx64.o/libboost_program_options.so.1.72.0
7ff2c85e8000-7ff2c85fa000 r--p 0006f000 fc:01 73069476                   /tools/Xilinx/Vitis_HLS/2023.2/lib/lnx64.o/libboost_program_options.so.1.72.0
7ff2c85fa000-7ff2c85ff000 r--p 00080000 fc:01 73069476                   /tools/Xilinx/Vitis_HLS/2023.2/lib/lnx64.o/libboost_program_options.so.1.72.0
7ff2c85ff000-7ff2c8600000 rw-p 00085000 fc:01 73069476                   /tools/Xilinx/Vitis_HLS/2023.2/lib/lnx64.o/libboost_program_options.so.1.72.0
7ff2c8600000-7ff2c86e7000 r-xp 00000000 fc:01 73370100                   /tools/Xilinx/Vitis_HLS/2023.2/lib/lnx64.o/libsqlite3.28.0.so
7ff2c86e7000-7ff2c88e6000 ---p 000e7000 fc:01 73370100                   /tools/Xilinx/Vitis_HLS/2023.2/lib/lnx64.o/libsqlite3.28.0.so
7ff2c88e6000-7ff2c88ec000 rw-p 000e6000 fc:01 73370100                   /tools/Xilinx/Vitis_HLS/2023.2/lib/lnx64.o/libsqlite3.28.0.so
7ff2c88ec000-7ff2c88ee000 rw-p 00101000 fc:01 73370100                   /tools/Xilinx/Vitis_HLS/2023.2/lib/lnx64.o/libsqlite3.28.0.so
7ff2c8909000-7ff2c893d000 r--p 00000000 fc:01 73165386                   /tools/Xilinx/Vitis_HLS/2023.2/lib/lnx64.o/libboost_unit_test_framework.so.1.72.0
7ff2c893d000-7ff2c89a5000 r-xp 00034000 fc:01 73165386                   /tools/Xilinx/Vitis_HLS/2023.2/lib/lnx64.o/libboost_unit_test_framework.so.1.72.0
7ff2c89a5000-7ff2c89c3000 r--p 0009c000 fc:01 73165386                   /tools/Xilinx/Vitis_HLS/2023.2/lib/lnx64.o/libboost_unit_test_framework.so.1.72.0
7ff2c89c3000-7ff2c89c8000 r--p 000b9000 fc:01 73165386                   /tools/Xilinx/Vitis_HLS/2023.2/lib/lnx64.o/libboost_unit_test_framework.so.1.72.0
7ff2c89c8000-7ff2c89c9000 rw-p 000be000 fc:01 73165386                   /tools/Xilinx/Vitis_HLS/2023.2/lib/lnx64.o/libboost_unit_test_framework.so.1.72.0
7ff2c89c9000-7ff2c89cc000 rw-p 00000000 00:00 0 
7ff2c89cc000-7ff2c8a31000 r--p 00000000 fc:01 73154592                   /tools/Xilinx/Vitis_HLS/2023.2/lib/lnx64.o/libxv_rc_protocol.so
7ff2c8a31000-7ff2c8a92000 r-xp 00065000 fc:01 73154592                   /tools/Xilinx/Vitis_HLS/2023.2/lib/lnx64.o/libxv_rc_protocol.so
7ff2c8a92000-7ff2c8ab8000 r--p 000c6000 fc:01 73154592                   /tools/Xilinx/Vitis_HLS/2023.2/lib/lnx64.o/libxv_rc_protocol.so
7ff2c8ab8000-7ff2c8ab9000 ---p 000ec000 fc:01 73154592                   /tools/Xilinx/Vitis_HLS/2023.2/lib/lnx64.o/libxv_rc_protocol.so
7ff2c8ab9000-7ff2c8ac1000 r--p 000ec000 fc:01 73154592                   /tools/Xilinx/Vitis_HLS/2023.2/lib/lnx64.o/libxv_rc_protocol.so
7ff2c8ac1000-7ff2c8ac4000 rw-p 000f4000 fc:01 73154592                   /tools/Xilinx/Vitis_HLS/2023.2/lib/lnx64.o/libxv_rc_protocol.so
7ff2c8ac4000-7ff2c8ac5000 rw-p 00000000 00:00 0 
7ff2c8ac5000-7ff2c8b6d000 r--p 00000000 fc:01 73117217                   /tools/Xilinx/Vitis_HLS/2023.2/lib/lnx64.o/libxv_rc_client.so
7ff2c8b6d000-7ff2c8c72000 r-xp 000a8000 fc:01 73117217                   /tools/Xilinx/Vitis_HLS/2023.2/lib/lnx64.o/libxv_rc_client.so
7ff2c8c72000-7ff2c8cbe000 r--p 001ad000 fc:01 73117217                   /tools/Xilinx/Vitis_HLS/2023.2/lib/lnx64.o/libxv_rc_client.so
7ff2c8cbe000-7ff2c8cbf000 ---p 001f9000 fc:01 73117217                   /tools/Xilinx/Vitis_HLS/2023.2/lib/lnx64.o/libxv_rc_client.so
7ff2c8cbf000-7ff2c8cc7000 r--p 001f9000 fc:01 73117217                   /tools/Xilinx/Vitis_HLS/2023.2/lib/lnx64.o/libxv_rc_client.so
7ff2c8cc7000-7ff2c8ccc000 rw-p 00201000 fc:01 73117217                   /tools/Xilinx/Vitis_HLS/2023.2/lib/lnx64.o/libxv_rc_client.so
7ff2c8ccc000-7ff2c8ccd000 rw-p 00000000 00:00 0 
7ff2c8ccd000-7ff2c9250000 r--p 00000000 fc:01 73121513                   /tools/Xilinx/Vitis_HLS/2023.2/lib/lnx64.o/libxv_verific.so
7ff2c9250000-7ff2c99b4000 r-xp 00583000 fc:01 73121513                   /tools/Xilinx/Vitis_HLS/2023.2/lib/lnx64.o/libxv_verific.so
7ff2c99b4000-7ff2c9d04000 r--p 00ce7000 fc:01 73121513                   /tools/Xilinx/Vitis_HLS/2023.2/lib/lnx64.o/libxv_verific.so
7ff2c9d04000-7ff2c9e0b000 r--p 01036000 fc:01 73121513                   /tools/Xilinx/Vitis_HLS/2023.2/lib/lnx64.o/libxv_verific.so
7ff2c9e0b000-7ff2c9e1a000 rw-p 0113d000 fc:01 73121513                   /tools/Xilinx/Vitis_HLS/2023.2/lib/lnx64.o/libxv_verific.so
7ff2c9e1a000-7ff2c9e1d000 rw-p 00000000 00:00 0 
7ff2c9e1d000-7ff2ca140000 r--p 00000000 fc:01 73069373                   /tools/Xilinx/Vitis_HLS/2023.2/lib/lnx64.o/libxv_common.so
7ff2ca140000-7ff2ca91a000 r-xp 00323000 fc:01 73069373                   /tools/Xilinx/Vitis_HLS/2023.2/lib/lnx64.o/libxv_common.so
7ff2ca91a000-7ff2cab83000 r--p 00afd000 fc:01 73069373                   /tools/Xilinx/Vitis_HLS/2023.2/lib/lnx64.o/libxv_common.so
7ff2cab83000-7ff2cab84000 ---p 00d66000 fc:01 73069373                   /tools/Xilinx/Vitis_HLS/2023.2/lib/lnx64.o/libxv_common.so
7ff2cab84000-7ff2cabb0000 r--p 00d66000 fc:01 73069373                   /tools/Xilinx/Vitis_HLS/2023.2/lib/lnx64.o/libxv_common.so
7ff2cabb0000-7ff2cabca000 rw-p 00d92000 fc:01 73069373                   /tools/Xilinx/Vitis_HLS/2023.2/lib/lnx64.o/libxv_common.so
7ff2cabca000-7ff2cabda000 rw-p 00000000 00:00 0 
7ff2cabda000-7ff2cafee000 r--p 00000000 fc:01 73165367                   /tools/Xilinx/Vitis_HLS/2023.2/lib/lnx64.o/libxv_device.so
7ff2cafee000-7ff2cbc5b000 r-xp 00414000 fc:01 73165367                   /tools/Xilinx/Vitis_HLS/2023.2/lib/lnx64.o/libxv_device.so
7ff2cbc5b000-7ff2cbf8a000 r--p 01081000 fc:01 73165367                   /tools/Xilinx/Vitis_HLS/2023.2/lib/lnx64.o/libxv_device.so
7ff2cbf8a000-7ff2cbf8b000 ---p 013b0000 fc:01 73165367                   /tools/Xilinx/Vitis_HLS/2023.2/lib/lnx64.o/libxv_device.so
7ff2cbf8b000-7ff2cbfb9000 r--p 013b0000 fc:01 73165367                   /tools/Xilinx/Vitis_HLS/2023.2/lib/lnx64.o/libxv_device.so
7ff2cbfb9000-7ff2cbfd7000 rw-p 013de000 fc:01 73165367                   /tools/Xilinx/Vitis_HLS/2023.2/lib/lnx64.o/libxv_device.so
7ff2cbfd7000-7ff2cc000000 rw-p 00000000 00:00 0 
7ff2cc000000-7ff2cc0b6000 rw-p 00000000 00:00 0 
7ff2cc0b6000-7ff2d0000000 ---p 00000000 00:00 0 
7ff2d000f000-7ff2d0011000 r--p 00000000 fc:01 3640                       /usr/lib/x86_64-linux-gnu/libcrypt.so.1.1.0
7ff2d0011000-7ff2d0025000 r-xp 00002000 fc:01 3640                       /usr/lib/x86_64-linux-gnu/libcrypt.so.1.1.0
7ff2d0025000-7ff2d003e000 r--p 00016000 fc:01 3640                       /usr/lib/x86_64-linux-gnu/libcrypt.so.1.1.0
7ff2d003e000-7ff2d003f000 ---p 0002f000 fc:01 3640                       /usr/lib/x86_64-linux-gnu/libcrypt.so.1.1.0
7ff2d003f000-7ff2d0040000 r--p 0002f000 fc:01 3640                       /usr/lib/x86_64-linux-gnu/libcrypt.so.1.1.0
7ff2d0040000-7ff2d0041000 rw-p 00030000 fc:01 3640                       /usr/lib/x86_64-linux-gnu/libcrypt.so.1.1.0
7ff2d0041000-7ff2d0049000 rw-p 00000000 00:00 0 
7ff2d005d000-7ff2d005f000 r--p 00000000 fc:01 73069469                   /tools/Xilinx/Vitis_HLS/2023.2/lib/lnx64.o/libboost_context.so.1.72.0
7ff2d005f000-7ff2d0066000 r-xp 00002000 fc:01 73069469                   /tools/Xilinx/Vitis_HLS/2023.2/lib/lnx64.o/libboost_context.so.1.72.0
7ff2d0066000-7ff2d0068000 r--p 00009000 fc:01 73069469                   /tools/Xilinx/Vitis_HLS/2023.2/lib/lnx64.o/libboost_context.so.1.72.0
7ff2d0068000-7ff2d0069000 r--p 0000a000 fc:01 73069469                   /tools/Xilinx/Vitis_HLS/2023.2/lib/lnx64.o/libboost_context.so.1.72.0
7ff2d0069000-7ff2d006a000 rw-p 0000b000 fc:01 73069469                   /tools/Xilinx/Vitis_HLS/2023.2/lib/lnx64.o/libboost_context.so.1.72.0
7ff2d006a000-7ff2d0073000 r--p 00000000 fc:01 73069475                   /tools/Xilinx/Vitis_HLS/2023.2/lib/lnx64.o/libboost_math_c99.so.1.72.0
7ff2d0073000-7ff2d007c000 r-xp 00009000 fc:01 73069475                   /tools/Xilinx/Vitis_HLS/2023.2/lib/lnx64.o/libboost_math_c99.so.1.72.0
7ff2d007c000-7ff2d0080000 r--p 00012000 fc:01 73069475                   /tools/Xilinx/Vitis_HLS/2023.2/lib/lnx64.o/libboost_math_c99.so.1.72.0
7ff2d0080000-7ff2d0081000 r--p 00015000 fc:01 73069475                   /tools/Xilinx/Vitis_HLS/2023.2/lib/lnx64.o/libboost_math_c99.so.1.72.0
7ff2d0081000-7ff2d0082000 rw-p 00016000 fc:01 73069475                   /tools/Xilinx/Vitis_HLS/2023.2/lib/lnx64.o/libboost_math_c99.so.1.72.0
7ff2d0082000-7ff2d0083000 rw-p 00000000 00:00 0 
7ff2d0083000-7ff2d00a8000 r--p 00000000 fc:01 73069478                   /tools/Xilinx/Vitis_HLS/2023.2/lib/lnx64.o/libboost_serialization.so.1.72.0
7ff2d00a8000-7ff2d00c3000 r-xp 00025000 fc:01 73069478                   /tools/Xilinx/Vitis_HLS/2023.2/lib/lnx64.o/libboost_serialization.so.1.72.0
7ff2d00c3000-7ff2d00d1000 r--p 00040000 fc:01 73069478                   /tools/Xilinx/Vitis_HLS/2023.2/lib/lnx64.o/libboost_serialization.so.1.72.0
7ff2d00d1000-7ff2d00d4000 r--p 0004d000 fc:01 73069478                   /tools/Xilinx/Vitis_HLS/2023.2/lib/lnx64.o/libboost_serialization.so.1.72.0
7ff2d00d4000-7ff2d00d5000 rw-p 00050000 fc:01 73069478                   /tools/Xilinx/Vitis_HLS/2023.2/lib/lnx64.o/libboost_serialization.so.1.72.0
7ff2d00d5000-7ff2d01cd000 r--p 00000000 fc:01 73183237                   /tools/Xilinx/Vitis_HLS/2023.2/lib/lnx64.o/libxv_cd_protocol.so
7ff2d01cd000-7ff2d02a6000 r-xp 000f8000 fc:01 73183237                   /tools/Xilinx/Vitis_HLS/2023.2/lib/lnx64.o/libxv_cd_protocol.so
7ff2d02a6000-7ff2d0305000 r--p 001d1000 fc:01 73183237                   /tools/Xilinx/Vitis_HLS/2023.2/lib/lnx64.o/libxv_cd_protocol.so
7ff2d0305000-7ff2d0306000 ---p 00230000 fc:01 73183237                   /tools/Xilinx/Vitis_HLS/2023.2/lib/lnx64.o/libxv_cd_protocol.so
7ff2d0306000-7ff2d0317000 r--p 00230000 fc:01 73183237                   /tools/Xilinx/Vitis_HLS/2023.2/lib/lnx64.o/libxv_cd_protocol.so
7ff2d0317000-7ff2d031e000 rw-p 00241000 fc:01 73183237                   /tools/Xilinx/Vitis_HLS/2023.2/lib/lnx64.o/libxv_cd_protocol.so
7ff2d031e000-7ff2d0322000 rw-p 00000000 00:00 0 
7ff2d0322000-7ff2d036c000 r--p 00000000 fc:01 73165365                   /tools/Xilinx/Vitis_HLS/2023.2/lib/lnx64.o/libxv_commonxillic.so
7ff2d036c000-7ff2d0596000 r-xp 0004a000 fc:01 73165365                   /tools/Xilinx/Vitis_HLS/2023.2/lib/lnx64.o/libxv_commonxillic.so
7ff2d0596000-7ff2d0653000 r--p 00274000 fc:01 73165365                   /tools/Xilinx/Vitis_HLS/2023.2/lib/lnx64.o/libxv_commonxillic.so
7ff2d0653000-7ff2d067d000 r--p 00330000 fc:01 73165365                   /tools/Xilinx/Vitis_HLS/2023.2/lib/lnx64.o/libxv_commonxillic.so
7ff2d067d000-7ff2d0684000 rw-p 0035a000 fc:01 73165365                   /tools/Xilinx/Vitis_HLS/2023.2/lib/lnx64.o/libxv_commonxillic.so
7ff2d0684000-7ff2d0687000 rw-p 00000000 00:00 0 
7ff2d0687000-7ff2d0737000 r--p 00000000 fc:01 73183241                   /tools/Xilinx/Vitis_HLS/2023.2/lib/lnx64.o/libxv_sio.so
7ff2d0737000-7ff2d0956000 r-xp 000b0000 fc:01 73183241                   /tools/Xilinx/Vitis_HLS/2023.2/lib/lnx64.o/libxv_sio.so
7ff2d0956000-7ff2d0a0e000 r--p 002cf000 fc:01 73183241                   /tools/Xilinx/Vitis_HLS/2023.2/lib/lnx64.o/libxv_sio.so
7ff2d0a0e000-7ff2d0a0f000 ---p 00387000 fc:01 73183241                   /tools/Xilinx/Vitis_HLS/2023.2/lib/lnx64.o/libxv_sio.so
7ff2d0a0f000-7ff2d0a36000 r--p 00387000 fc:01 73183241                   /tools/Xilinx/Vitis_HLS/2023.2/lib/lnx64.o/libxv_sio.so
7ff2d0a36000-7ff2d0a3d000 rw-p 003ae000 fc:01 73183241                   /tools/Xilinx/Vitis_HLS/2023.2/lib/lnx64.o/libxv_sio.so
7ff2d0a3d000-7ff2d0a40000 rw-p 00000000 00:00 0 
7ff2d0a40000-7ff2d0afc000 r--p 00000000 fc:01 73069370                   /tools/Xilinx/Vitis_HLS/2023.2/lib/lnx64.o/libxv_ceam.so
7ff2d0afc000-7ff2d0bf7000 r-xp 000bc000 fc:01 73069370                   /tools/Xilinx/Vitis_HLS/2023.2/lib/lnx64.o/libxv_ceam.so
7ff2d0bf7000-7ff2d0c4f000 r--p 001b7000 fc:01 73069370                   /tools/Xilinx/Vitis_HLS/2023.2/lib/lnx64.o/libxv_ceam.so
7ff2d0c4f000-7ff2d0c5e000 r--p 0020e000 fc:01 73069370                   /tools/Xilinx/Vitis_HLS/2023.2/lib/lnx64.o/libxv_ceam.so
7ff2d0c5e000-7ff2d0c61000 rw-p 0021d000 fc:01 73069370                   /tools/Xilinx/Vitis_HLS/2023.2/lib/lnx64.o/libxv_ceam.so
7ff2d0c61000-7ff2d0c63000 rw-p 00000000 00:00 0 
7ff2d0c63000-7ff2d0cc9000 r--p 00000000 fc:01 73183236                   /tools/Xilinx/Vitis_HLS/2023.2/lib/lnx64.o/libxv_board.so
7ff2d0cc9000-7ff2d0df5000 r-xp 00066000 fc:01 73183236                   /tools/Xilinx/Vitis_HLS/2023.2/lib/lnx64.o/libxv_board.so
7ff2d0df5000-7ff2d0e42000 r--p 00192000 fc:01 73183236                   /tools/Xilinx/Vitis_HLS/2023.2/lib/lnx64.o/libxv_board.so
7ff2d0e42000-7ff2d0e43000 ---p 001df000 fc:01 73183236                   /tools/Xilinx/Vitis_HLS/2023.2/lib/lnx64.o/libxv_board.so
7ff2d0e43000-7ff2d0e49000 r--p 001df000 fc:01 73183236                   /tools/Xilinx/Vitis_HLS/2023.2/lib/lnx64.o/libxv_board.so
7ff2d0e49000-7ff2d0e4d000 rw-p 001e5000 fc:01 73183236                   /tools/Xilinx/Vitis_HLS/2023.2/lib/lnx64.o/libxv_board.so
7ff2d0e4d000-7ff2d0e55000 rw-p 00000000 00:00 0 
7ff2d0e55000-7ff2d0fcc000 r--p 00000000 fc:01 73126915                   /tools/Xilinx/Vitis_HLS/2023.2/lib/lnx64.o/libxv_wavedata.so
7ff2d0fcc000-7ff2d1286000 r-xp 00177000 fc:01 73126915                   /tools/Xilinx/Vitis_HLS/2023.2/lib/lnx64.o/libxv_wavedata.so
7ff2d1286000-7ff2d1363000 r--p 00431000 fc:01 73126915                   /tools/Xilinx/Vitis_HLS/2023.2/lib/lnx64.o/libxv_wavedata.so
7ff2d1363000-7ff2d1385000 r--p 0050d000 fc:01 73126915                   /tools/Xilinx/Vitis_HLS/2023.2/lib/lnx64.o/libxv_wavedata.so
7ff2d1385000-7ff2d138e000 rw-p 0052f000 fc:01 73126915                   /tools/Xilinx/Vitis_HLS/2023.2/lib/lnx64.o/libxv_wavedata.so
7ff2d138e000-7ff2d13ad000 rw-p 00000000 00:00 0 
7ff2d13ad000-7ff2d15d2000 r--p 00000000 fc:01 73183238                   /tools/Xilinx/Vitis_HLS/2023.2/lib/lnx64.o/libxv_commontasks.so
7ff2d15d2000-7ff2d191a000 r-xp 00225000 fc:01 73183238                   /tools/Xilinx/Vitis_HLS/2023.2/lib/lnx64.o/libxv_commontasks.so
7ff2d191a000-7ff2d1a9e000 r--p 0056d000 fc:01 73183238                   /tools/Xilinx/Vitis_HLS/2023.2/lib/lnx64.o/libxv_commontasks.so
7ff2d1a9e000-7ff2d1a9f000 ---p 006f1000 fc:01 73183238                   /tools/Xilinx/Vitis_HLS/2023.2/lib/lnx64.o/libxv_commontasks.so
7ff2d1a9f000-7ff2d1bb6000 r--p 006f1000 fc:01 73183238                   /tools/Xilinx/Vitis_HLS/2023.2/lib/lnx64.o/libxv_commontasks.so
7ff2d1bb6000-7ff2d1bbb000 rw-p 00808000 fc:01 73183238                   /tools/Xilinx/Vitis_HLS/2023.2/lib/lnx64.o/libxv_commontasks.so
7ff2d1bbb000-7ff2d1bcd000 rw-p 00000000 00:00 0 
7ff2d1bcd000-7ff2d20e0000 r--p 00000000 fc:01 73108257                   /tools/Xilinx/Vitis_HLS/2023.2/lib/lnx64.o/libxv_hls_hwsyn.so
7ff2d20e0000-7ff2d2f89000 r-xp 00513000 fc:01 73108257                   /tools/Xilinx/Vitis_HLS/2023.2/lib/lnx64.o/libxv_hls_hwsyn.so
7ff2d2f89000-7ff2d3290000 r--p 013bc000 fc:01 73108257                   /tools/Xilinx/Vitis_HLS/2023.2/lib/lnx64.o/libxv_hls_hwsyn.so
7ff2d3290000-7ff2d3291000 ---p 016c3000 fc:01 73108257                   /tools/Xilinx/Vitis_HLS/2023.2/lib/lnx64.o/libxv_hls_hwsyn.so
7ff2d3291000-7ff2d32e1000 r--p 016c3000 fc:01 73108257                   /tools/Xilinx/Vitis_HLS/2023.2/lib/lnx64.o/libxv_hls_hwsyn.so
7ff2d32e1000-7ff2d32fe000 rw-p 01713000 fc:01 73108257                   /tools/Xilinx/Vitis_HLS/2023.2/lib/lnx64.o/libxv_hls_hwsyn.so
7ff2d32fe000-7ff2d33dc000 rw-p 00000000 00:00 0 
7ff2d33dc000-7ff2d343b000 r--p 00000000 fc:01 73157845                   /tools/Xilinx/Vitis_HLS/2023.2/lib/lnx64.o/libxv_hls_main.so
7ff2d343b000-7ff2d356b000 r-xp 0005f000 fc:01 73157845                   /tools/Xilinx/Vitis_HLS/2023.2/lib/lnx64.o/libxv_hls_main.so
7ff2d356b000-7ff2d35b7000 r--p 0018f000 fc:01 73157845                   /tools/Xilinx/Vitis_HLS/2023.2/lib/lnx64.o/libxv_hls_main.so
7ff2d35b7000-7ff2d35c1000 r--p 001da000 fc:01 73157845                   /tools/Xilinx/Vitis_HLS/2023.2/lib/lnx64.o/libxv_hls_main.so
7ff2d35c1000-7ff2d35c4000 rw-p 001e4000 fc:01 73157845                   /tools/Xilinx/Vitis_HLS/2023.2/lib/lnx64.o/libxv_hls_main.so
7ff2d35c4000-7ff2d36c0000 rw-p 00000000 00:00 0 
7ff2d36c0000-7ff2d3800000 ---p 00000000 00:00 0 
7ff2d3800000-7ff2d386a000 r-xp 00000000 fc:01 3883002                    /home/ven_903/.Xilinx/vitis_hls/2023.2/workspace4/org.eclipse.osgi/242/0/.cp/libswt-pi3-gtk-4932r18.so
7ff2d386a000-7ff2d3a69000 ---p 0006a000 fc:01 3883002                    /home/ven_903/.Xilinx/vitis_hls/2023.2/workspace4/org.eclipse.osgi/242/0/.cp/libswt-pi3-gtk-4932r18.so
7ff2d3a69000-7ff2d3a6a000 r--p 00069000 fc:01 3883002                    /home/ven_903/.Xilinx/vitis_hls/2023.2/workspace4/org.eclipse.osgi/242/0/.cp/libswt-pi3-gtk-4932r18.so
7ff2d3a6a000-7ff2d3a6d000 rw-p 0006a000 fc:01 3883002                    /home/ven_903/.Xilinx/vitis_hls/2023.2/workspace4/org.eclipse.osgi/242/0/.cp/libswt-pi3-gtk-4932r18.so
7ff2d3a6d000-7ff2d3a6e000 rw-p 00000000 00:00 0 
7ff2d3a6e000-7ff2d3a6f000 r--p 00000000 fc:01 79225                      /usr/lib/x86_64-linux-gnu/libnss_mdns4_minimal.so.2
7ff2d3a6f000-7ff2d3a71000 r-xp 00001000 fc:01 79225                      /usr/lib/x86_64-linux-gnu/libnss_mdns4_minimal.so.2
7ff2d3a71000-7ff2d3a72000 r--p 00003000 fc:01 79225                      /usr/lib/x86_64-linux-gnu/libnss_mdns4_minimal.so.2
7ff2d3a72000-7ff2d3a73000 r--p 00003000 fc:01 79225                      /usr/lib/x86_64-linux-gnu/libnss_mdns4_minimal.so.2
7ff2d3a73000-7ff2d3a74000 rw-p 00004000 fc:01 79225                      /usr/lib/x86_64-linux-gnu/libnss_mdns4_minimal.so.2
7ff2d3a74000-7ff2d3a75000 r--p 00000000 fc:01 34420                      /usr/lib/x86_64-linux-gnu/gconv/UTF-16.so
7ff2d3a75000-7ff2d3a77000 r-xp 00001000 fc:01 34420                      /usr/lib/x86_64-linux-gnu/gconv/UTF-16.so
7ff2d3a77000-7ff2d3a78000 r--p 00003000 fc:01 34420                      /usr/lib/x86_64-linux-gnu/gconv/UTF-16.so
7ff2d3a78000-7ff2d3a79000 r--p 00003000 fc:01 34420                      /usr/lib/x86_64-linux-gnu/gconv/UTF-16.so
7ff2d3a79000-7ff2d3a7a000 rw-p 00004000 fc:01 34420                      /usr/lib/x86_64-linux-gnu/gconv/UTF-16.so
7ff2d3a7a000-7ff2d3a86000 r--p 00000000 fc:01 73121528                   /tools/Xilinx/Vitis_HLS/2023.2/lib/lnx64.o/libboost_iostreams.so.1.72.0
7ff2d3a86000-7ff2d3a8f000 r-xp 0000c000 fc:01 73121528                   /tools/Xilinx/Vitis_HLS/2023.2/lib/lnx64.o/libboost_iostreams.so.1.72.0
7ff2d3a8f000-7ff2d3a93000 r--p 00015000 fc:01 73121528                   /tools/Xilinx/Vitis_HLS/2023.2/lib/lnx64.o/libboost_iostreams.so.1.72.0
7ff2d3a93000-7ff2d3a95000 r--p 00018000 fc:01 73121528                   /tools/Xilinx/Vitis_HLS/2023.2/lib/lnx64.o/libboost_iostreams.so.1.72.0
7ff2d3a95000-7ff2d3a96000 rw-p 0001a000 fc:01 73121528                   /tools/Xilinx/Vitis_HLS/2023.2/lib/lnx64.o/libboost_iostreams.so.1.72.0
7ff2d3a96000-7ff2d3a9e000 r--p 00000000 fc:01 73121526                   /tools/Xilinx/Vitis_HLS/2023.2/lib/lnx64.o/libboost_filesystem.so.1.72.0
7ff2d3a9e000-7ff2d3aad000 r-xp 00008000 fc:01 73121526                   /tools/Xilinx/Vitis_HLS/2023.2/lib/lnx64.o/libboost_filesystem.so.1.72.0
7ff2d3aad000-7ff2d3ab2000 r--p 00017000 fc:01 73121526                   /tools/Xilinx/Vitis_HLS/2023.2/lib/lnx64.o/libboost_filesystem.so.1.72.0
7ff2d3ab2000-7ff2d3ab3000 ---p 0001c000 fc:01 73121526                   /tools/Xilinx/Vitis_HLS/2023.2/lib/lnx64.o/libboost_filesystem.so.1.72.0
7ff2d3ab3000-7ff2d3ab4000 r--p 0001c000 fc:01 73121526                   /tools/Xilinx/Vitis_HLS/2023.2/lib/lnx64.o/libboost_filesystem.so.1.72.0
7ff2d3ab4000-7ff2d3ab5000 rw-p 0001d000 fc:01 73121526                   /tools/Xilinx/Vitis_HLS/2023.2/lib/lnx64.o/libboost_filesystem.so.1.72.0
7ff2d3ab5000-7ff2d3ac7000 r--p 00000000 fc:01 73165385                   /tools/Xilinx/Vitis_HLS/2023.2/lib/lnx64.o/libboost_thread.so.1.72.0
7ff2d3ac7000-7ff2d3ad5000 r-xp 00012000 fc:01 73165385                   /tools/Xilinx/Vitis_HLS/2023.2/lib/lnx64.o/libboost_thread.so.1.72.0
7ff2d3ad5000-7ff2d3adb000 r--p 00020000 fc:01 73165385                   /tools/Xilinx/Vitis_HLS/2023.2/lib/lnx64.o/libboost_thread.so.1.72.0
7ff2d3adb000-7ff2d3ade000 r--p 00025000 fc:01 73165385                   /tools/Xilinx/Vitis_HLS/2023.2/lib/lnx64.o/libboost_thread.so.1.72.0
7ff2d3ade000-7ff2d3adf000 rw-p 00028000 fc:01 73165385                   /tools/Xilinx/Vitis_HLS/2023.2/lib/lnx64.o/libboost_thread.so.1.72.0
7ff2d3adf000-7ff2d3ae7000 r--p 00000000 fc:01 73121524                   /tools/Xilinx/Vitis_HLS/2023.2/lib/lnx64.o/libboost_coroutine.so.1.72.0
7ff2d3ae7000-7ff2d3af5000 r-xp 00008000 fc:01 73121524                   /tools/Xilinx/Vitis_HLS/2023.2/lib/lnx64.o/libboost_coroutine.so.1.72.0
7ff2d3af5000-7ff2d3af9000 r--p 00016000 fc:01 73121524                   /tools/Xilinx/Vitis_HLS/2023.2/lib/lnx64.o/libboost_coroutine.so.1.72.0
7ff2d3af9000-7ff2d3afa000 ---p 0001a000 fc:01 73121524                   /tools/Xilinx/Vitis_HLS/2023.2/lib/lnx64.o/libboost_coroutine.so.1.72.0
7ff2d3afa000-7ff2d3afb000 r--p 0001a000 fc:01 73121524                   /tools/Xilinx/Vitis_HLS/2023.2/lib/lnx64.o/libboost_coroutine.so.1.72.0
7ff2d3afb000-7ff2d3afc000 rw-p 0001b000 fc:01 73121524                   /tools/Xilinx/Vitis_HLS/2023.2/lib/lnx64.o/libboost_coroutine.so.1.72.0
7ff2d3afc000-7ff2d3b19000 r--p 00000000 fc:01 73165378                   /tools/Xilinx/Vitis_HLS/2023.2/lib/lnx64.o/libboost_graph.so.1.72.0
7ff2d3b19000-7ff2d3b43000 r-xp 0001d000 fc:01 73165378                   /tools/Xilinx/Vitis_HLS/2023.2/lib/lnx64.o/libboost_graph.so.1.72.0
7ff2d3b43000-7ff2d3b4f000 r--p 00047000 fc:01 73165378                   /tools/Xilinx/Vitis_HLS/2023.2/lib/lnx64.o/libboost_graph.so.1.72.0
7ff2d3b4f000-7ff2d3b50000 ---p 00053000 fc:01 73165378                   /tools/Xilinx/Vitis_HLS/2023.2/lib/lnx64.o/libboost_graph.so.1.72.0
7ff2d3b50000-7ff2d3b53000 r--p 00053000 fc:01 73165378                   /tools/Xilinx/Vitis_HLS/2023.2/lib/lnx64.o/libboost_graph.so.1.72.0
7ff2d3b53000-7ff2d3b54000 rw-p 00056000 fc:01 73165378                   /tools/Xilinx/Vitis_HLS/2023.2/lib/lnx64.o/libboost_graph.so.1.72.0
7ff2d3b54000-7ff2d3b89000 r--p 00000000 fc:01 73159564                   /tools/Xilinx/Vitis_HLS/2023.2/lib/lnx64.o/libxv_cd_client.so
7ff2d3b89000-7ff2d3be1000 r-xp 00035000 fc:01 73159564                   /tools/Xilinx/Vitis_HLS/2023.2/lib/lnx64.o/libxv_cd_client.so
7ff2d3be1000-7ff2d3bf8000 r--p 0008d000 fc:01 73159564                   /tools/Xilinx/Vitis_HLS/2023.2/lib/lnx64.o/libxv_cd_client.so
7ff2d3bf8000-7ff2d3bf9000 ---p 000a4000 fc:01 73159564                   /tools/Xilinx/Vitis_HLS/2023.2/lib/lnx64.o/libxv_cd_client.so
7ff2d3bf9000-7ff2d3bfd000 r--p 000a4000 fc:01 73159564                   /tools/Xilinx/Vitis_HLS/2023.2/lib/lnx64.o/libxv_cd_client.so
7ff2d3bfd000-7ff2d3bff000 rw-p 000a8000 fc:01 73159564                   /tools/Xilinx/Vitis_HLS/2023.2/lib/lnx64.o/libxv_cd_client.so
7ff2d3bff000-7ff2d3c00000 rw-p 00000000 00:00 0 
7ff2d3c00000-7ff2d3c7e000 r-xp 00000000 fc:01 3883001                    /home/ven_903/.Xilinx/vitis_hls/2023.2/workspace4/org.eclipse.osgi/242/0/.cp/libswt-gtk-4932r18.so
7ff2d3c7e000-7ff2d3e7d000 ---p 0007e000 fc:01 3883001                    /home/ven_903/.Xilinx/vitis_hls/2023.2/workspace4/org.eclipse.osgi/242/0/.cp/libswt-gtk-4932r18.so
7ff2d3e7d000-7ff2d3e7e000 r--p 0007d000 fc:01 3883001                    /home/ven_903/.Xilinx/vitis_hls/2023.2/workspace4/org.eclipse.osgi/242/0/.cp/libswt-gtk-4932r18.so
7ff2d3e7e000-7ff2d3e85000 rw-p 0007e000 fc:01 3883001                    /home/ven_903/.Xilinx/vitis_hls/2023.2/workspace4/org.eclipse.osgi/242/0/.cp/libswt-gtk-4932r18.so
7ff2d3e85000-7ff2d3e88000 rw-p 00000000 00:00 0 
7ff2d3e8b000-7ff2d3e90000 r--p 00000000 fc:01 73165373                   /tools/Xilinx/Vitis_HLS/2023.2/lib/lnx64.o/libboost_chrono.so.1.72.0
7ff2d3e90000-7ff2d3e94000 r-xp 00005000 fc:01 73165373                   /tools/Xilinx/Vitis_HLS/2023.2/lib/lnx64.o/libboost_chrono.so.1.72.0
7ff2d3e94000-7ff2d3e96000 r--p 00009000 fc:01 73165373                   /tools/Xilinx/Vitis_HLS/2023.2/lib/lnx64.o/libboost_chrono.so.1.72.0
7ff2d3e96000-7ff2d3e97000 ---p 0000b000 fc:01 73165373                   /tools/Xilinx/Vitis_HLS/2023.2/lib/lnx64.o/libboost_chrono.so.1.72.0
7ff2d3e97000-7ff2d3e98000 r--p 0000b000 fc:01 73165373                   /tools/Xilinx/Vitis_HLS/2023.2/lib/lnx64.o/libboost_chrono.so.1.72.0
7ff2d3e98000-7ff2d3e99000 rw-p 0000c000 fc:01 73165373                   /tools/Xilinx/Vitis_HLS/2023.2/lib/lnx64.o/libboost_chrono.so.1.72.0
7ff2d3e99000-7ff2d3eaf000 r--p 00000000 fc:01 73121511                   /tools/Xilinx/Vitis_HLS/2023.2/lib/lnx64.o/libxv_isl_sysinfo.so
7ff2d3eaf000-7ff2d3eca000 r-xp 00016000 fc:01 73121511                   /tools/Xilinx/Vitis_HLS/2023.2/lib/lnx64.o/libxv_isl_sysinfo.so
7ff2d3eca000-7ff2d3ed2000 r--p 00031000 fc:01 73121511                   /tools/Xilinx/Vitis_HLS/2023.2/lib/lnx64.o/libxv_isl_sysinfo.so
7ff2d3ed2000-7ff2d3ed4000 r--p 00038000 fc:01 73121511                   /tools/Xilinx/Vitis_HLS/2023.2/lib/lnx64.o/libxv_isl_sysinfo.so
7ff2d3ed4000-7ff2d3ed5000 rw-p 0003a000 fc:01 73121511                   /tools/Xilinx/Vitis_HLS/2023.2/lib/lnx64.o/libxv_isl_sysinfo.so
7ff2d3ed5000-7ff2d3ee2000 r--p 00000000 fc:01 73165369                   /tools/Xilinx/Vitis_HLS/2023.2/lib/lnx64.o/libxv_isl_iosutils.so
7ff2d3ee2000-7ff2d3eef000 r-xp 0000d000 fc:01 73165369                   /tools/Xilinx/Vitis_HLS/2023.2/lib/lnx64.o/libxv_isl_iosutils.so
7ff2d3eef000-7ff2d3ef4000 r--p 0001a000 fc:01 73165369                   /tools/Xilinx/Vitis_HLS/2023.2/lib/lnx64.o/libxv_isl_iosutils.so
7ff2d3ef4000-7ff2d3ef6000 r--p 0001e000 fc:01 73165369                   /tools/Xilinx/Vitis_HLS/2023.2/lib/lnx64.o/libxv_isl_iosutils.so
7ff2d3ef6000-7ff2d3ef7000 rw-p 00020000 fc:01 73165369                   /tools/Xilinx/Vitis_HLS/2023.2/lib/lnx64.o/libxv_isl_iosutils.so
7ff2d3ef7000-7ff2d3f03000 r--p 00000000 fc:01 73108260                   /tools/Xilinx/Vitis_HLS/2023.2/lib/lnx64.o/libxv_isl_hls.so
7ff2d3f03000-7ff2d3f16000 r-xp 0000c000 fc:01 73108260                   /tools/Xilinx/Vitis_HLS/2023.2/lib/lnx64.o/libxv_isl_hls.so
7ff2d3f16000-7ff2d3f1e000 r--p 0001f000 fc:01 73108260                   /tools/Xilinx/Vitis_HLS/2023.2/lib/lnx64.o/libxv_isl_hls.so
7ff2d3f1e000-7ff2d3f20000 r--p 00026000 fc:01 73108260                   /tools/Xilinx/Vitis_HLS/2023.2/lib/lnx64.o/libxv_isl_hls.so
7ff2d3f20000-7ff2d3f21000 rw-p 00028000 fc:01 73108260                   /tools/Xilinx/Vitis_HLS/2023.2/lib/lnx64.o/libxv_isl_hls.so
7ff2d3f21000-7ff2d3f3f000 r--p 00000000 fc:01 73117223                   /tools/Xilinx/Vitis_HLS/2023.2/lib/lnx64.o/libxv_boarddep.so
7ff2d3f3f000-7ff2d3f8f000 r-xp 0001e000 fc:01 73117223                   /tools/Xilinx/Vitis_HLS/2023.2/lib/lnx64.o/libxv_boarddep.so
7ff2d3f8f000-7ff2d3fa1000 r--p 0006e000 fc:01 73117223                   /tools/Xilinx/Vitis_HLS/2023.2/lib/lnx64.o/libxv_boarddep.so
7ff2d3fa1000-7ff2d3fa3000 r--p 0007f000 fc:01 73117223                   /tools/Xilinx/Vitis_HLS/2023.2/lib/lnx64.o/libxv_boarddep.so
7ff2d3fa3000-7ff2d3fa5000 rw-p 00081000 fc:01 73117223                   /tools/Xilinx/Vitis_HLS/2023.2/lib/lnx64.o/libxv_boarddep.so
7ff2d3fa5000-7ff2d3fb1000 r--p 00000000 fc:01 73183239                   /tools/Xilinx/Vitis_HLS/2023.2/lib/lnx64.o/libxv_crashreporter.so
7ff2d3fb1000-7ff2d3fd3000 r-xp 0000c000 fc:01 73183239                   /tools/Xilinx/Vitis_HLS/2023.2/lib/lnx64.o/libxv_crashreporter.so
7ff2d3fd3000-7ff2d3fdb000 r--p 0002e000 fc:01 73183239                   /tools/Xilinx/Vitis_HLS/2023.2/lib/lnx64.o/libxv_crashreporter.so
7ff2d3fdb000-7ff2d3fdc000 r--p 00035000 fc:01 73183239                   /tools/Xilinx/Vitis_HLS/2023.2/lib/lnx64.o/libxv_crashreporter.so
7ff2d3fdc000-7ff2d3fdd000 rw-p 00036000 fc:01 73183239                   /tools/Xilinx/Vitis_HLS/2023.2/lib/lnx64.o/libxv_crashreporter.so
7ff2d3fdd000-7ff2d3fea000 r--p 00000000 fc:01 73183243                   /tools/Xilinx/Vitis_HLS/2023.2/lib/lnx64.o/libxv_wavedata_common.so
7ff2d3fea000-7ff2d3ff8000 r-xp 0000d000 fc:01 73183243                   /tools/Xilinx/Vitis_HLS/2023.2/lib/lnx64.o/libxv_wavedata_common.so
7ff2d3ff8000-7ff2d3ffd000 r--p 0001b000 fc:01 73183243                   /tools/Xilinx/Vitis_HLS/2023.2/lib/lnx64.o/libxv_wavedata_common.so
7ff2d3ffd000-7ff2d3fff000 r--p 0001f000 fc:01 73183243                   /tools/Xilinx/Vitis_HLS/2023.2/lib/lnx64.o/libxv_wavedata_common.so
7ff2d3fff000-7ff2d4000000 rw-p 00021000 fc:01 73183243                   /tools/Xilinx/Vitis_HLS/2023.2/lib/lnx64.o/libxv_wavedata_common.so
7ff2d4000000-7ff2d7f11000 rw-p 00000000 00:00 0 
7ff2d7f11000-7ff2d8000000 ---p 00000000 00:00 0 
7ff2d8000000-7ff2d8021000 rw-p 00000000 00:00 0 
7ff2d8021000-7ff2dc000000 ---p 00000000 00:00 0 
7ff2dc000000-7ff2dc021000 rw-p 00000000 00:00 0 
7ff2dc021000-7ff2e0000000 ---p 00000000 00:00 0 
7ff2e0000000-7ff2e0120000 rw-p 00000000 00:00 0 
7ff2e0120000-7ff2e4000000 ---p 00000000 00:00 0 
7ff2e4000000-7ff2e4021000 rw-p 00000000 00:00 0 
7ff2e4021000-7ff2e8000000 ---p 00000000 00:00 0 
7ff2e8000000-7ff2e8021000 rw-p 00000000 00:00 0 
7ff2e8021000-7ff2ec000000 ---p 00000000 00:00 0 
7ff2ec000000-7ff2ecb9e000 rw-p 00000000 00:00 0 
7ff2ecb9e000-7ff2f0000000 ---p 00000000 00:00 0 
7ff2f0000000-7ff2f0021000 rw-p 00000000 00:00 0 
7ff2f0021000-7ff2f4000000 ---p 00000000 00:00 0 
7ff2f4000000-7ff2f4f55000 rw-p 00000000 00:00 0 
7ff2f4f55000-7ff2f8000000 ---p 00000000 00:00 0 
7ff2f8000000-7ff2f8a75000 rw-p 00000000 00:00 0 
7ff2f8a75000-7ff2fc000000 ---p 00000000 00:00 0 
7ff2fc000000-7ff2fc021000 rw-p 00000000 00:00 0 
7ff2fc021000-7ff300000000 ---p 00000000 00:00 0 
7ff300000000-7ff300021000 rw-p 00000000 00:00 0 
7ff300021000-7ff304000000 ---p 00000000 00:00 0 
7ff304000000-7ff304021000 rw-p 00000000 00:00 0 
7ff304021000-7ff308000000 ---p 00000000 00:00 0 
7ff308000000-7ff308021000 rw-p 00000000 00:00 0 
7ff308021000-7ff30c000000 ---p 00000000 00:00 0 
7ff30c000000-7ff30c021000 rw-p 00000000 00:00 0 
7ff30c021000-7ff310000000 ---p 00000000 00:00 0 
7ff310000000-7ff310021000 rw-p 00000000 00:00 0 
7ff310021000-7ff314000000 ---p 00000000 00:00 0 
7ff314000000-7ff314021000 rw-p 00000000 00:00 0 
7ff314021000-7ff318000000 ---p 00000000 00:00 0 
7ff318000000-7ff318021000 rw-p 00000000 00:00 0 
7ff318021000-7ff31c000000 ---p 00000000 00:00 0 
7ff31c000000-7ff31c021000 rw-p 00000000 00:00 0 
7ff31c021000-7ff320000000 ---p 00000000 00:00 0 
7ff320000000-7ff320021000 rw-p 00000000 00:00 0 
7ff320021000-7ff324000000 ---p 00000000 00:00 0 
7ff324000000-7ff32403b000 rw-p 00000000 00:00 0 
7ff32403b000-7ff328000000 ---p 00000000 00:00 0 
7ff328000000-7ff328021000 rw-p 00000000 00:00 0 
7ff328021000-7ff32c000000 ---p 00000000 00:00 0 
7ff32c000000-7ff32c083000 rw-p 00000000 00:00 0 
7ff32c083000-7ff330000000 ---p 00000000 00:00 0 
7ff330000000-7ff3307df000 rw-p 00000000 00:00 0 
7ff3307df000-7ff334000000 ---p 00000000 00:00 0 
7ff334000000-7ff334021000 rw-p 00000000 00:00 0 
7ff334021000-7ff338000000 ---p 00000000 00:00 0 
7ff338000000-7ff338021000 rw-p 00000000 00:00 0 
7ff338021000-7ff33c000000 ---p 00000000 00:00 0 
7ff33c000000-7ff33c021000 rw-p 00000000 00:00 0 
7ff33c021000-7ff340000000 ---p 00000000 00:00 0 
7ff340000000-7ff340021000 rw-p 00000000 00:00 0 
7ff340021000-7ff344000000 ---p 00000000 00:00 0 
7ff344000000-7ff344021000 rw-p 00000000 00:00 0 
7ff344021000-7ff348000000 ---p 00000000 00:00 0 
7ff348000000-7ff348021000 rw-p 00000000 00:00 0 
7ff348021000-7ff34c000000 ---p 00000000 00:00 0 
7ff34c000000-7ff34c021000 rw-p 00000000 00:00 0 
7ff34c021000-7ff350000000 ---p 00000000 00:00 0 
7ff350000000-7ff350021000 rw-p 00000000 00:00 0 
7ff350021000-7ff354000000 ---p 00000000 00:00 0 
7ff354000000-7ff354021000 rw-p 00000000 00:00 0 
7ff354021000-7ff358000000 ---p 00000000 00:00 0 
7ff358000000-7ff358021000 rw-p 00000000 00:00 0 
7ff358021000-7ff35c000000 ---p 00000000 00:00 0 
7ff35c000000-7ff35c021000 rw-p 00000000 00:00 0 
7ff35c021000-7ff360000000 ---p 00000000 00:00 0 
7ff360000000-7ff360021000 rw-p 00000000 00:00 0 
7ff360021000-7ff364000000 ---p 00000000 00:00 0 
7ff364000000-7ff364021000 rw-p 00000000 00:00 0 
7ff364021000-7ff368000000 ---p 00000000 00:00 0 
7ff368000000-7ff368021000 rw-p 00000000 00:00 0 
7ff368021000-7ff36c000000 ---p 00000000 00:00 0 
7ff36c000000-7ff36c021000 rw-p 00000000 00:00 0 
7ff36c021000-7ff370000000 ---p 00000000 00:00 0 
7ff370000000-7ff370021000 rw-p 00000000 00:00 0 
7ff370021000-7ff374000000 ---p 00000000 00:00 0 
7ff374000000-7ff374021000 rw-p 00000000 00:00 0 
7ff374021000-7ff378000000 ---p 00000000 00:00 0 
7ff378000000-7ff378021000 rw-p 00000000 00:00 0 
7ff378021000-7ff37c000000 ---p 00000000 00:00 0 
7ff37c000000-7ff37d335000 rw-p 00000000 00:00 0 
7ff37d335000-7ff380000000 ---p 00000000 00:00 0 
7ff380001000-7ff38000a000 r--p 00000000 fc:01 73121525                   /tools/Xilinx/Vitis_HLS/2023.2/lib/lnx64.o/libboost_date_time.so.1.72.0
7ff38000a000-7ff380010000 r-xp 00009000 fc:01 73121525                   /tools/Xilinx/Vitis_HLS/2023.2/lib/lnx64.o/libboost_date_time.so.1.72.0
7ff380010000-7ff380013000 r--p 0000f000 fc:01 73121525                   /tools/Xilinx/Vitis_HLS/2023.2/lib/lnx64.o/libboost_date_time.so.1.72.0
7ff380013000-7ff380014000 ---p 00012000 fc:01 73121525                   /tools/Xilinx/Vitis_HLS/2023.2/lib/lnx64.o/libboost_date_time.so.1.72.0
7ff380014000-7ff380015000 r--p 00012000 fc:01 73121525                   /tools/Xilinx/Vitis_HLS/2023.2/lib/lnx64.o/libboost_date_time.so.1.72.0
7ff380015000-7ff380016000 rw-p 00013000 fc:01 73121525                   /tools/Xilinx/Vitis_HLS/2023.2/lib/lnx64.o/libboost_date_time.so.1.72.0
7ff380016000-7ff38001b000 r--p 00000000 fc:01 73183244                   /tools/Xilinx/Vitis_HLS/2023.2/lib/lnx64.o/libxv_wavedata_crt.so
7ff38001b000-7ff380024000 r-xp 00005000 fc:01 73183244                   /tools/Xilinx/Vitis_HLS/2023.2/lib/lnx64.o/libxv_wavedata_crt.so
7ff380024000-7ff380026000 r--p 0000e000 fc:01 73183244                   /tools/Xilinx/Vitis_HLS/2023.2/lib/lnx64.o/libxv_wavedata_crt.so
7ff380026000-7ff380027000 r--p 0000f000 fc:01 73183244                   /tools/Xilinx/Vitis_HLS/2023.2/lib/lnx64.o/libxv_wavedata_crt.so
7ff380027000-7ff380028000 rw-p 00010000 fc:01 73183244                   /tools/Xilinx/Vitis_HLS/2023.2/lib/lnx64.o/libxv_wavedata_crt.so
7ff380028000-7ff38005d000 r--p 00000000 fc:01 73183240                   /tools/Xilinx/Vitis_HLS/2023.2/lib/lnx64.o/libxv_simbridge_kernel.so
7ff38005d000-7ff3800b5000 r-xp 00035000 fc:01 73183240                   /tools/Xilinx/Vitis_HLS/2023.2/lib/lnx64.o/libxv_simbridge_kernel.so
7ff3800b5000-7ff3800d6000 r--p 0008d000 fc:01 73183240                   /tools/Xilinx/Vitis_HLS/2023.2/lib/lnx64.o/libxv_simbridge_kernel.so
7ff3800d6000-7ff3800da000 r--p 000ad000 fc:01 73183240                   /tools/Xilinx/Vitis_HLS/2023.2/lib/lnx64.o/libxv_simbridge_kernel.so
7ff3800da000-7ff3800dc000 rw-p 000b1000 fc:01 73183240                   /tools/Xilinx/Vitis_HLS/2023.2/lib/lnx64.o/libxv_simbridge_kernel.so
7ff3800dc000-7ff3800e1000 rw-p 00000000 00:00 0 
7ff3800e1000-7ff3800ed000 r--p 00000000 fc:01 73128642                   /tools/Xilinx/Vitis_HLS/2023.2/lib/lnx64.o/libxv_hlsvwrap.so
7ff3800ed000-7ff380105000 r-xp 0000c000 fc:01 73128642                   /tools/Xilinx/Vitis_HLS/2023.2/lib/lnx64.o/libxv_hlsvwrap.so
7ff380105000-7ff38010b000 r--p 00024000 fc:01 73128642                   /tools/Xilinx/Vitis_HLS/2023.2/lib/lnx64.o/libxv_hlsvwrap.so
7ff38010b000-7ff38010c000 ---p 0002a000 fc:01 73128642                   /tools/Xilinx/Vitis_HLS/2023.2/lib/lnx64.o/libxv_hlsvwrap.so
7ff38010c000-7ff38010d000 r--p 0002a000 fc:01 73128642                   /tools/Xilinx/Vitis_HLS/2023.2/lib/lnx64.o/libxv_hlsvwrap.so
7ff38010d000-7ff38010e000 rw-p 0002b000 fc:01 73128642                   /tools/Xilinx/Vitis_HLS/2023.2/lib/lnx64.o/libxv_hlsvwrap.so
7ff38010e000-7ff38013a000 r--p 00000000 fc:01 73154591                   /tools/Xilinx/Vitis_HLS/2023.2/lib/lnx64.o/libxv_hls_support.so
7ff38013a000-7ff3801ae000 r-xp 0002c000 fc:01 73154591                   /tools/Xilinx/Vitis_HLS/2023.2/lib/lnx64.o/libxv_hls_support.so
7ff3801ae000-7ff3801ca000 r--p 000a0000 fc:01 73154591                   /tools/Xilinx/Vitis_HLS/2023.2/lib/lnx64.o/libxv_hls_support.so
7ff3801ca000-7ff3801cd000 r--p 000bb000 fc:01 73154591                   /tools/Xilinx/Vitis_HLS/2023.2/lib/lnx64.o/libxv_hls_support.so
7ff3801cd000-7ff3801cf000 rw-p 000be000 fc:01 73154591                   /tools/Xilinx/Vitis_HLS/2023.2/lib/lnx64.o/libxv_hls_support.so
7ff3801cf000-7ff3801d2000 rw-p 00000000 00:00 0 
7ff3801d2000-7ff3801d6000 ---p 00000000 00:00 0 
7ff3801d6000-7ff3802d2000 rw-p 00000000 00:00 0 
7ff3802d2000-7ff3802d6000 ---p 00000000 00:00 0 
7ff3802d6000-7ff3805d2000 rw-p 00000000 00:00 0 
7ff3805d2000-7ff3805d6000 ---p 00000000 00:00 0 
7ff3805d6000-7ff3806d2000 rw-p 00000000 00:00 0 
7ff3806d2000-7ff3806d6000 ---p 00000000 00:00 0 
7ff3806d6000-7ff3807d2000 rw-p 00000000 00:00 0 
7ff3807d2000-7ff3807d6000 ---p 00000000 00:00 0 
7ff3807d6000-7ff380ad2000 rw-p 00000000 00:00 0 
7ff380ad2000-7ff380ad3000 ---p 00000000 00:00 0 
7ff380ad3000-7ff380bd4000 rw-p 00000000 00:00 0 
7ff380bd4000-7ff380bd5000 ---p 00000000 00:00 0 
7ff380bd5000-7ff380ed6000 rw-p 00000000 00:00 0 
7ff380ed9000-7ff380ee4000 r--p 00000000 fc:01 73126920                   /tools/Xilinx/Vitis_HLS/2023.2/lib/lnx64.o/libxv_wavedata_RTTI_RTType.so
7ff380ee4000-7ff380ef3000 r-xp 0000b000 fc:01 73126920                   /tools/Xilinx/Vitis_HLS/2023.2/lib/lnx64.o/libxv_wavedata_RTTI_RTType.so
7ff380ef3000-7ff380ef8000 r--p 0001a000 fc:01 73126920                   /tools/Xilinx/Vitis_HLS/2023.2/lib/lnx64.o/libxv_wavedata_RTTI_RTType.so
7ff380ef8000-7ff380efa000 r--p 0001e000 fc:01 73126920                   /tools/Xilinx/Vitis_HLS/2023.2/lib/lnx64.o/libxv_wavedata_RTTI_RTType.so
7ff380efa000-7ff380efb000 rw-p 00020000 fc:01 73126920                   /tools/Xilinx/Vitis_HLS/2023.2/lib/lnx64.o/libxv_wavedata_RTTI_RTType.so
7ff380efb000-7ff380f03000 r--p 00000000 fc:01 73100299                   /tools/Xilinx/Vitis_HLS/2023.2/lib/lnx64.o/libxv_commonmain.so
7ff380f03000-7ff380f10000 r-xp 00008000 fc:01 73100299                   /tools/Xilinx/Vitis_HLS/2023.2/lib/lnx64.o/libxv_commonmain.so
7ff380f10000-7ff380f14000 r--p 00015000 fc:01 73100299                   /tools/Xilinx/Vitis_HLS/2023.2/lib/lnx64.o/libxv_commonmain.so
7ff380f14000-7ff380f15000 r--p 00018000 fc:01 73100299                   /tools/Xilinx/Vitis_HLS/2023.2/lib/lnx64.o/libxv_commonmain.so
7ff380f15000-7ff380f16000 rw-p 00019000 fc:01 73100299                   /tools/Xilinx/Vitis_HLS/2023.2/lib/lnx64.o/libxv_commonmain.so
7ff380f16000-7ff381102000 rw-p 00000000 00:00 0 
7ff381102000-7ff381116000 ---p 00000000 00:00 0 
7ff381116000-7ff38111a000 ---p 00000000 00:00 0 
7ff38111a000-7ff381216000 rw-p 00000000 00:00 0 
7ff381216000-7ff38121a000 ---p 00000000 00:00 0 
7ff38121a000-7ff381516000 rw-p 00000000 00:00 0 
7ff381516000-7ff38151a000 ---p 00000000 00:00 0 
7ff38151a000-7ff381616000 rw-p 00000000 00:00 0 
7ff381616000-7ff38161a000 ---p 00000000 00:00 0 
7ff38161a000-7ff381716000 rw-p 00000000 00:00 0 
7ff381716000-7ff38171a000 ---p 00000000 00:00 0 
7ff38171a000-7ff381816000 rw-p 00000000 00:00 0 
7ff381816000-7ff38181a000 ---p 00000000 00:00 0 
7ff38181a000-7ff381916000 rw-p 00000000 00:00 0 
7ff381916000-7ff38191a000 ---p 00000000 00:00 0 
7ff38191a000-7ff381a16000 rw-p 00000000 00:00 0 
7ff381a16000-7ff381a1a000 ---p 00000000 00:00 0 
7ff381a1a000-7ff381b16000 rw-p 00000000 00:00 0 
7ff381b16000-7ff381b1a000 ---p 00000000 00:00 0 
7ff381b1a000-7ff381c16000 rw-p 00000000 00:00 0 
7ff381c16000-7ff381c1a000 ---p 00000000 00:00 0 
7ff381c1a000-7ff381d16000 rw-p 00000000 00:00 0 
7ff381d16000-7ff381d1a000 ---p 00000000 00:00 0 
7ff381d1a000-7ff381e16000 rw-p 00000000 00:00 0 
7ff381e16000-7ff381e1a000 ---p 00000000 00:00 0 
7ff381e1a000-7ff381f16000 rw-p 00000000 00:00 0 
7ff381f16000-7ff381f1a000 ---p 00000000 00:00 0 
7ff381f1a000-7ff382016000 rw-p 00000000 00:00 0 
7ff382016000-7ff38201a000 ---p 00000000 00:00 0 
7ff38201a000-7ff382116000 rw-p 00000000 00:00 0 
7ff382116000-7ff38211a000 ---p 00000000 00:00 0 
7ff38211a000-7ff382216000 rw-p 00000000 00:00 0 
7ff382216000-7ff38221a000 ---p 00000000 00:00 0 
7ff38221a000-7ff382316000 rw-p 00000000 00:00 0 
7ff382316000-7ff38231a000 ---p 00000000 00:00 0 
7ff38231a000-7ff382416000 rw-p 00000000 00:00 0 
7ff382416000-7ff38241a000 ---p 00000000 00:00 0 
7ff38241a000-7ff382516000 rw-p 00000000 00:00 0 
7ff382516000-7ff38251a000 ---p 00000000 00:00 0 
7ff38251a000-7ff382616000 rw-p 00000000 00:00 0 
7ff382616000-7ff382617000 ---p 00000000 00:00 0 
7ff382617000-7ff382718000 rw-p 00000000 00:00 0 
7ff382718000-7ff382719000 ---p 00000000 00:00 0 
7ff382719000-7ff38281a000 rw-p 00000000 00:00 0 
7ff38281a000-7ff38281b000 ---p 00000000 00:00 0 
7ff38281b000-7ff38291c000 rw-p 00000000 00:00 0 
7ff38291c000-7ff38291d000 ---p 00000000 00:00 0 
7ff38291d000-7ff382a1e000 rw-p 00000000 00:00 0 
7ff382a1e000-7ff382a1f000 ---p 00000000 00:00 0 
7ff382a1f000-7ff382b20000 rw-p 00000000 00:00 0 
7ff382b20000-7ff382b21000 ---p 00000000 00:00 0 
7ff382b21000-7ff382c22000 rw-p 00000000 00:00 0 
7ff382c22000-7ff382c23000 ---p 00000000 00:00 0 
7ff382c23000-7ff382d24000 rw-p 00000000 00:00 0 
7ff382d24000-7ff382d25000 ---p 00000000 00:00 0 
7ff382d25000-7ff382e26000 rw-p 00000000 00:00 0 
7ff382e26000-7ff382e27000 ---p 00000000 00:00 0 
7ff382e27000-7ff382f28000 rw-p 00000000 00:00 0 
7ff382f28000-7ff382f29000 ---p 00000000 00:00 0 
7ff382f29000-7ff38302a000 rw-p 00000000 00:00 0 
7ff38302a000-7ff38302b000 ---p 00000000 00:00 0 
7ff38302b000-7ff38312c000 rw-p 00000000 00:00 0 
7ff38312c000-7ff383130000 ---p 00000000 00:00 0 
7ff383130000-7ff38342c000 rw-p 00000000 00:00 0 
7ff38342c000-7ff383430000 ---p 00000000 00:00 0 
7ff383430000-7ff38352c000 rw-p 00000000 00:00 0 
7ff38352c000-7ff383530000 ---p 00000000 00:00 0 
7ff383530000-7ff38362c000 rw-p 00000000 00:00 0 
7ff38362c000-7ff383630000 ---p 00000000 00:00 0 
7ff383630000-7ff38372c000 rw-p 00000000 00:00 0 
7ff38372c000-7ff383730000 ---p 00000000 00:00 0 
7ff383730000-7ff38382c000 rw-p 00000000 00:00 0 
7ff38382c000-7ff383830000 ---p 00000000 00:00 0 
7ff383830000-7ff38392c000 rw-p 00000000 00:00 0 
7ff38392c000-7ff383930000 ---p 00000000 00:00 0 
7ff383930000-7ff383c2c000 rw-p 00000000 00:00 0 
7ff383c2c000-7ff383c30000 ---p 00000000 00:00 0 
7ff383c30000-7ff383d2c000 rw-p 00000000 00:00 0 
7ff383d2c000-7ff383d3b000 r--p 00000000 fc:01 3648                       /usr/lib/x86_64-linux-gnu/libgcrypt.so.20.3.4
7ff383d3b000-7ff383e21000 r-xp 0000f000 fc:01 3648                       /usr/lib/x86_64-linux-gnu/libgcrypt.so.20.3.4
7ff383e21000-7ff383e5f000 r--p 000f5000 fc:01 3648                       /usr/lib/x86_64-linux-gnu/libgcrypt.so.20.3.4
7ff383e5f000-7ff383e60000 ---p 00133000 fc:01 3648                       /usr/lib/x86_64-linux-gnu/libgcrypt.so.20.3.4
7ff383e60000-7ff383e63000 r--p 00133000 fc:01 3648                       /usr/lib/x86_64-linux-gnu/libgcrypt.so.20.3.4
7ff383e63000-7ff383e69000 rw-p 00136000 fc:01 3648                       /usr/lib/x86_64-linux-gnu/libgcrypt.so.20.3.4
7ff383e69000-7ff383e6a000 rw-p 00000000 00:00 0 
7ff383e6a000-7ff383e74000 r--p 00000000 fc:01 4052                       /usr/lib/x86_64-linux-gnu/libzstd.so.1.4.8
7ff383e74000-7ff383f26000 r-xp 0000a000 fc:01 4052                       /usr/lib/x86_64-linux-gnu/libzstd.so.1.4.8
7ff383f26000-7ff383f37000 r--p 000bc000 fc:01 4052                       /usr/lib/x86_64-linux-gnu/libzstd.so.1.4.8
7ff383f37000-7ff383f38000 r--p 000cc000 fc:01 4052                       /usr/lib/x86_64-linux-gnu/libzstd.so.1.4.8
7ff383f38000-7ff383f39000 rw-p 000cd000 fc:01 4052                       /usr/lib/x86_64-linux-gnu/libzstd.so.1.4.8
7ff383f39000-7ff383f4c000 r--p 00000000 fc:01 1861                       /usr/lib/x86_64-linux-gnu/libsystemd.so.0.32.0
7ff383f4c000-7ff383fcb000 r-xp 00013000 fc:01 1861                       /usr/lib/x86_64-linux-gnu/libsystemd.so.0.32.0
7ff383fcb000-7ff383ff6000 r--p 00092000 fc:01 1861                       /usr/lib/x86_64-linux-gnu/libsystemd.so.0.32.0
7ff383ff6000-7ff383ff7000 ---p 000bd000 fc:01 1861                       /usr/lib/x86_64-linux-gnu/libsystemd.so.0.32.0
7ff383ff7000-7ff383ffe000 r--p 000bd000 fc:01 1861                       /usr/lib/x86_64-linux-gnu/libsystemd.so.0.32.0
7ff383ffe000-7ff383fff000 rw-p 000c4000 fc:01 1861                       /usr/lib/x86_64-linux-gnu/libsystemd.so.0.32.0
7ff383fff000-7ff384000000 rw-p 00000000 00:00 0 
7ff384000000-7ff384edd000 rw-p 00000000 00:00 0 
7ff384edd000-7ff388000000 ---p 00000000 00:00 0 
7ff388000000-7ff388021000 rw-p 00000000 00:00 0 
7ff388021000-7ff38c000000 ---p 00000000 00:00 0 
7ff38c000000-7ff38c393000 rw-p 00000000 00:00 0 
7ff38c393000-7ff390000000 ---p 00000000 00:00 0 
7ff390000000-7ff390da6000 rw-p 00000000 00:00 0 
7ff390da6000-7ff394000000 ---p 00000000 00:00 0 
7ff394000000-7ff394021000 rw-p 00000000 00:00 0 
7ff394021000-7ff398000000 ---p 00000000 00:00 0 
7ff398000000-7ff3982a0000 rw-p 00000000 00:00 0 
7ff3982a0000-7ff39c000000 ---p 00000000 00:00 0 
7ff39c000000-7ff39c021000 rw-p 00000000 00:00 0 
7ff39c021000-7ff3a0000000 ---p 00000000 00:00 0 
7ff3a0000000-7ff3a02b3000 rw-p 00000000 00:00 0 
7ff3a02b3000-7ff3a4000000 ---p 00000000 00:00 0 
7ff3a4000000-7ff3a4c3c000 rw-p 00000000 00:00 0 
7ff3a4c3c000-7ff3a8000000 ---p 00000000 00:00 0 
7ff3a8000000-7ff3a8353000 rw-p 00000000 00:00 0 
7ff3a8353000-7ff3ac000000 ---p 00000000 00:00 0 
7ff3ac000000-7ff3ac021000 rw-p 00000000 00:00 0 
7ff3ac021000-7ff3b0000000 ---p 00000000 00:00 0 
7ff3b0000000-7ff3b0021000 rw-p 00000000 00:00 0 
7ff3b0021000-7ff3b4000000 ---p 00000000 00:00 0 
7ff3b4000000-7ff3b4021000 rw-p 00000000 00:00 0 
7ff3b4021000-7ff3b8000000 ---p 00000000 00:00 0 
7ff3b8000000-7ff3b8021000 rw-p 00000000 00:00 0 
7ff3b8021000-7ff3bc000000 ---p 00000000 00:00 0 
7ff3bc000000-7ff3bc021000 rw-p 00000000 00:00 0 
7ff3bc021000-7ff3c0000000 ---p 00000000 00:00 0 
7ff3c0000000-7ff3c025d000 rw-p 00000000 00:00 0 
7ff3c025d000-7ff3c4000000 ---p 00000000 00:00 0 
7ff3c4000000-7ff3c4021000 rw-p 00000000 00:00 0 
7ff3c4021000-7ff3c8000000 ---p 00000000 00:00 0 
7ff3c8000000-7ff3c8021000 rw-p 00000000 00:00 0 
7ff3c8021000-7ff3cc000000 ---p 00000000 00:00 0 
7ff3cc003000-7ff3cc009000 r--p 00000000 fc:01 73117216                   /tools/Xilinx/Vitis_HLS/2023.2/lib/lnx64.o/libxv_llvm_demangle.so
7ff3cc009000-7ff3cc017000 r-xp 00006000 fc:01 73117216                   /tools/Xilinx/Vitis_HLS/2023.2/lib/lnx64.o/libxv_llvm_demangle.so
7ff3cc017000-7ff3cc01d000 r--p 00014000 fc:01 73117216                   /tools/Xilinx/Vitis_HLS/2023.2/lib/lnx64.o/libxv_llvm_demangle.so
7ff3cc01d000-7ff3cc01e000 ---p 0001a000 fc:01 73117216                   /tools/Xilinx/Vitis_HLS/2023.2/lib/lnx64.o/libxv_llvm_demangle.so
7ff3cc01e000-7ff3cc020000 r--p 0001a000 fc:01 73117216                   /tools/Xilinx/Vitis_HLS/2023.2/lib/lnx64.o/libxv_llvm_demangle.so
7ff3cc020000-7ff3cc021000 rw-p 0001c000 fc:01 73117216                   /tools/Xilinx/Vitis_HLS/2023.2/lib/lnx64.o/libxv_llvm_demangle.so
7ff3cc021000-7ff3cc025000 r--p 00000000 fc:01 3652                       /usr/lib/x86_64-linux-gnu/libgpg-error.so.0.32.1
7ff3cc025000-7ff3cc03b000 r-xp 00004000 fc:01 3652                       /usr/lib/x86_64-linux-gnu/libgpg-error.so.0.32.1
7ff3cc03b000-7ff3cc045000 r--p 0001a000 fc:01 3652                       /usr/lib/x86_64-linux-gnu/libgpg-error.so.0.32.1
7ff3cc045000-7ff3cc046000 r--p 00023000 fc:01 3652                       /usr/lib/x86_64-linux-gnu/libgpg-error.so.0.32.1
7ff3cc046000-7ff3cc047000 rw-p 00024000 fc:01 3652                       /usr/lib/x86_64-linux-gnu/libgpg-error.so.0.32.1
7ff3cc047000-7ff3cc04a000 r--p 00000000 fc:01 14502                      /usr/lib/x86_64-linux-gnu/libcap.so.2.44
7ff3cc04a000-7ff3cc04e000 r-xp 00003000 fc:01 14502                      /usr/lib/x86_64-linux-gnu/libcap.so.2.44
7ff3cc04e000-7ff3cc050000 r--p 00007000 fc:01 14502                      /usr/lib/x86_64-linux-gnu/libcap.so.2.44
7ff3cc050000-7ff3cc051000 r--p 00008000 fc:01 14502                      /usr/lib/x86_64-linux-gnu/libcap.so.2.44
7ff3cc051000-7ff3cc052000 rw-p 00009000 fc:01 14502                      /usr/lib/x86_64-linux-gnu/libcap.so.2.44
7ff3cc052000-7ff3cc054000 r--p 00000000 fc:01 3664                       /usr/lib/x86_64-linux-gnu/liblz4.so.1.9.3
7ff3cc054000-7ff3cc06d000 r-xp 00002000 fc:01 3664                       /usr/lib/x86_64-linux-gnu/liblz4.so.1.9.3
7ff3cc06d000-7ff3cc06f000 r--p 0001b000 fc:01 3664                       /usr/lib/x86_64-linux-gnu/liblz4.so.1.9.3
7ff3cc06f000-7ff3cc070000 ---p 0001d000 fc:01 3664                       /usr/lib/x86_64-linux-gnu/liblz4.so.1.9.3
7ff3cc070000-7ff3cc071000 r--p 0001d000 fc:01 3664                       /usr/lib/x86_64-linux-gnu/liblz4.so.1.9.3
7ff3cc071000-7ff3cc072000 rw-p 0001e000 fc:01 3664                       /usr/lib/x86_64-linux-gnu/liblz4.so.1.9.3
7ff3cc072000-7ff3cc075000 r--p 00000000 fc:01 3947                       /usr/lib/x86_64-linux-gnu/liblzma.so.5.2.5
7ff3cc075000-7ff3cc090000 r-xp 00003000 fc:01 3947                       /usr/lib/x86_64-linux-gnu/liblzma.so.5.2.5
7ff3cc090000-7ff3cc09b000 r--p 0001e000 fc:01 3947                       /usr/lib/x86_64-linux-gnu/liblzma.so.5.2.5
7ff3cc09b000-7ff3cc09c000 r--p 00028000 fc:01 3947                       /usr/lib/x86_64-linux-gnu/liblzma.so.5.2.5
7ff3cc09c000-7ff3cc09d000 rw-p 00029000 fc:01 3947                       /usr/lib/x86_64-linux-gnu/liblzma.so.5.2.5
7ff3cc09d000-7ff3cc0ac000 r--p 00000000 fc:01 75390                      /usr/lib/x86_64-linux-gnu/libatspi.so.0.0.1
7ff3cc0ac000-7ff3cc0c5000 r-xp 0000f000 fc:01 75390                      /usr/lib/x86_64-linux-gnu/libatspi.so.0.0.1
7ff3cc0c5000-7ff3cc0d3000 r--p 00028000 fc:01 75390                      /usr/lib/x86_64-linux-gnu/libatspi.so.0.0.1
7ff3cc0d3000-7ff3cc0d6000 r--p 00035000 fc:01 75390                      /usr/lib/x86_64-linux-gnu/libatspi.so.0.0.1
7ff3cc0d6000-7ff3cc0d7000 rw-p 00038000 fc:01 75390                      /usr/lib/x86_64-linux-gnu/libatspi.so.0.0.1
7ff3cc0d7000-7ff3cc0e2000 r--p 00000000 fc:01 1887                       /usr/lib/x86_64-linux-gnu/libdbus-1.so.3.19.13
7ff3cc0e2000-7ff3cc110000 r-xp 0000b000 fc:01 1887                       /usr/lib/x86_64-linux-gnu/libdbus-1.so.3.19.13
7ff3cc110000-7ff3cc122000 r--p 00039000 fc:01 1887                       /usr/lib/x86_64-linux-gnu/libdbus-1.so.3.19.13
7ff3cc122000-7ff3cc123000 ---p 0004b000 fc:01 1887                       /usr/lib/x86_64-linux-gnu/libdbus-1.so.3.19.13
7ff3cc123000-7ff3cc124000 r--p 0004b000 fc:01 1887                       /usr/lib/x86_64-linux-gnu/libdbus-1.so.3.19.13
7ff3cc124000-7ff3cc125000 rw-p 0004c000 fc:01 1887                       /usr/lib/x86_64-linux-gnu/libdbus-1.so.3.19.13
7ff3cc125000-7ff3cc131000 r--p 00000000 fc:01 75397                      /usr/lib/x86_64-linux-gnu/libatk-bridge-2.0.so.0.0.0
7ff3cc131000-7ff3cc14a000 r-xp 0000c000 fc:01 75397                      /usr/lib/x86_64-linux-gnu/libatk-bridge-2.0.so.0.0.0
7ff3cc14a000-7ff3cc159000 r--p 00025000 fc:01 75397                      /usr/lib/x86_64-linux-gnu/libatk-bridge-2.0.so.0.0.0
7ff3cc159000-7ff3cc15a000 ---p 00034000 fc:01 75397                      /usr/lib/x86_64-linux-gnu/libatk-bridge-2.0.so.0.0.0
7ff3cc15a000-7ff3cc15b000 r--p 00034000 fc:01 75397                      /usr/lib/x86_64-linux-gnu/libatk-bridge-2.0.so.0.0.0
7ff3cc15b000-7ff3cc15d000 rw-p 00035000 fc:01 75397                      /usr/lib/x86_64-linux-gnu/libatk-bridge-2.0.so.0.0.0
7ff3cc15d000-7ff3cc168000 r--p 00000000 fc:01 75376                      /usr/lib/x86_64-linux-gnu/libatk-1.0.so.0.23609.1
7ff3cc168000-7ff3cc177000 r-xp 0000b000 fc:01 75376                      /usr/lib/x86_64-linux-gnu/libatk-1.0.so.0.23609.1
7ff3cc177000-7ff3cc183000 r--p 0001a000 fc:01 75376                      /usr/lib/x86_64-linux-gnu/libatk-1.0.so.0.23609.1
7ff3cc183000-7ff3cc186000 r--p 00025000 fc:01 75376                      /usr/lib/x86_64-linux-gnu/libatk-1.0.so.0.23609.1
7ff3cc186000-7ff3cc187000 rw-p 00028000 fc:01 75376                      /usr/lib/x86_64-linux-gnu/libatk-1.0.so.0.23609.1
7ff3cc187000-7ff3cc20b000 r--p 00000000 fc:01 75567                      /usr/lib/x86_64-linux-gnu/libgtk-3.so.0.2404.29
7ff3cc20b000-7ff3cc58e000 r-xp 00084000 fc:01 75567                      /usr/lib/x86_64-linux-gnu/libgtk-3.so.0.2404.29
7ff3cc58e000-7ff3cc999000 r--p 00407000 fc:01 75567                      /usr/lib/x86_64-linux-gnu/libgtk-3.so.0.2404.29
7ff3cc999000-7ff3cc9a9000 r--p 00811000 fc:01 75567                      /usr/lib/x86_64-linux-gnu/libgtk-3.so.0.2404.29
7ff3cc9a9000-7ff3cc9ab000 rw-p 00821000 fc:01 75567                      /usr/lib/x86_64-linux-gnu/libgtk-3.so.0.2404.29
7ff3cc9ab000-7ff3cc9b0000 rw-p 00000000 00:00 0 
7ff3cc9b0000-7ff3cc9b2000 r--p 00000000 fc:01 1820                       /usr/lib/x86_64-linux-gnu/libpcre2-8.so.0.10.4
7ff3cc9b2000-7ff3cca1d000 r-xp 00002000 fc:01 1820                       /usr/lib/x86_64-linux-gnu/libpcre2-8.so.0.10.4
7ff3cca1d000-7ff3cca45000 r--p 0006d000 fc:01 1820                       /usr/lib/x86_64-linux-gnu/libpcre2-8.so.0.10.4
7ff3cca45000-7ff3cca46000 r--p 00094000 fc:01 1820                       /usr/lib/x86_64-linux-gnu/libpcre2-8.so.0.10.4
7ff3cca46000-7ff3cca47000 rw-p 00095000 fc:01 1820                       /usr/lib/x86_64-linux-gnu/libpcre2-8.so.0.10.4
7ff3cca47000-7ff3cca4e000 r--p 00000000 fc:01 5740                       /usr/lib/x86_64-linux-gnu/libblkid.so.1.1.0
7ff3cca4e000-7ff3cca6e000 r-xp 00007000 fc:01 5740                       /usr/lib/x86_64-linux-gnu/libblkid.so.1.1.0
7ff3cca6e000-7ff3cca77000 r--p 00027000 fc:01 5740                       /usr/lib/x86_64-linux-gnu/libblkid.so.1.1.0
7ff3cca77000-7ff3cca78000 ---p 00030000 fc:01 5740                       /usr/lib/x86_64-linux-gnu/libblkid.so.1.1.0
7ff3cca78000-7ff3cca7d000 r--p 00030000 fc:01 5740                       /usr/lib/x86_64-linux-gnu/libblkid.so.1.1.0
7ff3cca7d000-7ff3cca7e000 rw-p 00035000 fc:01 5740                       /usr/lib/x86_64-linux-gnu/libblkid.so.1.1.0
7ff3cca7e000-7ff3cca88000 r--p 00000000 fc:01 18431                      /usr/lib/x86_64-linux-gnu/libpixman-1.so.0.40.0
7ff3cca88000-7ff3ccb0e000 r-xp 0000a000 fc:01 18431                      /usr/lib/x86_64-linux-gnu/libpixman-1.so.0.40.0
7ff3ccb0e000-7ff3ccb20000 r--p 00090000 fc:01 18431                      /usr/lib/x86_64-linux-gnu/libpixman-1.so.0.40.0
7ff3ccb20000-7ff3ccb28000 r--p 000a1000 fc:01 18431                      /usr/lib/x86_64-linux-gnu/libpixman-1.so.0.40.0
7ff3ccb28000-7ff3ccb29000 rw-p 000a9000 fc:01 18431                      /usr/lib/x86_64-linux-gnu/libpixman-1.so.0.40.0
7ff3ccb29000-7ff3ccb89000 r--p 00000000 fc:01 75419                      /usr/lib/x86_64-linux-gnu/libepoxy.so.0.0.0
7ff3ccb89000-7ff3ccbf2000 r-xp 00060000 fc:01 75419                      /usr/lib/x86_64-linux-gnu/libepoxy.so.0.0.0
7ff3ccbf2000-7ff3ccc4f000 r--p 000c9000 fc:01 75419                      /usr/lib/x86_64-linux-gnu/libepoxy.so.0.0.0
7ff3ccc4f000-7ff3ccc57000 r--p 00125000 fc:01 75419                      /usr/lib/x86_64-linux-gnu/libepoxy.so.0.0.0
7ff3ccc57000-7ff3ccc5e000 rw-p 0012d000 fc:01 75419                      /usr/lib/x86_64-linux-gnu/libepoxy.so.0.0.0
7ff3ccc5e000-7ff3ccc70000 r--p 00000000 fc:01 24311                      /usr/lib/x86_64-linux-gnu/libcairo.so.2.11600.0
7ff3ccc70000-7ff3ccd43000 r-xp 00012000 fc:01 24311                      /usr/lib/x86_64-linux-gnu/libcairo.so.2.11600.0
7ff3ccd43000-7ff3ccd80000 r--p 000e5000 fc:01 24311                      /usr/lib/x86_64-linux-gnu/libcairo.so.2.11600.0
7ff3ccd80000-7ff3ccd84000 r--p 00121000 fc:01 24311                      /usr/lib/x86_64-linux-gnu/libcairo.so.2.11600.0
7ff3ccd84000-7ff3ccd85000 rw-p 00125000 fc:01 24311                      /usr/lib/x86_64-linux-gnu/libcairo.so.2.11600.0
7ff3ccd85000-7ff3ccd86000 rw-p 00000000 00:00 0 
7ff3ccd86000-7ff3ccd9f000 r--p 00000000 fc:01 75080                      /usr/lib/x86_64-linux-gnu/libX11.so.6.4.0
7ff3ccd9f000-7ff3cce2b000 r-xp 00019000 fc:01 75080                      /usr/lib/x86_64-linux-gnu/libX11.so.6.4.0
7ff3cce2b000-7ff3ccec0000 r--p 000a5000 fc:01 75080                      /usr/lib/x86_64-linux-gnu/libX11.so.6.4.0
7ff3ccec0000-7ff3ccec1000 ---p 0013a000 fc:01 75080                      /usr/lib/x86_64-linux-gnu/libX11.so.6.4.0
7ff3ccec1000-7ff3ccec2000 r--p 0013a000 fc:01 75080                      /usr/lib/x86_64-linux-gnu/libX11.so.6.4.0
7ff3ccec2000-7ff3ccec6000 rw-p 0013b000 fc:01 75080                      /usr/lib/x86_64-linux-gnu/libX11.so.6.4.0
7ff3ccec6000-7ff3ccee3000 r--p 00000000 fc:01 22707                      /usr/lib/x86_64-linux-gnu/libglib-2.0.so.0.7200.4
7ff3ccee3000-7ff3ccf72000 r-xp 0001d000 fc:01 22707                      /usr/lib/x86_64-linux-gnu/libglib-2.0.so.0.7200.4
7ff3ccf72000-7ff3ccffc000 r--p 000ac000 fc:01 22707                      /usr/lib/x86_64-linux-gnu/libglib-2.0.so.0.7200.4
7ff3ccffc000-7ff3ccffd000 ---p 00136000 fc:01 22707                      /usr/lib/x86_64-linux-gnu/libglib-2.0.so.0.7200.4
7ff3ccffd000-7ff3ccffe000 r--p 00136000 fc:01 22707                      /usr/lib/x86_64-linux-gnu/libglib-2.0.so.0.7200.4
7ff3ccffe000-7ff3ccfff000 rw-p 00137000 fc:01 22707                      /usr/lib/x86_64-linux-gnu/libglib-2.0.so.0.7200.4
7ff3ccfff000-7ff3cd000000 rw-p 00000000 00:00 0 
7ff3cd000000-7ff3cd010000 r-xp 00000000 fc:01 73852644                   /tools/Xilinx/Vitis_HLS/2023.2/lnx64/tools/eclipse/plugins/org.eclipse.equinox.launcher.gtk.linux.x86_64_1.1.1100.v20190907-0426/eclipse_1801.so
7ff3cd010000-7ff3cd20f000 ---p 00010000 fc:01 73852644                   /tools/Xilinx/Vitis_HLS/2023.2/lnx64/tools/eclipse/plugins/org.eclipse.equinox.launcher.gtk.linux.x86_64_1.1.1100.v20190907-0426/eclipse_1801.so
7ff3cd20f000-7ff3cd210000 r--p 0000f000 fc:01 73852644                   /tools/Xilinx/Vitis_HLS/2023.2/lnx64/tools/eclipse/plugins/org.eclipse.equinox.launcher.gtk.linux.x86_64_1.1.1100.v20190907-0426/eclipse_1801.so
7ff3cd210000-7ff3cd211000 rw-p 00010000 fc:01 73852644                   /tools/Xilinx/Vitis_HLS/2023.2/lnx64/tools/eclipse/plugins/org.eclipse.equinox.launcher.gtk.linux.x86_64_1.1.1100.v20190907-0426/eclipse_1801.so
7ff3cd212000-7ff3cd219000 r--s 00000000 fc:01 34425                      /usr/lib/x86_64-linux-gnu/gconv/gconv-modules.cache
7ff3cd219000-7ff3cd21b000 r--p 00000000 fc:01 4858                       /usr/lib/x86_64-linux-gnu/libmd.so.0.0.5
7ff3cd21b000-7ff3cd222000 r-xp 00002000 fc:01 4858                       /usr/lib/x86_64-linux-gnu/libmd.so.0.0.5
7ff3cd222000-7ff3cd224000 r--p 00009000 fc:01 4858                       /usr/lib/x86_64-linux-gnu/libmd.so.0.0.5
7ff3cd224000-7ff3cd225000 r--p 0000a000 fc:01 4858                       /usr/lib/x86_64-linux-gnu/libmd.so.0.0.5
7ff3cd225000-7ff3cd226000 rw-p 0000b000 fc:01 4858                       /usr/lib/x86_64-linux-gnu/libmd.so.0.0.5
7ff3cd226000-7ff3cd25e000 r--p 00000000 fc:01 22706                      /usr/lib/x86_64-linux-gnu/libgio-2.0.so.0.7200.4
7ff3cd25e000-7ff3cd36f000 r-xp 00038000 fc:01 22706                      /usr/lib/x86_64-linux-gnu/libgio-2.0.so.0.7200.4
7ff3cd36f000-7ff3cd3f5000 r--p 00149000 fc:01 22706                      /usr/lib/x86_64-linux-gnu/libgio-2.0.so.0.7200.4
7ff3cd3f5000-7ff3cd3fd000 r--p 001ce000 fc:01 22706                      /usr/lib/x86_64-linux-gnu/libgio-2.0.so.0.7200.4
7ff3cd3fd000-7ff3cd3fe000 rw-p 001d6000 fc:01 22706                      /usr/lib/x86_64-linux-gnu/libgio-2.0.so.0.7200.4
7ff3cd3fe000-7ff3cd600000 rw-p 00000000 00:00 0 
7ff3cd600000-7ff3cd615000 r-xp 00000000 fc:01 74589562                   /tools/Xilinx/Vitis_HLS/2023.2/tps/lnx64/jre11.0.16_1/lib/libnet.so
7ff3cd615000-7ff3cd814000 ---p 00015000 fc:01 74589562                   /tools/Xilinx/Vitis_HLS/2023.2/tps/lnx64/jre11.0.16_1/lib/libnet.so
7ff3cd814000-7ff3cd815000 r--p 00014000 fc:01 74589562                   /tools/Xilinx/Vitis_HLS/2023.2/tps/lnx64/jre11.0.16_1/lib/libnet.so
7ff3cd815000-7ff3cd816000 rw-p 00015000 fc:01 74589562                   /tools/Xilinx/Vitis_HLS/2023.2/tps/lnx64/jre11.0.16_1/lib/libnet.so
7ff3cd819000-7ff3cd81d000 r--p 00000000 fc:01 4818                       /usr/lib/x86_64-linux-gnu/libbsd.so.0.11.5
7ff3cd81d000-7ff3cd82a000 r-xp 00004000 fc:01 4818                       /usr/lib/x86_64-linux-gnu/libbsd.so.0.11.5
7ff3cd82a000-7ff3cd82d000 r--p 00011000 fc:01 4818                       /usr/lib/x86_64-linux-gnu/libbsd.so.0.11.5
7ff3cd82d000-7ff3cd82e000 ---p 00014000 fc:01 4818                       /usr/lib/x86_64-linux-gnu/libbsd.so.0.11.5
7ff3cd82e000-7ff3cd82f000 r--p 00014000 fc:01 4818                       /usr/lib/x86_64-linux-gnu/libbsd.so.0.11.5
7ff3cd82f000-7ff3cd830000 rw-p 00015000 fc:01 4818                       /usr/lib/x86_64-linux-gnu/libbsd.so.0.11.5
7ff3cd830000-7ff3cd831000 rw-p 00000000 00:00 0 
7ff3cd831000-7ff3cd83e000 r--p 00000000 fc:01 2686                       /usr/lib/x86_64-linux-gnu/libfreetype.so.6.18.1
7ff3cd83e000-7ff3cd8c7000 r-xp 0000d000 fc:01 2686                       /usr/lib/x86_64-linux-gnu/libfreetype.so.6.18.1
7ff3cd8c7000-7ff3cd8f0000 r--p 00096000 fc:01 2686                       /usr/lib/x86_64-linux-gnu/libfreetype.so.6.18.1
7ff3cd8f0000-7ff3cd8f1000 ---p 000bf000 fc:01 2686                       /usr/lib/x86_64-linux-gnu/libfreetype.so.6.18.1
7ff3cd8f1000-7ff3cd8f8000 r--p 000bf000 fc:01 2686                       /usr/lib/x86_64-linux-gnu/libfreetype.so.6.18.1
7ff3cd8f8000-7ff3cd8f9000 rw-p 000c6000 fc:01 2686                       /usr/lib/x86_64-linux-gnu/libfreetype.so.6.18.1
7ff3cd8f9000-7ff3cd924000 r--p 00000000 fc:01 75566                      /usr/lib/x86_64-linux-gnu/libgdk-3.so.0.2404.29
7ff3cd924000-7ff3cd9a7000 r-xp 0002b000 fc:01 75566                      /usr/lib/x86_64-linux-gnu/libgdk-3.so.0.2404.29
7ff3cd9a7000-7ff3cd9f4000 r--p 000ae000 fc:01 75566                      /usr/lib/x86_64-linux-gnu/libgdk-3.so.0.2404.29
7ff3cd9f4000-7ff3cd9fd000 r--p 000fa000 fc:01 75566                      /usr/lib/x86_64-linux-gnu/libgdk-3.so.0.2404.29
7ff3cd9fd000-7ff3cd9ff000 rw-p 00103000 fc:01 75566                      /usr/lib/x86_64-linux-gnu/libgdk-3.so.0.2404.29
7ff3cd9ff000-7ff3cda00000 rw-p 00000000 00:00 0 
7ff3cda00000-7ff3cda10000 r-xp 00000000 fc:01 74589563                   /tools/Xilinx/Vitis_HLS/2023.2/tps/lnx64/jre11.0.16_1/lib/libnio.so
7ff3cda10000-7ff3cdc0f000 ---p 00010000 fc:01 74589563                   /tools/Xilinx/Vitis_HLS/2023.2/tps/lnx64/jre11.0.16_1/lib/libnio.so
7ff3cdc0f000-7ff3cdc10000 r--p 0000f000 fc:01 74589563                   /tools/Xilinx/Vitis_HLS/2023.2/tps/lnx64/jre11.0.16_1/lib/libnio.so
7ff3cdc10000-7ff3cdc11000 rw-p 00010000 fc:01 74589563                   /tools/Xilinx/Vitis_HLS/2023.2/tps/lnx64/jre11.0.16_1/lib/libnio.so
7ff3cdc11000-7ff3cdc12000 r--p 00000000 fc:01 34172                      /usr/lib/x86_64-linux-gnu/libutil.so.1
7ff3cdc12000-7ff3cdc13000 r-xp 00001000 fc:01 34172                      /usr/lib/x86_64-linux-gnu/libutil.so.1
7ff3cdc13000-7ff3cdc14000 r--p 00002000 fc:01 34172                      /usr/lib/x86_64-linux-gnu/libutil.so.1
7ff3cdc14000-7ff3cdc15000 r--p 00002000 fc:01 34172                      /usr/lib/x86_64-linux-gnu/libutil.so.1
7ff3cdc15000-7ff3cdc16000 rw-p 00003000 fc:01 34172                      /usr/lib/x86_64-linux-gnu/libutil.so.1
7ff3cdc16000-7ff3cdc17000 r--p 00000000 fc:01 5697                       /usr/lib/x86_64-linux-gnu/libbrotlicommon.so.1.0.9
7ff3cdc17000-7ff3cdc18000 r-xp 00001000 fc:01 5697                       /usr/lib/x86_64-linux-gnu/libbrotlicommon.so.1.0.9
7ff3cdc18000-7ff3cdc37000 r--p 00002000 fc:01 5697                       /usr/lib/x86_64-linux-gnu/libbrotlicommon.so.1.0.9
7ff3cdc37000-7ff3cdc38000 r--p 00020000 fc:01 5697                       /usr/lib/x86_64-linux-gnu/libbrotlicommon.so.1.0.9
7ff3cdc38000-7ff3cdc39000 rw-p 00021000 fc:01 5697                       /usr/lib/x86_64-linux-gnu/libbrotlicommon.so.1.0.9
7ff3cdc39000-7ff3cdc3b000 r--p 00000000 fc:01 4987                       /usr/lib/x86_64-linux-gnu/libXdmcp.so.6.0.0
7ff3cdc3b000-7ff3cdc3d000 r-xp 00002000 fc:01 4987                       /usr/lib/x86_64-linux-gnu/libXdmcp.so.6.0.0
7ff3cdc3d000-7ff3cdc3f000 r--p 00004000 fc:01 4987                       /usr/lib/x86_64-linux-gnu/libXdmcp.so.6.0.0
7ff3cdc3f000-7ff3cdc40000 r--p 00005000 fc:01 4987                       /usr/lib/x86_64-linux-gnu/libXdmcp.so.6.0.0
7ff3cdc40000-7ff3cdc41000 rw-p 00006000 fc:01 4987                       /usr/lib/x86_64-linux-gnu/libXdmcp.so.6.0.0
7ff3cdc41000-7ff3cdc44000 r--p 00000000 fc:01 75425                      /usr/lib/x86_64-linux-gnu/libgraphite2.so.3.2.1
7ff3cdc44000-7ff3cdc61000 r-xp 00003000 fc:01 75425                      /usr/lib/x86_64-linux-gnu/libgraphite2.so.3.2.1
7ff3cdc61000-7ff3cdc65000 r--p 00020000 fc:01 75425                      /usr/lib/x86_64-linux-gnu/libgraphite2.so.3.2.1
7ff3cdc65000-7ff3cdc67000 r--p 00023000 fc:01 75425                      /usr/lib/x86_64-linux-gnu/libgraphite2.so.3.2.1
7ff3cdc67000-7ff3cdc68000 rw-p 00025000 fc:01 75425                      /usr/lib/x86_64-linux-gnu/libgraphite2.so.3.2.1
7ff3cdc68000-7ff3cdc73000 r--p 00000000 fc:01 4993                       /usr/lib/x86_64-linux-gnu/libxcb.so.1.1.0
7ff3cdc73000-7ff3cdc87000 r-xp 0000b000 fc:01 4993                       /usr/lib/x86_64-linux-gnu/libxcb.so.1.1.0
7ff3cdc87000-7ff3cdc90000 r--p 0001f000 fc:01 4993                       /usr/lib/x86_64-linux-gnu/libxcb.so.1.1.0
7ff3cdc90000-7ff3cdc91000 r--p 00027000 fc:01 4993                       /usr/lib/x86_64-linux-gnu/libxcb.so.1.1.0
7ff3cdc91000-7ff3cdc92000 rw-p 00028000 fc:01 4993                       /usr/lib/x86_64-linux-gnu/libxcb.so.1.1.0
7ff3cdc92000-7ff3cdc94000 r--p 00000000 fc:01 3645                       /usr/lib/x86_64-linux-gnu/libpcre.so.3.13.3
7ff3cdc94000-7ff3cdce9000 r-xp 00002000 fc:01 3645                       /usr/lib/x86_64-linux-gnu/libpcre.so.3.13.3
7ff3cdce9000-7ff3cdd06000 r--p 00057000 fc:01 3645                       /usr/lib/x86_64-linux-gnu/libpcre.so.3.13.3
7ff3cdd06000-7ff3cdd07000 r--p 00073000 fc:01 3645                       /usr/lib/x86_64-linux-gnu/libpcre.so.3.13.3
7ff3cdd07000-7ff3cdd08000 rw-p 00074000 fc:01 3645                       /usr/lib/x86_64-linux-gnu/libpcre.so.3.13.3
7ff3cdd08000-7ff3cdd09000 ---p 00000000 00:00 0 
7ff3cdd09000-7ff3cde0a000 rw-p 00000000 00:00 0 
7ff3cde0a000-7ff3cde0e000 ---p 00000000 00:00 0 
7ff3cde0e000-7ff3cdf0a000 rw-p 00000000 00:00 0 
7ff3cdf0a000-7ff3cdf0e000 ---p 00000000 00:00 0 
7ff3cdf0e000-7ff3ce00a000 rw-p 00000000 00:00 0 
7ff3ce00a000-7ff3ce00e000 ---p 00000000 00:00 0 
7ff3ce00e000-7ff3ce10a000 rw-p 00000000 00:00 0 
7ff3ce10a000-7ff3ce10e000 ---p 00000000 00:00 0 
7ff3ce10e000-7ff3ce20a000 rw-p 00000000 00:00 0 
7ff3ce20a000-7ff3ce20e000 ---p 00000000 00:00 0 
7ff3ce20e000-7ff3ce30a000 rw-p 00000000 00:00 0 
7ff3ce30a000-7ff3ce30e000 ---p 00000000 00:00 0 
7ff3ce30e000-7ff3ce40a000 rw-p 00000000 00:00 0 
7ff3ce40a000-7ff3ce40e000 ---p 00000000 00:00 0 
7ff3ce40e000-7ff3ce50a000 rw-p 00000000 00:00 0 
7ff3ce50a000-7ff3ce50e000 ---p 00000000 00:00 0 
7ff3ce50e000-7ff3ce60a000 rw-p 00000000 00:00 0 
7ff3ce60a000-7ff3ce60e000 ---p 00000000 00:00 0 
7ff3ce60e000-7ff3ce70a000 rw-p 00000000 00:00 0 
7ff3ce70a000-7ff3ce70e000 ---p 00000000 00:00 0 
7ff3ce70e000-7ff3ce80a000 rw-p 00000000 00:00 0 
7ff3ce80a000-7ff3ce80e000 ---p 00000000 00:00 0 
7ff3ce80e000-7ff3ce90a000 rw-p 00000000 00:00 0 
7ff3ce90a000-7ff3cebf3000 r--p 00000000 fc:01 5787                       /usr/lib/locale/locale-archive
7ff3cebf3000-7ff3cebf7000 ---p 00000000 00:00 0 
7ff3cebf7000-7ff3cecf3000 rw-p 00000000 00:00 0 
7ff3cecf3000-7ff3cecf7000 ---p 00000000 00:00 0 
7ff3cecf7000-7ff3cedf3000 rw-p 00000000 00:00 0 
7ff3cedf3000-7ff3cedf4000 ---p 00000000 00:00 0 
7ff3cedf4000-7ff3cf6f5000 rw-p 00000000 00:00 0 
7ff3cf6f5000-7ff3cf6f6000 ---p 00000000 00:00 0 
7ff3cf6f6000-7ff3cf7f7000 rw-p 00000000 00:00 0 
7ff3cf7f7000-7ff3cf7f8000 ---p 00000000 00:00 0 
7ff3cf7f8000-7ff3d0000000 rw-p 00000000 00:00 0 
7ff3d0000000-7ff3d0021000 rw-p 00000000 00:00 0 
7ff3d0021000-7ff3d4000000 ---p 00000000 00:00 0 
7ff3d4001000-7ff3d4002000 r--p 00000000 fc:01 73069479                   /tools/Xilinx/Vitis_HLS/2023.2/lib/lnx64.o/libboost_system.so.1.72.0
7ff3d4002000-7ff3d4003000 r-xp 00001000 fc:01 73069479                   /tools/Xilinx/Vitis_HLS/2023.2/lib/lnx64.o/libboost_system.so.1.72.0
7ff3d4003000-7ff3d4004000 r--p 00002000 fc:01 73069479                   /tools/Xilinx/Vitis_HLS/2023.2/lib/lnx64.o/libboost_system.so.1.72.0
7ff3d4004000-7ff3d4005000 r--p 00002000 fc:01 73069479                   /tools/Xilinx/Vitis_HLS/2023.2/lib/lnx64.o/libboost_system.so.1.72.0
7ff3d4005000-7ff3d4006000 rw-p 00003000 fc:01 73069479                   /tools/Xilinx/Vitis_HLS/2023.2/lib/lnx64.o/libboost_system.so.1.72.0
7ff3d4006000-7ff3d4007000 r--p 00000000 fc:01 4983                       /usr/lib/x86_64-linux-gnu/libXau.so.6.0.0
7ff3d4007000-7ff3d4009000 r-xp 00001000 fc:01 4983                       /usr/lib/x86_64-linux-gnu/libXau.so.6.0.0
7ff3d4009000-7ff3d400a000 r--p 00003000 fc:01 4983                       /usr/lib/x86_64-linux-gnu/libXau.so.6.0.0
7ff3d400a000-7ff3d400b000 r--p 00003000 fc:01 4983                       /usr/lib/x86_64-linux-gnu/libXau.so.6.0.0
7ff3d400b000-7ff3d400c000 rw-p 00004000 fc:01 4983                       /usr/lib/x86_64-linux-gnu/libXau.so.6.0.0
7ff3d400c000-7ff3d400d000 r--p 00000000 fc:01 5698                       /usr/lib/x86_64-linux-gnu/libbrotlidec.so.1.0.9
7ff3d400d000-7ff3d4015000 r-xp 00001000 fc:01 5698                       /usr/lib/x86_64-linux-gnu/libbrotlidec.so.1.0.9
7ff3d4015000-7ff3d4018000 r--p 00009000 fc:01 5698                       /usr/lib/x86_64-linux-gnu/libbrotlidec.so.1.0.9
7ff3d4018000-7ff3d4019000 r--p 0000b000 fc:01 5698                       /usr/lib/x86_64-linux-gnu/libbrotlidec.so.1.0.9
7ff3d4019000-7ff3d401a000 rw-p 0000c000 fc:01 5698                       /usr/lib/x86_64-linux-gnu/libbrotlidec.so.1.0.9
7ff3d401a000-7ff3d401e000 r--p 00000000 fc:01 85301                      /usr/lib/x86_64-linux-gnu/libexpat.so.1.8.7
7ff3d401e000-7ff3d403d000 r-xp 00004000 fc:01 85301                      /usr/lib/x86_64-linux-gnu/libexpat.so.1.8.7
7ff3d403d000-7ff3d4047000 r--p 00023000 fc:01 85301                      /usr/lib/x86_64-linux-gnu/libexpat.so.1.8.7
7ff3d4047000-7ff3d4048000 ---p 0002d000 fc:01 85301                      /usr/lib/x86_64-linux-gnu/libexpat.so.1.8.7
7ff3d4048000-7ff3d404a000 r--p 0002d000 fc:01 85301                      /usr/lib/x86_64-linux-gnu/libexpat.so.1.8.7
7ff3d404a000-7ff3d404b000 rw-p 0002f000 fc:01 85301                      /usr/lib/x86_64-linux-gnu/libexpat.so.1.8.7
7ff3d404b000-7ff3d4051000 r--p 00000000 fc:01 4032                       /usr/lib/x86_64-linux-gnu/libselinux.so.1
7ff3d4051000-7ff3d406b000 r-xp 00006000 fc:01 4032                       /usr/lib/x86_64-linux-gnu/libselinux.so.1
7ff3d406b000-7ff3d4072000 r--p 00020000 fc:01 4032                       /usr/lib/x86_64-linux-gnu/libselinux.so.1
7ff3d4072000-7ff3d4073000 ---p 00027000 fc:01 4032                       /usr/lib/x86_64-linux-gnu/libselinux.so.1
7ff3d4073000-7ff3d4074000 r--p 00027000 fc:01 4032                       /usr/lib/x86_64-linux-gnu/libselinux.so.1
7ff3d4074000-7ff3d4075000 rw-p 00028000 fc:01 4032                       /usr/lib/x86_64-linux-gnu/libselinux.so.1
7ff3d4075000-7ff3d4077000 rw-p 00000000 00:00 0 
7ff3d4077000-7ff3d407b000 r--p 00000000 fc:01 3303                       /usr/lib/x86_64-linux-gnu/libjpeg.so.8.2.2
7ff3d407b000-7ff3d40c4000 r-xp 00004000 fc:01 3303                       /usr/lib/x86_64-linux-gnu/libjpeg.so.8.2.2
7ff3d40c4000-7ff3d40f6000 r--p 0004d000 fc:01 3303                       /usr/lib/x86_64-linux-gnu/libjpeg.so.8.2.2
7ff3d40f6000-7ff3d40f7000 r--p 0007e000 fc:01 3303                       /usr/lib/x86_64-linux-gnu/libjpeg.so.8.2.2
7ff3d40f7000-7ff3d40f8000 rw-p 0007f000 fc:01 3303                       /usr/lib/x86_64-linux-gnu/libjpeg.so.8.2.2
7ff3d40f8000-7ff3d66fe000 rw-p 00000000 00:00 0 
7ff3d66fe000-7ff3d66ff000 ---p 00000000 00:00 0 
7ff3d66ff000-7ff3d7000000 rw-p 00000000 00:00 0 
7ff3d7000000-7ff3da800000 ---p 00000000 00:00 0 
7ff3da800000-7ff3db000000 rw-p 00000000 00:00 0 
7ff3db000000-7ff3de800000 ---p 00000000 00:00 0 
7ff3de800000-7ff3de900000 rw-p 00000000 00:00 0 
7ff3de900000-7ff3df000000 ---p 00000000 00:00 0 
7ff3df000000-7ff3df100000 rw-p 00000000 00:00 0 
7ff3df100000-7ff3df800000 ---p 00000000 00:00 0 
7ff3df800000-7ff3df900000 rw-p 00000000 00:00 0 
7ff3df900000-7ff3e0000000 ---p 00000000 00:00 0 
7ff3e0000000-7ff3e0021000 rw-p 00000000 00:00 0 
7ff3e0021000-7ff3e4000000 ---p 00000000 00:00 0 
7ff3e4002000-7ff3e400a000 r--p 00000000 fc:01 9733                       /usr/lib/x86_64-linux-gnu/libmount.so.1.1.0
7ff3e400a000-7ff3e4036000 r-xp 00008000 fc:01 9733                       /usr/lib/x86_64-linux-gnu/libmount.so.1.1.0
7ff3e4036000-7ff3e4043000 r--p 00034000 fc:01 9733                       /usr/lib/x86_64-linux-gnu/libmount.so.1.1.0
7ff3e4043000-7ff3e4044000 ---p 00041000 fc:01 9733                       /usr/lib/x86_64-linux-gnu/libmount.so.1.1.0
7ff3e4044000-7ff3e4045000 r--p 00041000 fc:01 9733                       /usr/lib/x86_64-linux-gnu/libmount.so.1.1.0
7ff3e4045000-7ff3e4046000 rw-p 00042000 fc:01 9733                       /usr/lib/x86_64-linux-gnu/libmount.so.1.1.0
7ff3e4046000-7ff3e404b000 r--p 00000000 fc:01 5695                       /usr/lib/x86_64-linux-gnu/libpng16.so.16.37.0
7ff3e404b000-7ff3e4074000 r-xp 00005000 fc:01 5695                       /usr/lib/x86_64-linux-gnu/libpng16.so.16.37.0
7ff3e4074000-7ff3e407f000 r--p 0002e000 fc:01 5695                       /usr/lib/x86_64-linux-gnu/libpng16.so.16.37.0
7ff3e407f000-7ff3e4080000 r--p 00038000 fc:01 5695                       /usr/lib/x86_64-linux-gnu/libpng16.so.16.37.0
7ff3e4080000-7ff3e4081000 rw-p 00039000 fc:01 5695                       /usr/lib/x86_64-linux-gnu/libpng16.so.16.37.0
7ff3e4081000-7ff3e4082000 ---p 00000000 00:00 0 
7ff3e4082000-7ff3e4811000 rw-p 00000000 00:00 0 
7ff3e4811000-7ff3e4b11000 rwxp 00000000 00:00 0 
7ff3e4b11000-7ff3e4f50000 ---p 00000000 00:00 0 
7ff3e4f50000-7ff3e59c0000 rwxp 00000000 00:00 0 
7ff3e59c0000-7ff3ec3b0000 ---p 00000000 00:00 0 
7ff3ec3b0000-7ff3ec6b0000 rwxp 00000000 00:00 0 
7ff3ec6b0000-7ff3f3811000 ---p 00000000 00:00 0 
7ff3f3811000-7ff3fc000000 r--s 00000000 fc:01 74589521                   /tools/Xilinx/Vitis_HLS/2023.2/tps/lnx64/jre11.0.16_1/lib/modules
7ff3fc000000-7ff3fcbbb000 rw-p 00000000 00:00 0 
7ff3fcbbb000-7ff400000000 ---p 00000000 00:00 0 
7ff400000000-7ff400001000 r--p 00000000 fc:01 22710                      /usr/lib/x86_64-linux-gnu/libgthread-2.0.so.0.7200.4
7ff400001000-7ff400002000 r-xp 00001000 fc:01 22710                      /usr/lib/x86_64-linux-gnu/libgthread-2.0.so.0.7200.4
7ff400002000-7ff400003000 r--p 00002000 fc:01 22710                      /usr/lib/x86_64-linux-gnu/libgthread-2.0.so.0.7200.4
7ff400003000-7ff400004000 r--p 00002000 fc:01 22710                      /usr/lib/x86_64-linux-gnu/libgthread-2.0.so.0.7200.4
7ff400004000-7ff400005000 rw-p 00003000 fc:01 22710                      /usr/lib/x86_64-linux-gnu/libgthread-2.0.so.0.7200.4
7ff400005000-7ff400007000 r--p 00000000 fc:01 75467                      /usr/lib/x86_64-linux-gnu/libdatrie.so.1.4.0
7ff400007000-7ff40000b000 r-xp 00002000 fc:01 75467                      /usr/lib/x86_64-linux-gnu/libdatrie.so.1.4.0
7ff40000b000-7ff40000c000 r--p 00006000 fc:01 75467                      /usr/lib/x86_64-linux-gnu/libdatrie.so.1.4.0
7ff40000c000-7ff40000d000 r--p 00007000 fc:01 75467                      /usr/lib/x86_64-linux-gnu/libdatrie.so.1.4.0
7ff40000d000-7ff40000e000 rw-p 00008000 fc:01 75467                      /usr/lib/x86_64-linux-gnu/libdatrie.so.1.4.0
7ff40000e000-7ff400013000 r--p 00000000 fc:01 21294                      /usr/lib/x86_64-linux-gnu/libxcb-render.so.0.0.0
7ff400013000-7ff400018000 r-xp 00005000 fc:01 21294                      /usr/lib/x86_64-linux-gnu/libxcb-render.so.0.0.0
7ff400018000-7ff40001a000 r--p 0000a000 fc:01 21294                      /usr/lib/x86_64-linux-gnu/libxcb-render.so.0.0.0
7ff40001a000-7ff40001b000 ---p 0000c000 fc:01 21294                      /usr/lib/x86_64-linux-gnu/libxcb-render.so.0.0.0
7ff40001b000-7ff40001c000 r--p 0000c000 fc:01 21294                      /usr/lib/x86_64-linux-gnu/libxcb-render.so.0.0.0
7ff40001c000-7ff40001d000 rw-p 0000d000 fc:01 21294                      /usr/lib/x86_64-linux-gnu/libxcb-render.so.0.0.0
7ff40001d000-7ff40001f000 r--p 00000000 fc:01 23397                      /usr/lib/x86_64-linux-gnu/libXrender.so.1.3.0
7ff40001f000-7ff400026000 r-xp 00002000 fc:01 23397                      /usr/lib/x86_64-linux-gnu/libXrender.so.1.3.0
7ff400026000-7ff400028000 r--p 00009000 fc:01 23397                      /usr/lib/x86_64-linux-gnu/libXrender.so.1.3.0
7ff400028000-7ff400029000 r--p 0000a000 fc:01 23397                      /usr/lib/x86_64-linux-gnu/libXrender.so.1.3.0
7ff400029000-7ff40002a000 rw-p 0000b000 fc:01 23397                      /usr/lib/x86_64-linux-gnu/libXrender.so.1.3.0
7ff40002a000-7ff400033000 r--p 00000000 fc:01 75432                      /usr/lib/x86_64-linux-gnu/libharfbuzz.so.0.20704.0
7ff400033000-7ff4000c4000 r-xp 00009000 fc:01 75432                      /usr/lib/x86_64-linux-gnu/libharfbuzz.so.0.20704.0
7ff4000c4000-7ff4000f6000 r--p 0009a000 fc:01 75432                      /usr/lib/x86_64-linux-gnu/libharfbuzz.so.0.20704.0
7ff4000f6000-7ff4000f7000 ---p 000cc000 fc:01 75432                      /usr/lib/x86_64-linux-gnu/libharfbuzz.so.0.20704.0
7ff4000f7000-7ff4000f8000 r--p 000cc000 fc:01 75432                      /usr/lib/x86_64-linux-gnu/libharfbuzz.so.0.20704.0
7ff4000f8000-7ff4000f9000 rw-p 000cd000 fc:01 75432                      /usr/lib/x86_64-linux-gnu/libharfbuzz.so.0.20704.0
7ff4000f9000-7ff400800000 rw-p 00000000 00:00 0 
7ff400800000-7ff400807000 r-xp 00000000 fc:01 73679881                   /tools/Xilinx/Vitis_HLS/2023.2/tps/lnx64/jre11.0.16_1/lib/libzip.so
7ff400807000-7ff400a07000 ---p 00007000 fc:01 73679881                   /tools/Xilinx/Vitis_HLS/2023.2/tps/lnx64/jre11.0.16_1/lib/libzip.so
7ff400a07000-7ff400a08000 r--p 00007000 fc:01 73679881                   /tools/Xilinx/Vitis_HLS/2023.2/tps/lnx64/jre11.0.16_1/lib/libzip.so
7ff400a08000-7ff400a09000 rw-p 00008000 fc:01 73679881                   /tools/Xilinx/Vitis_HLS/2023.2/tps/lnx64/jre11.0.16_1/lib/libzip.so
7ff400a0b000-7ff400a0c000 r--p 00000000 fc:01 23382                      /usr/lib/x86_64-linux-gnu/libxcb-shm.so.0.0.0
7ff400a0c000-7ff400a0d000 r-xp 00001000 fc:01 23382                      /usr/lib/x86_64-linux-gnu/libxcb-shm.so.0.0.0
7ff400a0d000-7ff400a0e000 r--p 00002000 fc:01 23382                      /usr/lib/x86_64-linux-gnu/libxcb-shm.so.0.0.0
7ff400a0e000-7ff400a0f000 r--p 00002000 fc:01 23382                      /usr/lib/x86_64-linux-gnu/libxcb-shm.so.0.0.0
7ff400a0f000-7ff400a10000 rw-p 00003000 fc:01 23382                      /usr/lib/x86_64-linux-gnu/libxcb-shm.so.0.0.0
7ff400a10000-7ff400a12000 r--p 00000000 fc:01 19360                      /usr/lib/x86_64-linux-gnu/libuuid.so.1.3.0
7ff400a12000-7ff400a16000 r-xp 00002000 fc:01 19360                      /usr/lib/x86_64-linux-gnu/libuuid.so.1.3.0
7ff400a16000-7ff400a17000 r--p 00006000 fc:01 19360                      /usr/lib/x86_64-linux-gnu/libuuid.so.1.3.0
7ff400a17000-7ff400a18000 r--p 00006000 fc:01 19360                      /usr/lib/x86_64-linux-gnu/libuuid.so.1.3.0
7ff400a18000-7ff400a19000 rw-p 00007000 fc:01 19360                      /usr/lib/x86_64-linux-gnu/libuuid.so.1.3.0
7ff400a19000-7ff400a1b000 r--p 00000000 fc:01 4062                       /usr/lib/x86_64-linux-gnu/libffi.so.8.1.0
7ff400a1b000-7ff400a22000 r-xp 00002000 fc:01 4062                       /usr/lib/x86_64-linux-gnu/libffi.so.8.1.0
7ff400a22000-7ff400a23000 r--p 00009000 fc:01 4062                       /usr/lib/x86_64-linux-gnu/libffi.so.8.1.0
7ff400a23000-7ff400a24000 ---p 0000a000 fc:01 4062                       /usr/lib/x86_64-linux-gnu/libffi.so.8.1.0
7ff400a24000-7ff400a25000 r--p 0000a000 fc:01 4062                       /usr/lib/x86_64-linux-gnu/libffi.so.8.1.0
7ff400a25000-7ff400a26000 rw-p 0000b000 fc:01 4062                       /usr/lib/x86_64-linux-gnu/libffi.so.8.1.0
7ff400a26000-7ff400a28000 r--p 00000000 fc:01 75473                      /usr/lib/x86_64-linux-gnu/libthai.so.0.3.1
7ff400a28000-7ff400a2c000 r-xp 00002000 fc:01 75473                      /usr/lib/x86_64-linux-gnu/libthai.so.0.3.1
7ff400a2c000-7ff400a2f000 r--p 00006000 fc:01 75473                      /usr/lib/x86_64-linux-gnu/libthai.so.0.3.1
7ff400a2f000-7ff400a30000 r--p 00008000 fc:01 75473                      /usr/lib/x86_64-linux-gnu/libthai.so.0.3.1
7ff400a30000-7ff400a31000 rw-p 00009000 fc:01 75473                      /usr/lib/x86_64-linux-gnu/libthai.so.0.3.1
7ff400a31000-7ff400a38000 r--p 00000000 fc:01 75485                      /usr/lib/x86_64-linux-gnu/libpangoft2-1.0.so.0.5000.6
7ff400a38000-7ff400a45000 r-xp 00007000 fc:01 75485                      /usr/lib/x86_64-linux-gnu/libpangoft2-1.0.so.0.5000.6
7ff400a45000-7ff400a49000 r--p 00014000 fc:01 75485                      /usr/lib/x86_64-linux-gnu/libpangoft2-1.0.so.0.5000.6
7ff400a49000-7ff400a4a000 ---p 00018000 fc:01 75485                      /usr/lib/x86_64-linux-gnu/libpangoft2-1.0.so.0.5000.6
7ff400a4a000-7ff400a4b000 r--p 00018000 fc:01 75485                      /usr/lib/x86_64-linux-gnu/libpangoft2-1.0.so.0.5000.6
7ff400a4b000-7ff400a4c000 rw-p 00019000 fc:01 75485                      /usr/lib/x86_64-linux-gnu/libpangoft2-1.0.so.0.5000.6
7ff400a4c000-7ff400a4e000 r--p 00000000 fc:01 4791                       /usr/lib/x86_64-linux-gnu/libfribidi.so.0.4.0
7ff400a4e000-7ff400a51000 r-xp 00002000 fc:01 4791                       /usr/lib/x86_64-linux-gnu/libfribidi.so.0.4.0
7ff400a51000-7ff400a66000 r--p 00005000 fc:01 4791                       /usr/lib/x86_64-linux-gnu/libfribidi.so.0.4.0
7ff400a66000-7ff400a67000 r--p 00019000 fc:01 4791                       /usr/lib/x86_64-linux-gnu/libfribidi.so.0.4.0
7ff400a67000-7ff400a68000 rw-p 0001a000 fc:01 4791                       /usr/lib/x86_64-linux-gnu/libfribidi.so.0.4.0
7ff400a68000-7ff400a6c000 r--p 00000000 fc:01 5501                       /usr/lib/x86_64-linux-gnu/libXext.so.6.4.0
7ff400a6c000-7ff400a77000 r-xp 00004000 fc:01 5501                       /usr/lib/x86_64-linux-gnu/libXext.so.6.4.0
7ff400a77000-7ff400a7b000 r--p 0000f000 fc:01 5501                       /usr/lib/x86_64-linux-gnu/libXext.so.6.4.0
7ff400a7b000-7ff400a7c000 r--p 00012000 fc:01 5501                       /usr/lib/x86_64-linux-gnu/libXext.so.6.4.0
7ff400a7c000-7ff400a7d000 rw-p 00013000 fc:01 5501                       /usr/lib/x86_64-linux-gnu/libXext.so.6.4.0
7ff400a7d000-7ff400a82000 r--p 00000000 fc:01 75497                      /usr/lib/x86_64-linux-gnu/libwayland-client.so.0.20.0
7ff400a82000-7ff400a88000 r-xp 00005000 fc:01 75497                      /usr/lib/x86_64-linux-gnu/libwayland-client.so.0.20.0
7ff400a88000-7ff400a8a000 r--p 0000b000 fc:01 75497                      /usr/lib/x86_64-linux-gnu/libwayland-client.so.0.20.0
7ff400a8a000-7ff400a8b000 ---p 0000d000 fc:01 75497                      /usr/lib/x86_64-linux-gnu/libwayland-client.so.0.20.0
7ff400a8b000-7ff400a8d000 r--p 0000d000 fc:01 75497                      /usr/lib/x86_64-linux-gnu/libwayland-client.so.0.20.0
7ff400a8d000-7ff400a8e000 rw-p 0000f000 fc:01 75497                      /usr/lib/x86_64-linux-gnu/libwayland-client.so.0.20.0
7ff400a8e000-7ff400a90000 r--p 00000000 fc:01 75503                      /usr/lib/x86_64-linux-gnu/libwayland-cursor.so.0.20.0
7ff400a90000-7ff400a92000 r-xp 00002000 fc:01 75503                      /usr/lib/x86_64-linux-gnu/libwayland-cursor.so.0.20.0
7ff400a92000-7ff400a93000 r--p 00004000 fc:01 75503                      /usr/lib/x86_64-linux-gnu/libwayland-cursor.so.0.20.0
7ff400a93000-7ff400a94000 r--p 00004000 fc:01 75503                      /usr/lib/x86_64-linux-gnu/libwayland-cursor.so.0.20.0
7ff400a94000-7ff400a98000 rw-p 00005000 fc:01 75503                      /usr/lib/x86_64-linux-gnu/libwayland-cursor.so.0.20.0
7ff400a98000-7ff400a9c000 r--p 00000000 fc:01 75545                      /usr/lib/x86_64-linux-gnu/libxkbcommon.so.0.0.0
7ff400a9c000-7ff400abb000 r-xp 00004000 fc:01 75545                      /usr/lib/x86_64-linux-gnu/libxkbcommon.so.0.0.0
7ff400abb000-7ff400adc000 r--p 00023000 fc:01 75545                      /usr/lib/x86_64-linux-gnu/libxkbcommon.so.0.0.0
7ff400adc000-7ff400ade000 r--p 00043000 fc:01 75545                      /usr/lib/x86_64-linux-gnu/libxkbcommon.so.0.0.0
7ff400ade000-7ff400adf000 rw-p 00045000 fc:01 75545                      /usr/lib/x86_64-linux-gnu/libxkbcommon.so.0.0.0
7ff400adf000-7ff400ae1000 r--p 00000000 fc:01 75527                      /usr/lib/x86_64-linux-gnu/libXcursor.so.1.0.2
7ff400ae1000-7ff400ae7000 r-xp 00002000 fc:01 75527                      /usr/lib/x86_64-linux-gnu/libXcursor.so.1.0.2
7ff400ae7000-7ff400ae9000 r--p 00008000 fc:01 75527                      /usr/lib/x86_64-linux-gnu/libXcursor.so.1.0.2
7ff400ae9000-7ff400aea000 r--p 00009000 fc:01 75527                      /usr/lib/x86_64-linux-gnu/libXcursor.so.1.0.2
7ff400aea000-7ff400aeb000 rw-p 0000a000 fc:01 75527                      /usr/lib/x86_64-linux-gnu/libXcursor.so.1.0.2
7ff400aeb000-7ff400aee000 r--p 00000000 fc:01 75384                      /usr/lib/x86_64-linux-gnu/libXi.so.6.1.0
7ff400aee000-7ff400afa000 r-xp 00003000 fc:01 75384                      /usr/lib/x86_64-linux-gnu/libXi.so.6.1.0
7ff400afa000-7ff400afd000 r--p 0000f000 fc:01 75384                      /usr/lib/x86_64-linux-gnu/libXi.so.6.1.0
7ff400afd000-7ff400afe000 r--p 00011000 fc:01 75384                      /usr/lib/x86_64-linux-gnu/libXi.so.6.1.0
7ff400afe000-7ff400aff000 rw-p 00012000 fc:01 75384                      /usr/lib/x86_64-linux-gnu/libXi.so.6.1.0
7ff400aff000-7ff400c00000 rw-p 00000000 00:00 0 
7ff400c00000-7ff400c1b000 r-xp 00000000 fc:01 73679864                   /tools/Xilinx/Vitis_HLS/2023.2/tps/lnx64/jre11.0.16_1/lib/libjimage.so
7ff400c1b000-7ff400e1a000 ---p 0001b000 fc:01 73679864                   /tools/Xilinx/Vitis_HLS/2023.2/tps/lnx64/jre11.0.16_1/lib/libjimage.so
7ff400e1a000-7ff400e1c000 r--p 0001a000 fc:01 73679864                   /tools/Xilinx/Vitis_HLS/2023.2/tps/lnx64/jre11.0.16_1/lib/libjimage.so
7ff400e1c000-7ff400e1d000 rw-p 0001c000 fc:01 73679864                   /tools/Xilinx/Vitis_HLS/2023.2/tps/lnx64/jre11.0.16_1/lib/libjimage.so
7ff400e1d000-7ff400e1f000 r--p 00000000 fc:01 22708                      /usr/lib/x86_64-linux-gnu/libgmodule-2.0.so.0.7200.4
7ff400e1f000-7ff400e21000 r-xp 00002000 fc:01 22708                      /usr/lib/x86_64-linux-gnu/libgmodule-2.0.so.0.7200.4
7ff400e21000-7ff400e22000 r--p 00004000 fc:01 22708                      /usr/lib/x86_64-linux-gnu/libgmodule-2.0.so.0.7200.4
7ff400e22000-7ff400e23000 r--p 00004000 fc:01 22708                      /usr/lib/x86_64-linux-gnu/libgmodule-2.0.so.0.7200.4
7ff400e23000-7ff400e24000 rw-p 00005000 fc:01 22708                      /usr/lib/x86_64-linux-gnu/libgmodule-2.0.so.0.7200.4
7ff400e24000-7ff400e2b000 r--p 00000000 fc:01 5499                       /usr/lib/x86_64-linux-gnu/libfontconfig.so.1.12.0
7ff400e2b000-7ff400e54000 r-xp 00007000 fc:01 5499                       /usr/lib/x86_64-linux-gnu/libfontconfig.so.1.12.0
7ff400e54000-7ff400e6a000 r--p 00030000 fc:01 5499                       /usr/lib/x86_64-linux-gnu/libfontconfig.so.1.12.0
7ff400e6a000-7ff400e6b000 ---p 00046000 fc:01 5499                       /usr/lib/x86_64-linux-gnu/libfontconfig.so.1.12.0
7ff400e6b000-7ff400e6d000 r--p 00046000 fc:01 5499                       /usr/lib/x86_64-linux-gnu/libfontconfig.so.1.12.0
7ff400e6d000-7ff400e6e000 rw-p 00048000 fc:01 5499                       /usr/lib/x86_64-linux-gnu/libfontconfig.so.1.12.0
7ff400e6e000-7ff400e7d000 r--p 00000000 fc:01 22709                      /usr/lib/x86_64-linux-gnu/libgobject-2.0.so.0.7200.4
7ff400e7d000-7ff400eb0000 r-xp 0000f000 fc:01 22709                      /usr/lib/x86_64-linux-gnu/libgobject-2.0.so.0.7200.4
7ff400eb0000-7ff400eca000 r--p 00042000 fc:01 22709                      /usr/lib/x86_64-linux-gnu/libgobject-2.0.so.0.7200.4
7ff400eca000-7ff400ecd000 r--p 0005b000 fc:01 22709                      /usr/lib/x86_64-linux-gnu/libgobject-2.0.so.0.7200.4
7ff400ecd000-7ff400ece000 rw-p 0005e000 fc:01 22709                      /usr/lib/x86_64-linux-gnu/libgobject-2.0.so.0.7200.4
7ff400ece000-7ff400ed6000 r--p 00000000 fc:01 19386                      /usr/lib/x86_64-linux-gnu/libgdk_pixbuf-2.0.so.0.4200.8
7ff400ed6000-7ff400ef1000 r-xp 00008000 fc:01 19386                      /usr/lib/x86_64-linux-gnu/libgdk_pixbuf-2.0.so.0.4200.8
7ff400ef1000-7ff400efb000 r--p 00023000 fc:01 19386                      /usr/lib/x86_64-linux-gnu/libgdk_pixbuf-2.0.so.0.4200.8
7ff400efb000-7ff400efc000 ---p 0002d000 fc:01 19386                      /usr/lib/x86_64-linux-gnu/libgdk_pixbuf-2.0.so.0.4200.8
7ff400efc000-7ff400efd000 r--p 0002d000 fc:01 19386                      /usr/lib/x86_64-linux-gnu/libgdk_pixbuf-2.0.so.0.4200.8
7ff400efd000-7ff400efe000 rw-p 0002e000 fc:01 19386                      /usr/lib/x86_64-linux-gnu/libgdk_pixbuf-2.0.so.0.4200.8
7ff400efe000-7ff400eff000 ---p 00000000 00:00 0 
7ff400eff000-7ff401000000 rw-p 00000000 00:00 0 
7ff401000000-7ff401028000 r-xp 00000000 fc:01 74589545                   /tools/Xilinx/Vitis_HLS/2023.2/tps/lnx64/jre11.0.16_1/lib/libjava.so
7ff401028000-7ff401228000 ---p 00028000 fc:01 74589545                   /tools/Xilinx/Vitis_HLS/2023.2/tps/lnx64/jre11.0.16_1/lib/libjava.so
7ff401228000-7ff401229000 r--p 00028000 fc:01 74589545                   /tools/Xilinx/Vitis_HLS/2023.2/tps/lnx64/jre11.0.16_1/lib/libjava.so
7ff401229000-7ff40122a000 rw-p 00029000 fc:01 74589545                   /tools/Xilinx/Vitis_HLS/2023.2/tps/lnx64/jre11.0.16_1/lib/libjava.so
7ff40122a000-7ff40122b000 rw-p 00000000 00:00 0 
7ff40122f000-7ff401241000 r--p 00000000 fc:01 75479                      /usr/lib/x86_64-linux-gnu/libpango-1.0.so.0.5000.6
7ff401241000-7ff401276000 r-xp 00012000 fc:01 75479                      /usr/lib/x86_64-linux-gnu/libpango-1.0.so.0.5000.6
7ff401276000-7ff401291000 r--p 00047000 fc:01 75479                      /usr/lib/x86_64-linux-gnu/libpango-1.0.so.0.5000.6
7ff401291000-7ff401295000 r--p 00061000 fc:01 75479                      /usr/lib/x86_64-linux-gnu/libpango-1.0.so.0.5000.6
7ff401295000-7ff401296000 rw-p 00065000 fc:01 75479                      /usr/lib/x86_64-linux-gnu/libpango-1.0.so.0.5000.6
7ff401296000-7ff40131d000 rw-p 00000000 00:00 0 
7ff40131d000-7ff401400000 ---p 00000000 00:00 0 
7ff401400000-7ff40140d000 r-xp 00000000 fc:01 74589572                   /tools/Xilinx/Vitis_HLS/2023.2/tps/lnx64/jre11.0.16_1/lib/libverify.so
7ff40140d000-7ff40160c000 ---p 0000d000 fc:01 74589572                   /tools/Xilinx/Vitis_HLS/2023.2/tps/lnx64/jre11.0.16_1/lib/libverify.so
7ff40160c000-7ff40160e000 r--p 0000c000 fc:01 74589572                   /tools/Xilinx/Vitis_HLS/2023.2/tps/lnx64/jre11.0.16_1/lib/libverify.so
7ff40160e000-7ff40160f000 rw-p 0000e000 fc:01 74589572                   /tools/Xilinx/Vitis_HLS/2023.2/tps/lnx64/jre11.0.16_1/lib/libverify.so
7ff40160f000-7ff401611000 r--p 00000000 fc:01 75521                      /usr/lib/x86_64-linux-gnu/libXfixes.so.3.1.0
7ff401611000-7ff401614000 r-xp 00002000 fc:01 75521                      /usr/lib/x86_64-linux-gnu/libXfixes.so.3.1.0
7ff401614000-7ff401615000 r--p 00005000 fc:01 75521                      /usr/lib/x86_64-linux-gnu/libXfixes.so.3.1.0
7ff401615000-7ff401616000 r--p 00006000 fc:01 75521                      /usr/lib/x86_64-linux-gnu/libXfixes.so.3.1.0
7ff401616000-7ff401617000 rw-p 00007000 fc:01 75521                      /usr/lib/x86_64-linux-gnu/libXfixes.so.3.1.0
7ff401617000-7ff40162c000 rw-p 00000000 00:00 0 
7ff40162c000-7ff401700000 ---p 00000000 00:00 0 
7ff401700000-7ff401704000 ---p 00000000 00:00 0 
7ff401704000-7ff401800000 rw-p 00000000 00:00 0 
7ff401800000-7ff402a76000 r-xp 00000000 fc:01 73604167                   /tools/Xilinx/Vitis_HLS/2023.2/tps/lnx64/jre11.0.16_1/lib/server/libjvm.so
7ff402a76000-7ff402c76000 ---p 01276000 fc:01 73604167                   /tools/Xilinx/Vitis_HLS/2023.2/tps/lnx64/jre11.0.16_1/lib/server/libjvm.so
7ff402c76000-7ff402d3b000 r--p 01276000 fc:01 73604167                   /tools/Xilinx/Vitis_HLS/2023.2/tps/lnx64/jre11.0.16_1/lib/server/libjvm.so
7ff402d3b000-7ff402d76000 rw-p 0133b000 fc:01 73604167                   /tools/Xilinx/Vitis_HLS/2023.2/tps/lnx64/jre11.0.16_1/lib/server/libjvm.so
7ff402d76000-7ff402dcd000 rw-p 00000000 00:00 0 
7ff402dcd000-7ff402dce000 r--p 00000000 fc:01 75509                      /usr/lib/x86_64-linux-gnu/libwayland-egl.so.1.20.0
7ff402dce000-7ff402dcf000 r-xp 00001000 fc:01 75509                      /usr/lib/x86_64-linux-gnu/libwayland-egl.so.1.20.0
7ff402dcf000-7ff402dd0000 r--p 00002000 fc:01 75509                      /usr/lib/x86_64-linux-gnu/libwayland-egl.so.1.20.0
7ff402dd0000-7ff402dd1000 r--p 00002000 fc:01 75509                      /usr/lib/x86_64-linux-gnu/libwayland-egl.so.1.20.0
7ff402dd1000-7ff402dd2000 rw-p 00003000 fc:01 75509                      /usr/lib/x86_64-linux-gnu/libwayland-egl.so.1.20.0
7ff402dd2000-7ff402dd3000 r--p 00000000 fc:01 75533                      /usr/lib/x86_64-linux-gnu/libXdamage.so.1.1.0
7ff402dd3000-7ff402dd4000 r-xp 00001000 fc:01 75533                      /usr/lib/x86_64-linux-gnu/libXdamage.so.1.1.0
7ff402dd4000-7ff402dd5000 r--p 00002000 fc:01 75533                      /usr/lib/x86_64-linux-gnu/libXdamage.so.1.1.0
7ff402dd5000-7ff402dd6000 r--p 00002000 fc:01 75533                      /usr/lib/x86_64-linux-gnu/libXdamage.so.1.1.0
7ff402dd6000-7ff402dd7000 rw-p 00003000 fc:01 75533                      /usr/lib/x86_64-linux-gnu/libXdamage.so.1.1.0
7ff402dd7000-7ff402dff000 r--p 00000000 fc:01 34156                      /usr/lib/x86_64-linux-gnu/libc.so.6
7ff402dff000-7ff402f94000 r-xp 00028000 fc:01 34156                      /usr/lib/x86_64-linux-gnu/libc.so.6
7ff402f94000-7ff402fec000 r--p 001bd000 fc:01 34156                      /usr/lib/x86_64-linux-gnu/libc.so.6
7ff402fec000-7ff402fed000 ---p 00215000 fc:01 34156                      /usr/lib/x86_64-linux-gnu/libc.so.6
7ff402fed000-7ff402ff1000 r--p 00215000 fc:01 34156                      /usr/lib/x86_64-linux-gnu/libc.so.6
7ff402ff1000-7ff402ff3000 rw-p 00219000 fc:01 34156                      /usr/lib/x86_64-linux-gnu/libc.so.6
7ff402ff3000-7ff403000000 rw-p 00000000 00:00 0 
7ff403000000-7ff403010000 r-xp 00000000 fc:01 74589551                   /tools/Xilinx/Vitis_HLS/2023.2/tps/lnx64/jre11.0.16_1/lib/jli/libjli.so
7ff403010000-7ff40320f000 ---p 00010000 fc:01 74589551                   /tools/Xilinx/Vitis_HLS/2023.2/tps/lnx64/jre11.0.16_1/lib/jli/libjli.so
7ff40320f000-7ff403210000 r--p 0000f000 fc:01 74589551                   /tools/Xilinx/Vitis_HLS/2023.2/tps/lnx64/jre11.0.16_1/lib/jli/libjli.so
7ff403210000-7ff403211000 rw-p 00010000 fc:01 74589551                   /tools/Xilinx/Vitis_HLS/2023.2/tps/lnx64/jre11.0.16_1/lib/jli/libjli.so
7ff403214000-7ff403216000 r--p 00000000 fc:01 75551                      /usr/lib/x86_64-linux-gnu/libXrandr.so.2.2.0
7ff403216000-7ff40321d000 r-xp 00002000 fc:01 75551                      /usr/lib/x86_64-linux-gnu/libXrandr.so.2.2.0
7ff40321d000-7ff40321f000 r--p 00009000 fc:01 75551                      /usr/lib/x86_64-linux-gnu/libXrandr.so.2.2.0
7ff40321f000-7ff403220000 r--p 0000a000 fc:01 75551                      /usr/lib/x86_64-linux-gnu/libXrandr.so.2.2.0
7ff403220000-7ff403221000 rw-p 0000b000 fc:01 75551                      /usr/lib/x86_64-linux-gnu/libXrandr.so.2.2.0
7ff403221000-7ff403225000 r--p 00000000 fc:01 75404                      /usr/lib/x86_64-linux-gnu/libcairo-gobject.so.2.11600.0
7ff403225000-7ff403227000 r-xp 00004000 fc:01 75404                      /usr/lib/x86_64-linux-gnu/libcairo-gobject.so.2.11600.0
7ff403227000-7ff403229000 r--p 00006000 fc:01 75404                      /usr/lib/x86_64-linux-gnu/libcairo-gobject.so.2.11600.0
7ff403229000-7ff40322a000 ---p 00008000 fc:01 75404                      /usr/lib/x86_64-linux-gnu/libcairo-gobject.so.2.11600.0
7ff40322a000-7ff40322c000 r--p 00008000 fc:01 75404                      /usr/lib/x86_64-linux-gnu/libcairo-gobject.so.2.11600.0
7ff40322c000-7ff40322d000 rw-p 0000a000 fc:01 75404                      /usr/lib/x86_64-linux-gnu/libcairo-gobject.so.2.11600.0
7ff40322d000-7ff403232000 r--p 00000000 fc:01 75491                      /usr/lib/x86_64-linux-gnu/libpangocairo-1.0.so.0.5000.6
7ff403232000-7ff40323a000 r-xp 00005000 fc:01 75491                      /usr/lib/x86_64-linux-gnu/libpangocairo-1.0.so.0.5000.6
7ff40323a000-7ff40323c000 r--p 0000d000 fc:01 75491                      /usr/lib/x86_64-linux-gnu/libpangocairo-1.0.so.0.5000.6
7ff40323c000-7ff40323d000 ---p 0000f000 fc:01 75491                      /usr/lib/x86_64-linux-gnu/libpangocairo-1.0.so.0.5000.6
7ff40323d000-7ff40323e000 r--p 0000f000 fc:01 75491                      /usr/lib/x86_64-linux-gnu/libpangocairo-1.0.so.0.5000.6
7ff40323e000-7ff40323f000 rw-p 00010000 fc:01 75491                      /usr/lib/x86_64-linux-gnu/libpangocairo-1.0.so.0.5000.6
7ff403242000-7ff403246000 r--p 00000000 fc:01 73069369                   /tools/Xilinx/Vitis_HLS/2023.2/lib/lnx64.o/libxv_boost_xilinx.so
7ff403246000-7ff403249000 r-xp 00004000 fc:01 73069369                   /tools/Xilinx/Vitis_HLS/2023.2/lib/lnx64.o/libxv_boost_xilinx.so
7ff403249000-7ff40324a000 r--p 00007000 fc:01 73069369                   /tools/Xilinx/Vitis_HLS/2023.2/lib/lnx64.o/libxv_boost_xilinx.so
7ff40324a000-7ff40324b000 ---p 00008000 fc:01 73069369                   /tools/Xilinx/Vitis_HLS/2023.2/lib/lnx64.o/libxv_boost_xilinx.so
7ff40324b000-7ff40324c000 r--p 00008000 fc:01 73069369                   /tools/Xilinx/Vitis_HLS/2023.2/lib/lnx64.o/libxv_boost_xilinx.so
7ff40324c000-7ff40324d000 rw-p 00009000 fc:01 73069369                   /tools/Xilinx/Vitis_HLS/2023.2/lib/lnx64.o/libxv_boost_xilinx.so
7ff40324d000-7ff40324f000 r--p 00000000 fc:01 73165364                   /tools/Xilinx/Vitis_HLS/2023.2/lib/lnx64.o/libxv_commonversion.so
7ff40324f000-7ff403250000 r-xp 00002000 fc:01 73165364                   /tools/Xilinx/Vitis_HLS/2023.2/lib/lnx64.o/libxv_commonversion.so
7ff403250000-7ff403251000 r--p 00003000 fc:01 73165364                   /tools/Xilinx/Vitis_HLS/2023.2/lib/lnx64.o/libxv_commonversion.so
7ff403251000-7ff403252000 r--p 00003000 fc:01 73165364                   /tools/Xilinx/Vitis_HLS/2023.2/lib/lnx64.o/libxv_commonversion.so
7ff403252000-7ff403253000 rw-p 00004000 fc:01 73165364                   /tools/Xilinx/Vitis_HLS/2023.2/lib/lnx64.o/libxv_commonversion.so
7ff403253000-7ff4032b4000 rw-p 00000000 00:00 0 
7ff4032b4000-7ff4032bd000 ---p 00000000 00:00 0 
7ff4032bd000-7ff4032be000 r--p 00000000 fc:01 34170                      /usr/lib/x86_64-linux-gnu/librt.so.1
7ff4032be000-7ff4032bf000 r-xp 00001000 fc:01 34170                      /usr/lib/x86_64-linux-gnu/librt.so.1
7ff4032bf000-7ff4032c0000 r--p 00002000 fc:01 34170                      /usr/lib/x86_64-linux-gnu/librt.so.1
7ff4032c0000-7ff4032c1000 r--p 00002000 fc:01 34170                      /usr/lib/x86_64-linux-gnu/librt.so.1
7ff4032c1000-7ff4032c2000 rw-p 00003000 fc:01 34170                      /usr/lib/x86_64-linux-gnu/librt.so.1
7ff4032c2000-7ff4032d0000 r--p 00000000 fc:01 34159                      /usr/lib/x86_64-linux-gnu/libm.so.6
7ff4032d0000-7ff40334c000 r-xp 0000e000 fc:01 34159                      /usr/lib/x86_64-linux-gnu/libm.so.6
7ff40334c000-7ff4033a7000 r--p 0008a000 fc:01 34159                      /usr/lib/x86_64-linux-gnu/libm.so.6
7ff4033a7000-7ff4033a8000 r--p 000e4000 fc:01 34159                      /usr/lib/x86_64-linux-gnu/libm.so.6
7ff4033a8000-7ff4033a9000 rw-p 000e5000 fc:01 34159                      /usr/lib/x86_64-linux-gnu/libm.so.6
7ff4033a9000-7ff4033ac000 rw-p 00000000 00:00 0 
7ff4033ac000-7ff4033ad000 r--p 00000000 fc:01 34158                      /usr/lib/x86_64-linux-gnu/libdl.so.2
7ff4033ad000-7ff4033ae000 r-xp 00001000 fc:01 34158                      /usr/lib/x86_64-linux-gnu/libdl.so.2
7ff4033ae000-7ff4033af000 r--p 00002000 fc:01 34158                      /usr/lib/x86_64-linux-gnu/libdl.so.2
7ff4033af000-7ff4033b0000 r--p 00002000 fc:01 34158                      /usr/lib/x86_64-linux-gnu/libdl.so.2
7ff4033b0000-7ff4033b1000 rw-p 00003000 fc:01 34158                      /usr/lib/x86_64-linux-gnu/libdl.so.2
7ff4033b1000-7ff4033b3000 rw-p 00000000 00:00 0 
7ff4033b3000-7ff4033b4000 r--p 00000000 fc:01 34168                      /usr/lib/x86_64-linux-gnu/libpthread.so.0
7ff4033b4000-7ff4033b5000 r-xp 00001000 fc:01 34168                      /usr/lib/x86_64-linux-gnu/libpthread.so.0
7ff4033b5000-7ff4033b6000 r--p 00002000 fc:01 34168                      /usr/lib/x86_64-linux-gnu/libpthread.so.0
7ff4033b6000-7ff4033b7000 r--p 00002000 fc:01 34168                      /usr/lib/x86_64-linux-gnu/libpthread.so.0
7ff4033b7000-7ff4033b8000 rw-p 00003000 fc:01 34168                      /usr/lib/x86_64-linux-gnu/libpthread.so.0
7ff4033b8000-7ff4033ba000 r--p 00000000 fc:01 69254                      /usr/lib/x86_64-linux-gnu/libz.so.1.2.11
7ff4033ba000-7ff4033cb000 r-xp 00002000 fc:01 69254                      /usr/lib/x86_64-linux-gnu/libz.so.1.2.11
7ff4033cb000-7ff4033d1000 r--p 00013000 fc:01 69254                      /usr/lib/x86_64-linux-gnu/libz.so.1.2.11
7ff4033d1000-7ff4033d2000 ---p 00019000 fc:01 69254                      /usr/lib/x86_64-linux-gnu/libz.so.1.2.11
7ff4033d2000-7ff4033d3000 r--p 00019000 fc:01 69254                      /usr/lib/x86_64-linux-gnu/libz.so.1.2.11
7ff4033d3000-7ff4033d4000 rw-p 0001a000 fc:01 69254                      /usr/lib/x86_64-linux-gnu/libz.so.1.2.11
7ff4033d4000-7ff4033d5000 r--p 00000000 fc:01 75515                      /usr/lib/x86_64-linux-gnu/libXcomposite.so.1.0.0
7ff4033d5000-7ff4033d6000 r-xp 00001000 fc:01 75515                      /usr/lib/x86_64-linux-gnu/libXcomposite.so.1.0.0
7ff4033d6000-7ff4033d7000 r--p 00002000 fc:01 75515                      /usr/lib/x86_64-linux-gnu/libXcomposite.so.1.0.0
7ff4033d7000-7ff4033d8000 r--p 00002000 fc:01 75515                      /usr/lib/x86_64-linux-gnu/libXcomposite.so.1.0.0
7ff4033d8000-7ff4033d9000 rw-p 00003000 fc:01 75515                      /usr/lib/x86_64-linux-gnu/libXcomposite.so.1.0.0
7ff4033d9000-7ff4033da000 r--p 00000000 fc:01 75539                      /usr/lib/x86_64-linux-gnu/libXinerama.so.1.0.0
7ff4033da000-7ff4033db000 r-xp 00001000 fc:01 75539                      /usr/lib/x86_64-linux-gnu/libXinerama.so.1.0.0
7ff4033db000-7ff4033dc000 r--p 00002000 fc:01 75539                      /usr/lib/x86_64-linux-gnu/libXinerama.so.1.0.0
7ff4033dc000-7ff4033dd000 r--p 00003000 fc:01 75539                      /usr/lib/x86_64-linux-gnu/libXinerama.so.1.0.0
7ff4033dd000-7ff4033de000 rw-p 00004000 fc:01 75539                      /usr/lib/x86_64-linux-gnu/libXinerama.so.1.0.0
7ff4033de000-7ff4033e6000 rw-s 00000000 fc:01 258173                     /tmp/hsperfdata_ven_903/14433 (deleted)
7ff4033e6000-7ff4033e7000 ---p 00000000 00:00 0 
7ff4033e7000-7ff4033e8000 r--p 00000000 00:00 0 
7ff4033e8000-7ff4033ea000 rw-p 00000000 00:00 0 
7ff4033ea000-7ff4033ec000 r--p 00000000 fc:01 34153                      /usr/lib/x86_64-linux-gnu/ld-linux-x86-64.so.2
7ff4033ec000-7ff403416000 r-xp 00002000 fc:01 34153                      /usr/lib/x86_64-linux-gnu/ld-linux-x86-64.so.2
7ff403416000-7ff403421000 r--p 0002c000 fc:01 34153                      /usr/lib/x86_64-linux-gnu/ld-linux-x86-64.so.2
7ff403422000-7ff403424000 r--p 00037000 fc:01 34153                      /usr/lib/x86_64-linux-gnu/ld-linux-x86-64.so.2
7ff403424000-7ff403426000 rw-p 00039000 fc:01 34153                      /usr/lib/x86_64-linux-gnu/ld-linux-x86-64.so.2
7fff804f7000-7fff80519000 rw-p 00000000 00:00 0                          [stack]
7fff805e1000-7fff805e5000 r--p 00000000 00:00 0                          [vvar]
7fff805e5000-7fff805e7000 r-xp 00000000 00:00 0                          [vdso]
ffffffffff600000-ffffffffff601000 --xp 00000000 00:00 0                  [vsyscall]


VM Arguments:
jvm_args: -Xms512m -Xmx4096m -XX:+HeapDumpOnOutOfMemoryError --add-modules=ALL-SYSTEM 
java_command: /tools/Xilinx/Vitis_HLS/2023.2/lnx64/tools/eclipse/plugins/org.eclipse.equinox.launcher_1.5.700.v20200207-2156.jar -showlocation -vm /tools/Xilinx/Vitis_HLS/2023.2/tps/lnx64/jre11.0.16_1/bin/java -clean -configuration /home/ven_903/.Xilinx/vitis_hls/2023.2/workspace4 -data /home/ven_903/.Xilinx/vitis_hls/2023.2/workspace4 -perspective com.autoesl.autopilot.ui.platform.perspective -application com.autoesl.autopilot.ui.platform.application -showsplash /tools/Xilinx/Vitis_HLS/2023.2/common/icons/splash_dark.bmp
java_class_path (initial): /tools/Xilinx/Vitis_HLS/2023.2/lnx64/tools/eclipse/plugins/org.eclipse.equinox.launcher_1.5.700.v20200207-2156.jar
Launcher Type: SUN_STANDARD

[Global flags]
     intx CICompilerCount                          = 12                                        {product} {ergonomic}
     uint ConcGCThreads                            = 3                                         {product} {ergonomic}
     uint G1ConcRefinementThreads                  = 13                                        {product} {ergonomic}
   size_t G1HeapRegionSize                         = 1048576                                   {product} {ergonomic}
    uintx GCDrainStackTargetSize                   = 64                                        {product} {ergonomic}
     bool HeapDumpOnOutOfMemoryError               = true                                   {manageable} {command line}
   size_t InitialHeapSize                          = 536870912                                 {product} {command line}
   size_t MarkStackSize                            = 4194304                                   {product} {ergonomic}
   size_t MaxHeapSize                              = 4294967296                                {product} {command line}
   size_t MaxNewSize                               = 2576351232                                {product} {ergonomic}
   size_t MinHeapDeltaBytes                        = 1048576                                   {product} {ergonomic}
    uintx NonNMethodCodeHeapSize                   = 7594288                                {pd product} {ergonomic}
    uintx NonProfiledCodeHeapSize                  = 122031976                              {pd product} {ergonomic}
    uintx ProfiledCodeHeapSize                     = 122031976                              {pd product} {ergonomic}
    uintx ReservedCodeCacheSize                    = 251658240                              {pd product} {ergonomic}
     bool SegmentedCodeCache                       = true                                      {product} {ergonomic}
     bool UseCompressedClassPointers               = true                                 {lp64_product} {ergonomic}
     bool UseCompressedOops                        = true                                 {lp64_product} {ergonomic}
     bool UseG1GC                                  = true                                      {product} {ergonomic}

Logging:
Log output configuration:
 #0: stdout all=warning uptime,level,tags
 #1: stderr all=off uptime,level,tags

Environment Variables:
PATH=/tools/Xilinx/Vivado/2023.2/tps/lnx64/binutils-2.37/bin:/tools/Xilinx/Vitis_HLS/2023.2/tps/lnx64/gcc-8.3.0/bin:/tools/Xilinx/Vitis_HLS/2023.2/bin:/tools/Xilinx/Vitis_HLS/2023.2/lnx64/bin:/tools/Xilinx/Vitis_HLS/2023.2/lnx64/tools/bin:/tools/Xilinx/Vitis_HLS/2023.2/tps/lnx64/gdb-9.2/bin:/tools/Xilinx/Vitis_HLS/2023.2/tps/lnx64/jre11.0.16_1/bin:/tools/Xilinx/Vivado/2023.2/tps/lnx64/binutils-2.37/bin:/tools/Xilinx/Vitis_HLS/2023.2/tps/lnx64/gcc-8.3.0/bin:/tools/Xilinx/Vitis_HLS/2023.2/bin:/tools/Xilinx/Vitis_HLS/2023.2/lnx64/bin:/tools/Xilinx/Vitis_HLS/2023.2/lnx64/tools/bin:/tools/Xilinx/Vitis_HLS/2023.2/tps/lnx64/gdb-9.2/bin:/tools/Xilinx/Vitis_HLS/2023.2/tps/lnx64/jre11.0.16_1/bin:/tools/Xilinx/Vivado/2023.2/gnu/microblaze/lin/bin:/tools/Xilinx/Vitis_HLS/2023.2/bin:/tools/Xilinx/Vitis_HLS/2023.2/tps/lnx64/jre11.0.16_1/bin:/tools/Xilinx/Vitis/2023.2/bin:/tools/Xilinx/Vitis/2023.2/gnu/microblaze/lin/bin:/tools/Xilinx/Vitis/2023.2/gnu/microblaze/linux_toolchain/lin64_le/bin:/tools/Xilinx/Vitis/2023.2/gnu/aarch32/lin/gcc-arm-linux-gnueabi/bin:/tools/Xilinx/Vitis/2023.2/gnu/aarch32/lin/gcc-arm-none-eabi/bin:/tools/Xilinx/Vitis/2023.2/gnu/aarch64/lin/aarch64-linux/bin:/tools/Xilinx/Vitis/2023.2/gnu/aarch64/lin/aarch64-none/bin:/tools/Xilinx/Vitis/2023.2/gnu/armr5/lin/gcc-arm-none-eabi/bin:/tools/Xilinx/Vitis/2023.2/tps/lnx64/cmake-3.3.2/bin:/tools/Xilinx/Vitis/2023.2/aietools/bin:/tools/Xilinx/Vitis/2023.2/gnu/riscv/lin/riscv64-unknown-elf/bin:/tools/Xilinx/Vivado/2023.2/bin:/tools/Xilinx/DocNav:/usr/local/sbin:/usr/local/bin:/usr/sbin:/usr/bin:/sbin:/bin:/usr/games:/usr/local/games:/snap/bin
LD_LIBRARY_PATH=/tools/Xilinx/Vitis_HLS/2023.2/tps/lnx64/dot-2.28/lib:/tools/Xilinx/Vitis_HLS/2023.2/lnx64/bin:/tools/Xilinx/Vitis_HLS/2023.2/tps/lnx64/dot-2.28/lib:/tools/Xilinx/Vitis_HLS/2023.2/lnx64/bin:/tools/Xilinx/Vitis_HLS/2023.2/lib/lnx64.o/Ubuntu/22:/tools/Xilinx/Vitis_HLS/2023.2/lib/lnx64.o/Ubuntu:/tools/Xilinx/Vitis_HLS/2023.2/lib/lnx64.o:/tools/Xilinx/Vitis_HLS/2023.2/tps/lnx64/jre11.0.16_1/lib/:/tools/Xilinx/Vitis_HLS/2023.2/tps/lnx64/jre11.0.16_1/lib//server:/tools/Xilinx/Vitis_HLS/2023.2/bin/../lnx64/tools/dot/lib:/tools/Xilinx/Vitis_HLS/2023.2/lnx64/tools/fpo_v7_0:/tools/Xilinx/Vitis_HLS/2023.2/lnx64/tools/fft_v9_1:/tools/Xilinx/Vitis_HLS/2023.2/lnx64/tools/fir_v7_0:/tools/Xilinx/Vitis_HLS/2023.2/lnx64/tools/dds_v6_0:/tools/Xilinx/Vitis_HLS/2023.2/lnx64/lib/csim:/tools/Xilinx/Vitis_HLS/2023.2/lnx64/tools/fpo_v7_0:/tools/Xilinx/Vitis_HLS/2023.2/lnx64/tools/fft_v9_1:/tools/Xilinx/Vitis_HLS/2023.2/lnx64/tools/fir_v7_0:/tools/Xilinx/Vitis_HLS/2023.2/lnx64/tools/dds_v6_0:/tools/Xilinx/Vitis_HLS/2023.2/lnx64/lib/csim
SHELL=/bin/bash
LANG=en_US.UTF-8
LC_ALL=en_US.UTF-8

Signal Handlers:
SIGSEGV: [libjvm.so+0xf48ea0], sa_mask[0]=11111111011111111101111111111110, sa_flags=SA_RESTART|SA_SIGINFO
SIGBUS: [libjvm.so+0xf48ea0], sa_mask[0]=11111111011111111101111111111110, sa_flags=SA_RESTART|SA_SIGINFO
SIGFPE: [libjvm.so+0xf48ea0], sa_mask[0]=11111111011111111101111111111110, sa_flags=SA_RESTART|SA_SIGINFO
SIGPIPE: SIG_IGN, sa_mask[0]=00000000000010000000000000000000, sa_flags=SA_RESTART
SIGXFSZ: [libjvm.so+0xc6ad60], sa_mask[0]=11111111011111111101111111111110, sa_flags=SA_RESTART|SA_SIGINFO
SIGILL: [libjvm.so+0xf48ea0], sa_mask[0]=11111111011111111101111111111110, sa_flags=SA_RESTART|SA_SIGINFO
SIGUSR2: [libjvm.so+0xc6ac00], sa_mask[0]=00000000000000000000000000000000, sa_flags=SA_RESTART|SA_SIGINFO
SIGHUP: [libjvm.so+0xc6b230], sa_mask[0]=11111111011111111101111111111110, sa_flags=SA_RESTART|SA_SIGINFO
SIGINT: [libjvm.so+0xc6b230], sa_mask[0]=11111111011111111101111111111110, sa_flags=SA_RESTART|SA_SIGINFO
SIGTERM: [libjvm.so+0xc6b230], sa_mask[0]=11111111011111111101111111111110, sa_flags=SA_RESTART|SA_SIGINFO
SIGQUIT: [libjvm.so+0xc6b230], sa_mask[0]=11111111011111111101111111111110, sa_flags=SA_RESTART|SA_SIGINFO


---------------  S Y S T E M  ---------------

OS:DISTRIB_ID=Ubuntu
DISTRIB_RELEASE=22.04
DISTRIB_CODENAME=jammy
DISTRIB_DESCRIPTION="Ubuntu 22.04.1 LTS"
uname:Linux 5.15.0-153-generic #163-Ubuntu SMP Thu Aug 7 16:37:18 UTC 2025 x86_64
OS uptime: 61 days 10:26 hours
libc:glibc 2.35 NPTL 2.35 
rlimit (soft/hard): STACK 8192k/infinity , CORE 0k/infinity , NPROC 515061/515061 , NOFILE 1048576/1048576 , AS infinity/infinity , CPU infinity/infinity , DATA infinity/infinity , FSIZE infinity/infinity , MEMLOCK 16487708k/16487708k
load average:3.93 2.62 2.19

/proc/meminfo:
MemTotal:       131901688 kB
MemFree:        39073776 kB
MemAvailable:   44375564 kB
Buffers:          294352 kB
Cached:          6287028 kB
SwapCached:            0 kB
Active:          3254276 kB
Inactive:       86783268 kB
Active(anon):     177640 kB
Inactive(anon): 84092492 kB
Active(file):    3076636 kB
Inactive(file):  2690776 kB
Unevictable:       44576 kB
Mlocked:           28080 kB
SwapTotal:             0 kB
SwapFree:              0 kB
Dirty:               572 kB
Writeback:             0 kB
AnonPages:      83500904 kB
Mapped:          1991696 kB
Shmem:            934232 kB
KReclaimable:     828060 kB
Slab:            1709392 kB
SReclaimable:     828060 kB
SUnreclaim:       881332 kB
KernelStack:      194528 kB
PageTables:       568504 kB
NFS_Unstable:          0 kB
Bounce:                0 kB
WritebackTmp:          0 kB
CommitLimit:    65950844 kB
Committed_AS:   197788104 kB
VmallocTotal:   34359738367 kB
VmallocUsed:      236964 kB
VmallocChunk:          0 kB
Percpu:           101248 kB
HardwareCorrupted:     0 kB
AnonHugePages:         0 kB
ShmemHugePages:        0 kB
ShmemPmdMapped:        0 kB
FileHugePages:         0 kB
FilePmdMapped:         0 kB
HugePages_Total:       0
HugePages_Free:        0
HugePages_Rsvd:        0
HugePages_Surp:        0
Hugepagesize:       2048 kB
Hugetlb:               0 kB
DirectMap4k:     2991980 kB
DirectMap2M:    58873856 kB
DirectMap1G:    74448896 kB

/sys/kernel/mm/transparent_hugepage/enabled:
always [madvise] never
/sys/kernel/mm/transparent_hugepage/defrag (defrag/compaction efforts parameter):
always defer defer+madvise [madvise] never

Process Memory:
Virtual Size: 10804356K (peak: 10869892K)
Resident Set Size: 700964K (peak: 700964K) (anon: 579368K, file: 121596K, shmem: 0K)
Swapped out: 0K
C-Heap outstanding allocations: 152534K, retained: 166209K
glibc malloc tunables: (default)

/proc/sys/kernel/threads-max (system-wide limit on the number of threads):
1030123
/proc/sys/vm/max_map_count (maximum number of memory map areas a process may have):
65530
/proc/sys/kernel/pid_max (system-wide limit on number of process identifiers):
4194304

container (cgroup) information:
container_type: cgroupv2
cpu_cpuset_cpus: not supported
cpu_memory_nodes: not supported
active_processor_count: 16
cpu_quota: not supported
cpu_period: not supported
cpu_shares: not supported
memory_limit_in_bytes: unlimited
memory_and_swap_limit_in_bytes: unlimited
memory_soft_limit_in_bytes: unlimited
memory_usage_in_bytes: 875696128
memory_max_usage_in_bytes: not supported

KVM virtualization detected
Steal ticks since vm start: 1
Steal ticks percentage since vm start:  0.000

CPU:total 16 (initial active 16) (1 cores per cpu, 1 threads per core) family 6 model 85 stepping 6 microcode 0x1, cmov, cx8, fxsr, mmx, sse, sse2, sse3, ssse3, sse4.1, sse4.2, popcnt, avx, avx2, aes, clmul, erms, 3dnowpref, lzcnt, tsc, bmi1, bmi2, adx, evex, fma
CPU Model and flags from /proc/cpuinfo:
model name	: Intel Xeon Processor (Cascadelake)
flags		: fpu vme de pse tsc msr pae mce cx8 apic sep mtrr pge mca cmov pat pse36 clflush mmx fxsr sse sse2 ss syscall nx pdpe1gb rdtscp lm constant_tsc rep_good nopl xtopology cpuid tsc_known_freq pni pclmulqdq vmx ssse3 fma cx16 pcid sse4_1 sse4_2 x2apic movbe popcnt tsc_deadline_timer aes xsave avx f16c rdrand hypervisor lahf_lm abm 3dnowprefetch cpuid_fault invpcid_single ssbd ibrs ibpb stibp ibrs_enhanced tpr_shadow vnmi flexpriority ept vpid ept_ad fsgsbase tsc_adjust bmi1 avx2 smep bmi2 erms invpcid avx512f avx512dq rdseed adx smap clflushopt clwb avx512cd avx512bw avx512vl xsaveopt xsavec xgetbv1 xsaves arat umip pku ospke avx512_vnni md_clear arch_capabilities
Online cpus:
0-15
Offline cpus:

BIOS frequency limitation:
<Not Available>
Frequency switch latency (ns):
<Not Available>
Available cpu frequencies:
<Not Available>
Current governor:
<Not Available>
Core performance/turbo boost:
<Not Available>

Memory: 4k page, physical 131901688k(39073776k free), swap 0k(0k free)

vm_info: OpenJDK 64-Bit Server VM (11.0.16.1+1) for linux-amd64 JRE (11.0.16.1+1), built on Aug 16 2022 07:24:27 by "" with gcc 7.5.0

END.
